2026-08-02 14:35:04 [main] INFO  c.i.backend.BackendApplication - Starting BackendApplication using Java 25.0.2 with PID 13296 (C:\internship\mini project\Task-Management\backend\target\classes started by LoQ in C:\internship\mini project\Task-Management)
2026-08-02 14:35:04 [main] DEBUG c.i.backend.BackendApplication - Running with Spring Boot v4.1.0, Spring v7.0.8
2026-08-02 14:35:04 [main] INFO  c.i.backend.BackendApplication - No active profile set, falling back to 1 default profile: "default"
2026-08-02 14:35:04 [main] INFO  o.s.d.r.c.RepositoryConfigurationDelegate - Bootstrapping Spring Data JPA repositories in DEFAULT mode.
2026-08-02 14:35:04 [main] INFO  o.s.d.r.c.RepositoryConfigurationDelegate - Finished Spring Data repository scanning in 39 ms. Found 2 JPA repository interfaces.
2026-08-02 14:35:05 [main] INFO  o.s.boot.tomcat.TomcatWebServer - Tomcat initialized with port 8080 (http)
2026-08-02 14:35:05 [main] INFO  o.a.catalina.core.StandardService - Starting service [Tomcat]
2026-08-02 14:35:05 [main] INFO  o.a.catalina.core.StandardEngine - Starting Servlet engine: [Apache Tomcat/11.0.22]
2026-08-02 14:35:05 [main] INFO  o.s.b.w.c.s.WebApplicationContextInitializer - Root WebApplicationContext: initialization completed in 1105 ms
2026-08-02 14:35:05 [main] INFO  org.hibernate.orm.jpa - HHH008540: Processing PersistenceUnitInfo [name: default]
2026-08-02 14:35:05 [main] INFO  org.hibernate.orm.core - HHH000001: Hibernate ORM core version 7.4.1.Final
2026-08-02 14:35:06 [main] INFO  o.s.o.j.p.SpringPersistenceUnitInfo - No LoadTimeWeaver setup: ignoring JPA class transformer
2026-08-02 14:35:06 [main] INFO  com.zaxxer.hikari.HikariDataSource - HikariPool-1 - Starting...
2026-08-02 14:35:06 [main] INFO  com.zaxxer.hikari.pool.HikariPool - HikariPool-1 - Added connection org.postgresql.jdbc.PgConnection@71d99732
2026-08-02 14:35:06 [main] INFO  com.zaxxer.hikari.HikariDataSource - HikariPool-1 - Start completed.
2026-08-02 14:35:06 [main] WARN  org.hibernate.orm.deprecation - HHH90000025: PostgreSQLDialect does not need to be specified explicitly using 'hibernate.dialect' (remove the property setting and it will be selected by default)
2026-08-02 14:35:06 [main] INFO  o.hibernate.orm.connections.pooling - HHH10001005: Database info:
	Database JDBC URL [jdbc:postgresql://localhost:5432/task_management_db]
	Database driver: PostgreSQL JDBC Driver
	Database dialect: PostgreSQLDialect
	Database version: 16.14
	Default catalog/schema: task_management_db/public
	Autocommit mode: undefined/unknown
	Isolation level: READ_COMMITTED [default READ_COMMITTED]
	JDBC fetch size: none
	Pool: DataSourceConnectionProvider
	Minimum pool size: undefined/unknown
	Maximum pool size: undefined/unknown
2026-08-02 14:35:07 [main] INFO  org.hibernate.orm.core - HHH000489: No JTA platform available (set 'hibernate.transaction.jta.platform' to enable JTA platform integration)
2026-08-02 14:35:07 [main] INFO  o.s.o.j.LocalContainerEntityManagerFactoryBean - Initialized JPA EntityManagerFactory for persistence unit 'default'
2026-08-02 14:35:07 [main] INFO  o.s.d.j.r.q.QueryEnhancerFactories - Hibernate is in classpath; If applicable, HQL parser will be used.
2026-08-02 14:35:07 [main] DEBUG c.i.b.s.JwtAuthenticationFilter - Filter 'jwtAuthenticationFilter' configured for use
2026-08-02 14:35:07 [main] INFO  o.s.s.c.a.a.c.InitializeAuthenticationProviderBeanManagerConfigurer$InitializeAuthenticationProviderManagerConfigurer - Global AuthenticationManager configured with AuthenticationProvider bean with name authenticationProvider
2026-08-02 14:35:07 [main] WARN  o.s.s.c.a.a.c.InitializeUserDetailsBeanManagerConfigurer$InitializeUserDetailsManagerConfigurer - Global AuthenticationManager configured with an AuthenticationProvider bean. UserDetailsService beans will not be used by Spring Security for automatically configuring username/password login. Consider removing the AuthenticationProvider bean. Alternatively, consider using the UserDetailsService in a manually instantiated DaoAuthenticationProvider. If the current configuration is intentional, to turn off this warning, increase the logging level of 'org.springframework.security.config.annotation.authentication.configuration.InitializeUserDetailsBeanManagerConfigurer' to ERROR
2026-08-02 14:35:07 [main] WARN  o.s.b.j.a.JpaBaseConfiguration$JpaWebConfiguration - spring.jpa.open-in-view is enabled by default. Therefore, database queries may be performed during view rendering. Explicitly configure spring.jpa.open-in-view to disable this warning
2026-08-02 14:35:08 [main] INFO  o.s.boot.tomcat.TomcatWebServer - Tomcat started on port 8080 (http) with context path '/'
2026-08-02 14:35:08 [main] INFO  c.i.backend.BackendApplication - Started BackendApplication in 4.219 seconds (process running for 4.554)
2026-08-02 14:35:39 [http-nio-8080-exec-1] INFO  o.a.c.c.C.[Tomcat].[localhost].[/] - Initializing Spring DispatcherServlet 'dispatcherServlet'
2026-08-02 14:35:39 [http-nio-8080-exec-1] INFO  o.s.web.servlet.DispatcherServlet - Initializing Servlet 'dispatcherServlet'
2026-08-02 14:35:39 [http-nio-8080-exec-1] INFO  o.s.web.servlet.DispatcherServlet - Completed initialization in 1 ms
2026-08-02 14:35:39 [http-nio-8080-exec-1] DEBUG c.i.b.s.JwtAuthenticationFilter - Processing request - Method: POST, Path: /register
2026-08-02 14:35:39 [http-nio-8080-exec-1] DEBUG c.i.b.s.JwtAuthenticationFilter - No valid Authorization header found for request: POST /register
2026-08-02 14:41:06 [http-nio-8080-exec-7] DEBUG c.i.b.s.JwtAuthenticationFilter - Processing request - Method: POST, Path: /register
2026-08-02 14:41:06 [http-nio-8080-exec-7] DEBUG c.i.b.s.JwtAuthenticationFilter - No valid Authorization header found for request: POST /register
2026-08-02 14:41:56 [http-nio-8080-exec-5] DEBUG c.i.b.s.JwtAuthenticationFilter - Processing request - Method: POST, Path: /auth/register
2026-08-02 14:41:56 [http-nio-8080-exec-5] DEBUG c.i.b.s.JwtAuthenticationFilter - No valid Authorization header found for request: POST /auth/register
2026-08-02 14:42:05 [http-nio-8080-exec-6] DEBUG c.i.b.s.JwtAuthenticationFilter - Processing request - Method: POST, Path: /auth/register
2026-08-02 14:42:05 [http-nio-8080-exec-6] DEBUG c.i.b.s.JwtAuthenticationFilter - No valid Authorization header found for request: POST /auth/register
2026-08-02 14:50:57 [http-nio-8080-exec-8] DEBUG c.i.b.s.JwtAuthenticationFilter - Processing request - Method: POST, Path: /api/auth/register
2026-08-02 14:50:57 [http-nio-8080-exec-8] DEBUG c.i.b.s.JwtAuthenticationFilter - No valid Authorization header found for request: POST /api/auth/register
2026-08-02 14:50:57 [http-nio-8080-exec-8] INFO  c.i.b.controller.AuthController - Processing registration request for username: anwer
2026-08-02 14:50:57 [http-nio-8080-exec-8] DEBUG c.i.backend.service.AuthService - Starting registration process for username: anwer
2026-08-02 14:50:57 [http-nio-8080-exec-8] DEBUG c.i.backend.service.AuthService - Username availability check passed for: anwer
2026-08-02 14:50:57 [http-nio-8080-exec-8] DEBUG c.i.backend.service.AuthService - Encrypting password for username: anwer
2026-08-02 14:50:58 [http-nio-8080-exec-8] DEBUG c.i.backend.service.AuthService - Saving user to database: anwer
2026-08-02 14:50:58 [http-nio-8080-exec-8] INFO  c.i.backend.service.AuthService - User saved successfully to database: anwer
2026-08-02 14:50:58 [http-nio-8080-exec-8] DEBUG c.i.backend.service.AuthService - Generating JWT token for username: anwer
2026-08-02 14:50:58 [http-nio-8080-exec-8] DEBUG c.i.backend.security.JwtService - Generating JWT token for username: anwer
2026-08-02 14:50:58 [http-nio-8080-exec-8] DEBUG c.i.backend.security.JwtService - Retrieving signing key for JWT
2026-08-02 14:50:58 [http-nio-8080-exec-8] DEBUG c.i.backend.security.JwtService - Signing key retrieved successfully
2026-08-02 14:50:58 [http-nio-8080-exec-8] INFO  c.i.backend.security.JwtService - JWT token generated successfully for username: anwer - Expiration: Mon Aug 03 14:50:58 EEST 2026
2026-08-02 14:50:58 [http-nio-8080-exec-8] DEBUG c.i.backend.security.JwtService - JWT token length: 152 characters
2026-08-02 14:50:58 [http-nio-8080-exec-8] DEBUG c.i.backend.service.AuthService - JWT token generated successfully for username: anwer
2026-08-02 14:50:58 [http-nio-8080-exec-8] INFO  c.i.backend.service.AuthService - Registration completed successfully for username: anwer
2026-08-02 14:50:58 [http-nio-8080-exec-8] INFO  c.i.b.controller.AuthController - Registration successful for username: anwer - Duration: 1023ms
2026-08-02 14:51:08 [http-nio-8080-exec-9] DEBUG c.i.b.s.JwtAuthenticationFilter - Processing request - Method: POST, Path: /api/auth/login
2026-08-02 14:51:08 [http-nio-8080-exec-9] DEBUG c.i.b.s.JwtAuthenticationFilter - No valid Authorization header found for request: POST /api/auth/login
2026-08-02 14:51:08 [http-nio-8080-exec-9] INFO  c.i.b.controller.AuthController - Processing login request for username: anwer
2026-08-02 14:51:08 [http-nio-8080-exec-9] DEBUG c.i.backend.service.AuthService - Starting login process for username: anwer
2026-08-02 14:51:08 [http-nio-8080-exec-9] DEBUG c.i.backend.service.AuthService - Authenticating credentials for username: anwer
2026-08-02 14:51:08 [http-nio-8080-exec-9] DEBUG c.i.backend.service.AuthService - Authentication successful for username: anwer
2026-08-02 14:51:08 [http-nio-8080-exec-9] DEBUG c.i.backend.service.AuthService - Fetching user details from database for username: anwer
2026-08-02 14:51:08 [http-nio-8080-exec-9] DEBUG c.i.backend.service.AuthService - User details fetched successfully for username: anwer
2026-08-02 14:51:08 [http-nio-8080-exec-9] DEBUG c.i.backend.service.AuthService - Generating JWT token for login - username: anwer
2026-08-02 14:51:08 [http-nio-8080-exec-9] DEBUG c.i.backend.security.JwtService - Generating JWT token for username: anwer
2026-08-02 14:51:08 [http-nio-8080-exec-9] DEBUG c.i.backend.security.JwtService - Retrieving signing key for JWT
2026-08-02 14:51:08 [http-nio-8080-exec-9] DEBUG c.i.backend.security.JwtService - Signing key retrieved successfully
2026-08-02 14:51:08 [http-nio-8080-exec-9] INFO  c.i.backend.security.JwtService - JWT token generated successfully for username: anwer - Expiration: Mon Aug 03 14:51:08 EEST 2026
2026-08-02 14:51:08 [http-nio-8080-exec-9] DEBUG c.i.backend.security.JwtService - JWT token length: 152 characters
2026-08-02 14:51:08 [http-nio-8080-exec-9] DEBUG c.i.backend.service.AuthService - JWT token generated successfully for login - username: anwer
2026-08-02 14:51:08 [http-nio-8080-exec-9] INFO  c.i.backend.service.AuthService - Login completed successfully for username: anwer
2026-08-02 14:51:08 [http-nio-8080-exec-9] INFO  c.i.b.controller.AuthController - Login successful for username: anwer - Duration: 211ms
2026-08-02 14:51:08 [http-nio-8080-exec-10] DEBUG c.i.b.s.JwtAuthenticationFilter - Processing request - Method: GET, Path: /api/tasks
2026-08-02 14:51:08 [http-nio-8080-exec-10] DEBUG c.i.b.s.JwtAuthenticationFilter - JWT token extracted from Authorization header for request: GET /api/tasks
2026-08-02 14:51:08 [http-nio-8080-exec-10] DEBUG c.i.backend.security.JwtService - Extracting username from JWT token
2026-08-02 14:51:08 [http-nio-8080-exec-10] DEBUG c.i.backend.security.JwtService - Extracting claim from JWT token
2026-08-02 14:51:08 [http-nio-8080-exec-10] DEBUG c.i.backend.security.JwtService - Retrieving signing key for JWT
2026-08-02 14:51:08 [http-nio-8080-exec-10] DEBUG c.i.backend.security.JwtService - Signing key retrieved successfully
2026-08-02 14:51:08 [http-nio-8080-exec-10] DEBUG c.i.backend.security.JwtService - Claims extracted successfully from JWT token
2026-08-02 14:51:08 [http-nio-8080-exec-10] DEBUG c.i.backend.security.JwtService - Username extracted successfully from JWT: anwer
2026-08-02 14:51:08 [http-nio-8080-exec-10] DEBUG c.i.b.s.JwtAuthenticationFilter - Username extracted from JWT: anwer
2026-08-02 14:51:08 [http-nio-8080-exec-10] DEBUG c.i.b.s.JwtAuthenticationFilter - Attempting to authenticate user: anwer for request: GET /api/tasks
2026-08-02 14:51:08 [http-nio-8080-exec-10] DEBUG c.i.b.s.JwtAuthenticationFilter - User details found for username: anwer
2026-08-02 14:51:08 [http-nio-8080-exec-10] DEBUG c.i.backend.security.JwtService - Validating JWT token for username: anwer
2026-08-02 14:51:08 [http-nio-8080-exec-10] DEBUG c.i.backend.security.JwtService - Extracting username from JWT token
2026-08-02 14:51:08 [http-nio-8080-exec-10] DEBUG c.i.backend.security.JwtService - Extracting claim from JWT token
2026-08-02 14:51:08 [http-nio-8080-exec-10] DEBUG c.i.backend.security.JwtService - Retrieving signing key for JWT
2026-08-02 14:51:08 [http-nio-8080-exec-10] DEBUG c.i.backend.security.JwtService - Signing key retrieved successfully
2026-08-02 14:51:08 [http-nio-8080-exec-10] DEBUG c.i.backend.security.JwtService - Claims extracted successfully from JWT token
2026-08-02 14:51:08 [http-nio-8080-exec-10] DEBUG c.i.backend.security.JwtService - Username extracted successfully from JWT: anwer
2026-08-02 14:51:08 [http-nio-8080-exec-10] DEBUG c.i.backend.security.JwtService - Checking if JWT token is expired
2026-08-02 14:51:08 [http-nio-8080-exec-10] DEBUG c.i.backend.security.JwtService - Extracting expiration date from JWT token
2026-08-02 14:51:08 [http-nio-8080-exec-10] DEBUG c.i.backend.security.JwtService - Extracting claim from JWT token
2026-08-02 14:51:08 [http-nio-8080-exec-10] DEBUG c.i.backend.security.JwtService - Retrieving signing key for JWT
2026-08-02 14:51:08 [http-nio-8080-exec-10] DEBUG c.i.backend.security.JwtService - Signing key retrieved successfully
2026-08-02 14:51:08 [http-nio-8080-exec-10] DEBUG c.i.backend.security.JwtService - Claims extracted successfully from JWT token
2026-08-02 14:51:08 [http-nio-8080-exec-10] DEBUG c.i.backend.security.JwtService - Expiration date extracted: Mon Aug 03 14:51:08 EEST 2026
2026-08-02 14:51:08 [http-nio-8080-exec-10] DEBUG c.i.backend.security.JwtService - Token expiration check - Expiration Date: Mon Aug 03 14:51:08 EEST 2026, Current Date: Sun Aug 02 14:51:08 EEST 2026, Is Expired: false
2026-08-02 14:51:08 [http-nio-8080-exec-10] DEBUG c.i.backend.security.JwtService - Token validation details - Username: anwer, Username Match: true, Is Expired: false
2026-08-02 14:51:08 [http-nio-8080-exec-10] DEBUG c.i.backend.security.JwtService - JWT token validation successful for username: anwer
2026-08-02 14:51:08 [http-nio-8080-exec-10] DEBUG c.i.b.s.JwtAuthenticationFilter - JWT token validation successful for user: anwer
2026-08-02 14:51:08 [http-nio-8080-exec-10] INFO  c.i.b.s.JwtAuthenticationFilter - User authenticated successfully - Username: anwer, Request: GET /api/tasks
2026-08-02 14:51:08 [http-nio-8080-exec-10] INFO  c.i.b.controller.TaskController - Fetching tasks for user: anwer - Status filter: null, Priority filter: null
2026-08-02 14:51:08 [http-nio-8080-exec-10] DEBUG c.i.backend.service.TaskService - Fetching tasks for user: anwer - Status filter: null, Priority filter: null
2026-08-02 14:51:08 [http-nio-8080-exec-10] DEBUG c.i.backend.service.TaskService - Querying all tasks for user: anwer
2026-08-02 14:51:08 [http-nio-8080-exec-10] INFO  c.i.backend.service.TaskService - Retrieved 0 tasks for user: anwer
2026-08-02 14:51:08 [http-nio-8080-exec-10] DEBUG c.i.backend.service.TaskService - Converted 0 tasks to response DTOs for user: anwer
2026-08-02 14:51:08 [http-nio-8080-exec-10] INFO  c.i.b.controller.TaskController - Tasks fetched successfully for user: anwer - Count: 0 - Duration: 19ms
2026-08-02 14:51:14 [http-nio-8080-exec-2] DEBUG c.i.b.s.JwtAuthenticationFilter - Processing request - Method: GET, Path: /api/tasks/null
2026-08-02 14:51:14 [http-nio-8080-exec-2] DEBUG c.i.b.s.JwtAuthenticationFilter - JWT token extracted from Authorization header for request: GET /api/tasks/null
2026-08-02 14:51:14 [http-nio-8080-exec-2] DEBUG c.i.backend.security.JwtService - Extracting username from JWT token
2026-08-02 14:51:14 [http-nio-8080-exec-2] DEBUG c.i.backend.security.JwtService - Extracting claim from JWT token
2026-08-02 14:51:14 [http-nio-8080-exec-2] DEBUG c.i.backend.security.JwtService - Retrieving signing key for JWT
2026-08-02 14:51:14 [http-nio-8080-exec-2] DEBUG c.i.backend.security.JwtService - Signing key retrieved successfully
2026-08-02 14:51:14 [http-nio-8080-exec-2] DEBUG c.i.backend.security.JwtService - Claims extracted successfully from JWT token
2026-08-02 14:51:14 [http-nio-8080-exec-2] DEBUG c.i.backend.security.JwtService - Username extracted successfully from JWT: anwer
2026-08-02 14:51:14 [http-nio-8080-exec-2] DEBUG c.i.b.s.JwtAuthenticationFilter - Username extracted from JWT: anwer
2026-08-02 14:51:14 [http-nio-8080-exec-2] DEBUG c.i.b.s.JwtAuthenticationFilter - Attempting to authenticate user: anwer for request: GET /api/tasks/null
2026-08-02 14:51:14 [http-nio-8080-exec-2] DEBUG c.i.b.s.JwtAuthenticationFilter - User details found for username: anwer
2026-08-02 14:51:14 [http-nio-8080-exec-2] DEBUG c.i.backend.security.JwtService - Validating JWT token for username: anwer
2026-08-02 14:51:14 [http-nio-8080-exec-2] DEBUG c.i.backend.security.JwtService - Extracting username from JWT token
2026-08-02 14:51:14 [http-nio-8080-exec-2] DEBUG c.i.backend.security.JwtService - Extracting claim from JWT token
2026-08-02 14:51:14 [http-nio-8080-exec-2] DEBUG c.i.backend.security.JwtService - Retrieving signing key for JWT
2026-08-02 14:51:14 [http-nio-8080-exec-2] DEBUG c.i.backend.security.JwtService - Signing key retrieved successfully
2026-08-02 14:51:14 [http-nio-8080-exec-2] DEBUG c.i.backend.security.JwtService - Claims extracted successfully from JWT token
2026-08-02 14:51:14 [http-nio-8080-exec-2] DEBUG c.i.backend.security.JwtService - Username extracted successfully from JWT: anwer
2026-08-02 14:51:14 [http-nio-8080-exec-2] DEBUG c.i.backend.security.JwtService - Checking if JWT token is expired
2026-08-02 14:51:14 [http-nio-8080-exec-2] DEBUG c.i.backend.security.JwtService - Extracting expiration date from JWT token
2026-08-02 14:51:14 [http-nio-8080-exec-2] DEBUG c.i.backend.security.JwtService - Extracting claim from JWT token
2026-08-02 14:51:14 [http-nio-8080-exec-2] DEBUG c.i.backend.security.JwtService - Retrieving signing key for JWT
2026-08-02 14:51:14 [http-nio-8080-exec-2] DEBUG c.i.backend.security.JwtService - Signing key retrieved successfully
2026-08-02 14:51:14 [http-nio-8080-exec-2] DEBUG c.i.backend.security.JwtService - Claims extracted successfully from JWT token
2026-08-02 14:51:14 [http-nio-8080-exec-2] DEBUG c.i.backend.security.JwtService - Expiration date extracted: Mon Aug 03 14:51:08 EEST 2026
2026-08-02 14:51:14 [http-nio-8080-exec-2] DEBUG c.i.backend.security.JwtService - Token expiration check - Expiration Date: Mon Aug 03 14:51:08 EEST 2026, Current Date: Sun Aug 02 14:51:14 EEST 2026, Is Expired: false
2026-08-02 14:51:14 [http-nio-8080-exec-2] DEBUG c.i.backend.security.JwtService - Token validation details - Username: anwer, Username Match: true, Is Expired: false
2026-08-02 14:51:14 [http-nio-8080-exec-2] DEBUG c.i.backend.security.JwtService - JWT token validation successful for username: anwer
2026-08-02 14:51:14 [http-nio-8080-exec-2] DEBUG c.i.b.s.JwtAuthenticationFilter - JWT token validation successful for user: anwer
2026-08-02 14:51:14 [http-nio-8080-exec-2] INFO  c.i.b.s.JwtAuthenticationFilter - User authenticated successfully - Username: anwer, Request: GET /api/tasks/null
2026-08-02 14:51:14 [http-nio-8080-exec-2] WARN  o.s.w.s.m.s.DefaultHandlerExceptionResolver - Resolved [org.springframework.web.method.annotation.MethodArgumentTypeMismatchException: Method parameter 'id': Failed to convert value of type 'java.lang.String' to required type 'java.lang.Long'; For input string: "null"]
2026-08-02 14:51:28 [http-nio-8080-exec-7] DEBUG c.i.b.s.JwtAuthenticationFilter - Processing request - Method: POST, Path: /api/tasks
2026-08-02 14:51:28 [http-nio-8080-exec-7] DEBUG c.i.b.s.JwtAuthenticationFilter - JWT token extracted from Authorization header for request: POST /api/tasks
2026-08-02 14:51:28 [http-nio-8080-exec-7] DEBUG c.i.backend.security.JwtService - Extracting username from JWT token
2026-08-02 14:51:28 [http-nio-8080-exec-7] DEBUG c.i.backend.security.JwtService - Extracting claim from JWT token
2026-08-02 14:51:28 [http-nio-8080-exec-7] DEBUG c.i.backend.security.JwtService - Retrieving signing key for JWT
2026-08-02 14:51:28 [http-nio-8080-exec-7] DEBUG c.i.backend.security.JwtService - Signing key retrieved successfully
2026-08-02 14:51:28 [http-nio-8080-exec-7] DEBUG c.i.backend.security.JwtService - Claims extracted successfully from JWT token
2026-08-02 14:51:28 [http-nio-8080-exec-7] DEBUG c.i.backend.security.JwtService - Username extracted successfully from JWT: anwer
2026-08-02 14:51:28 [http-nio-8080-exec-7] DEBUG c.i.b.s.JwtAuthenticationFilter - Username extracted from JWT: anwer
2026-08-02 14:51:28 [http-nio-8080-exec-7] DEBUG c.i.b.s.JwtAuthenticationFilter - Attempting to authenticate user: anwer for request: POST /api/tasks
2026-08-02 14:51:28 [http-nio-8080-exec-7] DEBUG c.i.b.s.JwtAuthenticationFilter - User details found for username: anwer
2026-08-02 14:51:28 [http-nio-8080-exec-7] DEBUG c.i.backend.security.JwtService - Validating JWT token for username: anwer
2026-08-02 14:51:28 [http-nio-8080-exec-7] DEBUG c.i.backend.security.JwtService - Extracting username from JWT token
2026-08-02 14:51:28 [http-nio-8080-exec-7] DEBUG c.i.backend.security.JwtService - Extracting claim from JWT token
2026-08-02 14:51:28 [http-nio-8080-exec-7] DEBUG c.i.backend.security.JwtService - Retrieving signing key for JWT
2026-08-02 14:51:28 [http-nio-8080-exec-7] DEBUG c.i.backend.security.JwtService - Signing key retrieved successfully
2026-08-02 14:51:28 [http-nio-8080-exec-7] DEBUG c.i.backend.security.JwtService - Claims extracted successfully from JWT token
2026-08-02 14:51:28 [http-nio-8080-exec-7] DEBUG c.i.backend.security.JwtService - Username extracted successfully from JWT: anwer
2026-08-02 14:51:28 [http-nio-8080-exec-7] DEBUG c.i.backend.security.JwtService - Checking if JWT token is expired
2026-08-02 14:51:28 [http-nio-8080-exec-7] DEBUG c.i.backend.security.JwtService - Extracting expiration date from JWT token
2026-08-02 14:51:28 [http-nio-8080-exec-7] DEBUG c.i.backend.security.JwtService - Extracting claim from JWT token
2026-08-02 14:51:28 [http-nio-8080-exec-7] DEBUG c.i.backend.security.JwtService - Retrieving signing key for JWT
2026-08-02 14:51:28 [http-nio-8080-exec-7] DEBUG c.i.backend.security.JwtService - Signing key retrieved successfully
2026-08-02 14:51:28 [http-nio-8080-exec-7] DEBUG c.i.backend.security.JwtService - Claims extracted successfully from JWT token
2026-08-02 14:51:28 [http-nio-8080-exec-7] DEBUG c.i.backend.security.JwtService - Expiration date extracted: Mon Aug 03 14:51:08 EEST 2026
2026-08-02 14:51:28 [http-nio-8080-exec-7] DEBUG c.i.backend.security.JwtService - Token expiration check - Expiration Date: Mon Aug 03 14:51:08 EEST 2026, Current Date: Sun Aug 02 14:51:28 EEST 2026, Is Expired: false
2026-08-02 14:51:28 [http-nio-8080-exec-7] DEBUG c.i.backend.security.JwtService - Token validation details - Username: anwer, Username Match: true, Is Expired: false
2026-08-02 14:51:28 [http-nio-8080-exec-7] DEBUG c.i.backend.security.JwtService - JWT token validation successful for username: anwer
2026-08-02 14:51:28 [http-nio-8080-exec-7] DEBUG c.i.b.s.JwtAuthenticationFilter - JWT token validation successful for user: anwer
2026-08-02 14:51:28 [http-nio-8080-exec-7] INFO  c.i.b.s.JwtAuthenticationFilter - User authenticated successfully - Username: anwer, Request: POST /api/tasks
2026-08-02 14:51:28 [http-nio-8080-exec-7] INFO  c.i.b.controller.TaskController - Creating new task for user: anwer - Title: add task
2026-08-02 14:51:28 [http-nio-8080-exec-7] DEBUG c.i.backend.service.TaskService - Creating new task for user: anwer - Title: 'add task', Priority: HIGH, Status: IN_PROGRESS
2026-08-02 14:51:28 [http-nio-8080-exec-7] DEBUG c.i.backend.service.TaskService - Built task object - preparing to save for user: anwer
2026-08-02 14:51:28 [http-nio-8080-exec-7] INFO  c.i.backend.service.TaskService - Task created and saved successfully - ID: 1, User: anwer
2026-08-02 14:51:28 [http-nio-8080-exec-7] DEBUG c.i.backend.service.TaskService - Task response DTO created for task ID: 1
2026-08-02 14:51:28 [http-nio-8080-exec-7] INFO  c.i.b.controller.TaskController - Task created successfully for user: anwer - Task ID: 1 - Duration: 23ms
2026-08-02 14:51:28 [http-nio-8080-exec-3] DEBUG c.i.b.s.JwtAuthenticationFilter - Processing request - Method: GET, Path: /api/tasks
2026-08-02 14:51:28 [http-nio-8080-exec-3] DEBUG c.i.b.s.JwtAuthenticationFilter - JWT token extracted from Authorization header for request: GET /api/tasks
2026-08-02 14:51:28 [http-nio-8080-exec-3] DEBUG c.i.backend.security.JwtService - Extracting username from JWT token
2026-08-02 14:51:28 [http-nio-8080-exec-3] DEBUG c.i.backend.security.JwtService - Extracting claim from JWT token
2026-08-02 14:51:28 [http-nio-8080-exec-3] DEBUG c.i.backend.security.JwtService - Retrieving signing key for JWT
2026-08-02 14:51:28 [http-nio-8080-exec-3] DEBUG c.i.backend.security.JwtService - Signing key retrieved successfully
2026-08-02 14:51:28 [http-nio-8080-exec-3] DEBUG c.i.backend.security.JwtService - Claims extracted successfully from JWT token
2026-08-02 14:51:28 [http-nio-8080-exec-3] DEBUG c.i.backend.security.JwtService - Username extracted successfully from JWT: anwer
2026-08-02 14:51:28 [http-nio-8080-exec-3] DEBUG c.i.b.s.JwtAuthenticationFilter - Username extracted from JWT: anwer
2026-08-02 14:51:28 [http-nio-8080-exec-3] DEBUG c.i.b.s.JwtAuthenticationFilter - Attempting to authenticate user: anwer for request: GET /api/tasks
2026-08-02 14:51:28 [http-nio-8080-exec-3] DEBUG c.i.b.s.JwtAuthenticationFilter - User details found for username: anwer
2026-08-02 14:51:28 [http-nio-8080-exec-3] DEBUG c.i.backend.security.JwtService - Validating JWT token for username: anwer
2026-08-02 14:51:28 [http-nio-8080-exec-3] DEBUG c.i.backend.security.JwtService - Extracting username from JWT token
2026-08-02 14:51:28 [http-nio-8080-exec-3] DEBUG c.i.backend.security.JwtService - Extracting claim from JWT token
2026-08-02 14:51:28 [http-nio-8080-exec-3] DEBUG c.i.backend.security.JwtService - Retrieving signing key for JWT
2026-08-02 14:51:28 [http-nio-8080-exec-3] DEBUG c.i.backend.security.JwtService - Signing key retrieved successfully
2026-08-02 14:51:28 [http-nio-8080-exec-3] DEBUG c.i.backend.security.JwtService - Claims extracted successfully from JWT token
2026-08-02 14:51:28 [http-nio-8080-exec-3] DEBUG c.i.backend.security.JwtService - Username extracted successfully from JWT: anwer
2026-08-02 14:51:28 [http-nio-8080-exec-3] DEBUG c.i.backend.security.JwtService - Checking if JWT token is expired
2026-08-02 14:51:28 [http-nio-8080-exec-3] DEBUG c.i.backend.security.JwtService - Extracting expiration date from JWT token
2026-08-02 14:51:28 [http-nio-8080-exec-3] DEBUG c.i.backend.security.JwtService - Extracting claim from JWT token
2026-08-02 14:51:28 [http-nio-8080-exec-3] DEBUG c.i.backend.security.JwtService - Retrieving signing key for JWT
2026-08-02 14:51:28 [http-nio-8080-exec-3] DEBUG c.i.backend.security.JwtService - Signing key retrieved successfully
2026-08-02 14:51:28 [http-nio-8080-exec-3] DEBUG c.i.backend.security.JwtService - Claims extracted successfully from JWT token
2026-08-02 14:51:28 [http-nio-8080-exec-3] DEBUG c.i.backend.security.JwtService - Expiration date extracted: Mon Aug 03 14:51:08 EEST 2026
2026-08-02 14:51:28 [http-nio-8080-exec-3] DEBUG c.i.backend.security.JwtService - Token expiration check - Expiration Date: Mon Aug 03 14:51:08 EEST 2026, Current Date: Sun Aug 02 14:51:28 EEST 2026, Is Expired: false
2026-08-02 14:51:28 [http-nio-8080-exec-3] DEBUG c.i.backend.security.JwtService - Token validation details - Username: anwer, Username Match: true, Is Expired: false
2026-08-02 14:51:28 [http-nio-8080-exec-3] DEBUG c.i.backend.security.JwtService - JWT token validation successful for username: anwer
2026-08-02 14:51:28 [http-nio-8080-exec-3] DEBUG c.i.b.s.JwtAuthenticationFilter - JWT token validation successful for user: anwer
2026-08-02 14:51:28 [http-nio-8080-exec-3] INFO  c.i.b.s.JwtAuthenticationFilter - User authenticated successfully - Username: anwer, Request: GET /api/tasks
2026-08-02 14:51:28 [http-nio-8080-exec-3] INFO  c.i.b.controller.TaskController - Fetching tasks for user: anwer - Status filter: null, Priority filter: null
2026-08-02 14:51:28 [http-nio-8080-exec-3] DEBUG c.i.backend.service.TaskService - Fetching tasks for user: anwer - Status filter: null, Priority filter: null
2026-08-02 14:51:28 [http-nio-8080-exec-3] DEBUG c.i.backend.service.TaskService - Querying all tasks for user: anwer
2026-08-02 14:51:29 [http-nio-8080-exec-3] INFO  c.i.backend.service.TaskService - Retrieved 1 tasks for user: anwer
2026-08-02 14:51:29 [http-nio-8080-exec-3] DEBUG c.i.backend.service.TaskService - Converted 1 tasks to response DTOs for user: anwer
2026-08-02 14:51:29 [http-nio-8080-exec-3] INFO  c.i.b.controller.TaskController - Tasks fetched successfully for user: anwer - Count: 1 - Duration: 18ms
2026-08-02 14:51:35 [http-nio-8080-exec-6] DEBUG c.i.b.s.JwtAuthenticationFilter - Processing request - Method: GET, Path: /api/tasks/1
2026-08-02 14:51:35 [http-nio-8080-exec-6] DEBUG c.i.b.s.JwtAuthenticationFilter - JWT token extracted from Authorization header for request: GET /api/tasks/1
2026-08-02 14:51:35 [http-nio-8080-exec-6] DEBUG c.i.backend.security.JwtService - Extracting username from JWT token
2026-08-02 14:51:35 [http-nio-8080-exec-6] DEBUG c.i.backend.security.JwtService - Extracting claim from JWT token
2026-08-02 14:51:35 [http-nio-8080-exec-6] DEBUG c.i.backend.security.JwtService - Retrieving signing key for JWT
2026-08-02 14:51:35 [http-nio-8080-exec-6] DEBUG c.i.backend.security.JwtService - Signing key retrieved successfully
2026-08-02 14:51:35 [http-nio-8080-exec-6] DEBUG c.i.backend.security.JwtService - Claims extracted successfully from JWT token
2026-08-02 14:51:35 [http-nio-8080-exec-6] DEBUG c.i.backend.security.JwtService - Username extracted successfully from JWT: anwer
2026-08-02 14:51:35 [http-nio-8080-exec-6] DEBUG c.i.b.s.JwtAuthenticationFilter - Username extracted from JWT: anwer
2026-08-02 14:51:35 [http-nio-8080-exec-6] DEBUG c.i.b.s.JwtAuthenticationFilter - Attempting to authenticate user: anwer for request: GET /api/tasks/1
2026-08-02 14:51:35 [http-nio-8080-exec-6] DEBUG c.i.b.s.JwtAuthenticationFilter - User details found for username: anwer
2026-08-02 14:51:35 [http-nio-8080-exec-6] DEBUG c.i.backend.security.JwtService - Validating JWT token for username: anwer
2026-08-02 14:51:35 [http-nio-8080-exec-6] DEBUG c.i.backend.security.JwtService - Extracting username from JWT token
2026-08-02 14:51:35 [http-nio-8080-exec-6] DEBUG c.i.backend.security.JwtService - Extracting claim from JWT token
2026-08-02 14:51:35 [http-nio-8080-exec-6] DEBUG c.i.backend.security.JwtService - Retrieving signing key for JWT
2026-08-02 14:51:35 [http-nio-8080-exec-6] DEBUG c.i.backend.security.JwtService - Signing key retrieved successfully
2026-08-02 14:51:35 [http-nio-8080-exec-6] DEBUG c.i.backend.security.JwtService - Claims extracted successfully from JWT token
2026-08-02 14:51:35 [http-nio-8080-exec-6] DEBUG c.i.backend.security.JwtService - Username extracted successfully from JWT: anwer
2026-08-02 14:51:35 [http-nio-8080-exec-6] DEBUG c.i.backend.security.JwtService - Checking if JWT token is expired
2026-08-02 14:51:35 [http-nio-8080-exec-6] DEBUG c.i.backend.security.JwtService - Extracting expiration date from JWT token
2026-08-02 14:51:35 [http-nio-8080-exec-6] DEBUG c.i.backend.security.JwtService - Extracting claim from JWT token
2026-08-02 14:51:35 [http-nio-8080-exec-6] DEBUG c.i.backend.security.JwtService - Retrieving signing key for JWT
2026-08-02 14:51:35 [http-nio-8080-exec-6] DEBUG c.i.backend.security.JwtService - Signing key retrieved successfully
2026-08-02 14:51:35 [http-nio-8080-exec-6] DEBUG c.i.backend.security.JwtService - Claims extracted successfully from JWT token
2026-08-02 14:51:35 [http-nio-8080-exec-6] DEBUG c.i.backend.security.JwtService - Expiration date extracted: Mon Aug 03 14:51:08 EEST 2026
2026-08-02 14:51:35 [http-nio-8080-exec-6] DEBUG c.i.backend.security.JwtService - Token expiration check - Expiration Date: Mon Aug 03 14:51:08 EEST 2026, Current Date: Sun Aug 02 14:51:35 EEST 2026, Is Expired: false
2026-08-02 14:51:35 [http-nio-8080-exec-6] DEBUG c.i.backend.security.JwtService - Token validation details - Username: anwer, Username Match: true, Is Expired: false
2026-08-02 14:51:35 [http-nio-8080-exec-6] DEBUG c.i.backend.security.JwtService - JWT token validation successful for username: anwer
2026-08-02 14:51:35 [http-nio-8080-exec-6] DEBUG c.i.b.s.JwtAuthenticationFilter - JWT token validation successful for user: anwer
2026-08-02 14:51:35 [http-nio-8080-exec-6] INFO  c.i.b.s.JwtAuthenticationFilter - User authenticated successfully - Username: anwer, Request: GET /api/tasks/1
2026-08-02 14:51:35 [http-nio-8080-exec-6] INFO  c.i.b.controller.TaskController - Fetching task ID: 1 for user: anwer
2026-08-02 14:51:35 [http-nio-8080-exec-6] DEBUG c.i.backend.service.TaskService - Fetching task ID: 1 for user: anwer
2026-08-02 14:51:35 [http-nio-8080-exec-6] DEBUG c.i.backend.service.TaskService - Validating task access - Task ID: 1, User: anwer
2026-08-02 14:51:35 [http-nio-8080-exec-6] INFO  c.i.backend.service.TaskService - Task ID: 1 retrieved successfully for user: anwer
2026-08-02 14:51:35 [http-nio-8080-exec-6] INFO  c.i.b.controller.TaskController - Task ID: 1 fetched successfully for user: anwer - Duration: 16ms
2026-08-02 14:51:39 [http-nio-8080-exec-8] DEBUG c.i.b.s.JwtAuthenticationFilter - Processing request - Method: PUT, Path: /api/tasks/1
2026-08-02 14:51:39 [http-nio-8080-exec-8] DEBUG c.i.b.s.JwtAuthenticationFilter - JWT token extracted from Authorization header for request: PUT /api/tasks/1
2026-08-02 14:51:39 [http-nio-8080-exec-8] DEBUG c.i.backend.security.JwtService - Extracting username from JWT token
2026-08-02 14:51:39 [http-nio-8080-exec-8] DEBUG c.i.backend.security.JwtService - Extracting claim from JWT token
2026-08-02 14:51:39 [http-nio-8080-exec-8] DEBUG c.i.backend.security.JwtService - Retrieving signing key for JWT
2026-08-02 14:51:39 [http-nio-8080-exec-8] DEBUG c.i.backend.security.JwtService - Signing key retrieved successfully
2026-08-02 14:51:39 [http-nio-8080-exec-8] DEBUG c.i.backend.security.JwtService - Claims extracted successfully from JWT token
2026-08-02 14:51:39 [http-nio-8080-exec-8] DEBUG c.i.backend.security.JwtService - Username extracted successfully from JWT: anwer
2026-08-02 14:51:39 [http-nio-8080-exec-8] DEBUG c.i.b.s.JwtAuthenticationFilter - Username extracted from JWT: anwer
2026-08-02 14:51:39 [http-nio-8080-exec-8] DEBUG c.i.b.s.JwtAuthenticationFilter - Attempting to authenticate user: anwer for request: PUT /api/tasks/1
2026-08-02 14:51:39 [http-nio-8080-exec-8] DEBUG c.i.b.s.JwtAuthenticationFilter - User details found for username: anwer
2026-08-02 14:51:39 [http-nio-8080-exec-8] DEBUG c.i.backend.security.JwtService - Validating JWT token for username: anwer
2026-08-02 14:51:39 [http-nio-8080-exec-8] DEBUG c.i.backend.security.JwtService - Extracting username from JWT token
2026-08-02 14:51:39 [http-nio-8080-exec-8] DEBUG c.i.backend.security.JwtService - Extracting claim from JWT token
2026-08-02 14:51:39 [http-nio-8080-exec-8] DEBUG c.i.backend.security.JwtService - Retrieving signing key for JWT
2026-08-02 14:51:39 [http-nio-8080-exec-8] DEBUG c.i.backend.security.JwtService - Signing key retrieved successfully
2026-08-02 14:51:39 [http-nio-8080-exec-8] DEBUG c.i.backend.security.JwtService - Claims extracted successfully from JWT token
2026-08-02 14:51:39 [http-nio-8080-exec-8] DEBUG c.i.backend.security.JwtService - Username extracted successfully from JWT: anwer
2026-08-02 14:51:39 [http-nio-8080-exec-8] DEBUG c.i.backend.security.JwtService - Checking if JWT token is expired
2026-08-02 14:51:39 [http-nio-8080-exec-8] DEBUG c.i.backend.security.JwtService - Extracting expiration date from JWT token
2026-08-02 14:51:39 [http-nio-8080-exec-8] DEBUG c.i.backend.security.JwtService - Extracting claim from JWT token
2026-08-02 14:51:39 [http-nio-8080-exec-8] DEBUG c.i.backend.security.JwtService - Retrieving signing key for JWT
2026-08-02 14:51:39 [http-nio-8080-exec-8] DEBUG c.i.backend.security.JwtService - Signing key retrieved successfully
2026-08-02 14:51:39 [http-nio-8080-exec-8] DEBUG c.i.backend.security.JwtService - Claims extracted successfully from JWT token
2026-08-02 14:51:39 [http-nio-8080-exec-8] DEBUG c.i.backend.security.JwtService - Expiration date extracted: Mon Aug 03 14:51:08 EEST 2026
2026-08-02 14:51:39 [http-nio-8080-exec-8] DEBUG c.i.backend.security.JwtService - Token expiration check - Expiration Date: Mon Aug 03 14:51:08 EEST 2026, Current Date: Sun Aug 02 14:51:39 EEST 2026, Is Expired: false
2026-08-02 14:51:39 [http-nio-8080-exec-8] DEBUG c.i.backend.security.JwtService - Token validation details - Username: anwer, Username Match: true, Is Expired: false
2026-08-02 14:51:39 [http-nio-8080-exec-8] DEBUG c.i.backend.security.JwtService - JWT token validation successful for username: anwer
2026-08-02 14:51:39 [http-nio-8080-exec-8] DEBUG c.i.b.s.JwtAuthenticationFilter - JWT token validation successful for user: anwer
2026-08-02 14:51:39 [http-nio-8080-exec-8] INFO  c.i.b.s.JwtAuthenticationFilter - User authenticated successfully - Username: anwer, Request: PUT /api/tasks/1
2026-08-02 14:51:39 [http-nio-8080-exec-8] INFO  c.i.b.controller.TaskController - Updating task ID: 1 for user: anwer - New title: add task
2026-08-02 14:51:39 [http-nio-8080-exec-8] DEBUG c.i.backend.service.TaskService - Updating task ID: 1 for user: anwer - New Title: 'add task', New Priority: LOW, New Status: IN_PROGRESS
2026-08-02 14:51:39 [http-nio-8080-exec-8] DEBUG c.i.backend.service.TaskService - Validating task access - Task ID: 1, User: anwer
2026-08-02 14:51:39 [http-nio-8080-exec-8] DEBUG c.i.backend.service.TaskService - Task retrieved for update - ID: 1, Current Title: 'add task', Current Status: IN_PROGRESS
2026-08-02 14:51:39 [http-nio-8080-exec-8] DEBUG c.i.backend.service.TaskService - Task properties updated - ID: 1, Saving to database
2026-08-02 14:51:39 [http-nio-8080-exec-8] INFO  c.i.backend.service.TaskService - Task ID: 1 updated successfully for user: anwer
2026-08-02 14:51:39 [http-nio-8080-exec-8] DEBUG c.i.backend.service.TaskService - Task response DTO created for updated task ID: 1
2026-08-02 14:51:39 [http-nio-8080-exec-8] INFO  c.i.b.controller.TaskController - Task ID: 1 updated successfully for user: anwer - Duration: 65ms
2026-08-02 14:51:39 [http-nio-8080-exec-9] DEBUG c.i.b.s.JwtAuthenticationFilter - Processing request - Method: GET, Path: /api/tasks
2026-08-02 14:51:39 [http-nio-8080-exec-9] DEBUG c.i.b.s.JwtAuthenticationFilter - JWT token extracted from Authorization header for request: GET /api/tasks
2026-08-02 14:51:39 [http-nio-8080-exec-9] DEBUG c.i.backend.security.JwtService - Extracting username from JWT token
2026-08-02 14:51:39 [http-nio-8080-exec-9] DEBUG c.i.backend.security.JwtService - Extracting claim from JWT token
2026-08-02 14:51:39 [http-nio-8080-exec-9] DEBUG c.i.backend.security.JwtService - Retrieving signing key for JWT
2026-08-02 14:51:39 [http-nio-8080-exec-9] DEBUG c.i.backend.security.JwtService - Signing key retrieved successfully
2026-08-02 14:51:39 [http-nio-8080-exec-9] DEBUG c.i.backend.security.JwtService - Claims extracted successfully from JWT token
2026-08-02 14:51:39 [http-nio-8080-exec-9] DEBUG c.i.backend.security.JwtService - Username extracted successfully from JWT: anwer
2026-08-02 14:51:39 [http-nio-8080-exec-9] DEBUG c.i.b.s.JwtAuthenticationFilter - Username extracted from JWT: anwer
2026-08-02 14:51:39 [http-nio-8080-exec-9] DEBUG c.i.b.s.JwtAuthenticationFilter - Attempting to authenticate user: anwer for request: GET /api/tasks
2026-08-02 14:51:39 [http-nio-8080-exec-9] DEBUG c.i.b.s.JwtAuthenticationFilter - User details found for username: anwer
2026-08-02 14:51:39 [http-nio-8080-exec-9] DEBUG c.i.backend.security.JwtService - Validating JWT token for username: anwer
2026-08-02 14:51:39 [http-nio-8080-exec-9] DEBUG c.i.backend.security.JwtService - Extracting username from JWT token
2026-08-02 14:51:39 [http-nio-8080-exec-9] DEBUG c.i.backend.security.JwtService - Extracting claim from JWT token
2026-08-02 14:51:39 [http-nio-8080-exec-9] DEBUG c.i.backend.security.JwtService - Retrieving signing key for JWT
2026-08-02 14:51:39 [http-nio-8080-exec-9] DEBUG c.i.backend.security.JwtService - Signing key retrieved successfully
2026-08-02 14:51:39 [http-nio-8080-exec-9] DEBUG c.i.backend.security.JwtService - Claims extracted successfully from JWT token
2026-08-02 14:51:39 [http-nio-8080-exec-9] DEBUG c.i.backend.security.JwtService - Username extracted successfully from JWT: anwer
2026-08-02 14:51:39 [http-nio-8080-exec-9] DEBUG c.i.backend.security.JwtService - Checking if JWT token is expired
2026-08-02 14:51:39 [http-nio-8080-exec-9] DEBUG c.i.backend.security.JwtService - Extracting expiration date from JWT token
2026-08-02 14:51:39 [http-nio-8080-exec-9] DEBUG c.i.backend.security.JwtService - Extracting claim from JWT token
2026-08-02 14:51:39 [http-nio-8080-exec-9] DEBUG c.i.backend.security.JwtService - Retrieving signing key for JWT
2026-08-02 14:51:39 [http-nio-8080-exec-9] DEBUG c.i.backend.security.JwtService - Signing key retrieved successfully
2026-08-02 14:51:39 [http-nio-8080-exec-9] DEBUG c.i.backend.security.JwtService - Claims extracted successfully from JWT token
2026-08-02 14:51:39 [http-nio-8080-exec-9] DEBUG c.i.backend.security.JwtService - Expiration date extracted: Mon Aug 03 14:51:08 EEST 2026
2026-08-02 14:51:39 [http-nio-8080-exec-9] DEBUG c.i.backend.security.JwtService - Token expiration check - Expiration Date: Mon Aug 03 14:51:08 EEST 2026, Current Date: Sun Aug 02 14:51:39 EEST 2026, Is Expired: false
2026-08-02 14:51:39 [http-nio-8080-exec-9] DEBUG c.i.backend.security.JwtService - Token validation details - Username: anwer, Username Match: true, Is Expired: false
2026-08-02 14:51:39 [http-nio-8080-exec-9] DEBUG c.i.backend.security.JwtService - JWT token validation successful for username: anwer
2026-08-02 14:51:39 [http-nio-8080-exec-9] DEBUG c.i.b.s.JwtAuthenticationFilter - JWT token validation successful for user: anwer
2026-08-02 14:51:39 [http-nio-8080-exec-9] INFO  c.i.b.s.JwtAuthenticationFilter - User authenticated successfully - Username: anwer, Request: GET /api/tasks
2026-08-02 14:51:39 [http-nio-8080-exec-9] INFO  c.i.b.controller.TaskController - Fetching tasks for user: anwer - Status filter: null, Priority filter: null
2026-08-02 14:51:39 [http-nio-8080-exec-9] DEBUG c.i.backend.service.TaskService - Fetching tasks for user: anwer - Status filter: null, Priority filter: null
2026-08-02 14:51:39 [http-nio-8080-exec-9] DEBUG c.i.backend.service.TaskService - Querying all tasks for user: anwer
2026-08-02 14:51:39 [http-nio-8080-exec-9] INFO  c.i.backend.service.TaskService - Retrieved 1 tasks for user: anwer
2026-08-02 14:51:39 [http-nio-8080-exec-9] DEBUG c.i.backend.service.TaskService - Converted 1 tasks to response DTOs for user: anwer
2026-08-02 14:51:39 [http-nio-8080-exec-9] INFO  c.i.b.controller.TaskController - Tasks fetched successfully for user: anwer - Count: 1 - Duration: 11ms
2026-08-02 14:51:45 [http-nio-8080-exec-10] DEBUG c.i.b.s.JwtAuthenticationFilter - Processing request - Method: DELETE, Path: /api/tasks/1
2026-08-02 14:51:45 [http-nio-8080-exec-10] DEBUG c.i.b.s.JwtAuthenticationFilter - JWT token extracted from Authorization header for request: DELETE /api/tasks/1
2026-08-02 14:51:45 [http-nio-8080-exec-10] DEBUG c.i.backend.security.JwtService - Extracting username from JWT token
2026-08-02 14:51:45 [http-nio-8080-exec-10] DEBUG c.i.backend.security.JwtService - Extracting claim from JWT token
2026-08-02 14:51:45 [http-nio-8080-exec-10] DEBUG c.i.backend.security.JwtService - Retrieving signing key for JWT
2026-08-02 14:51:45 [http-nio-8080-exec-10] DEBUG c.i.backend.security.JwtService - Signing key retrieved successfully
2026-08-02 14:51:45 [http-nio-8080-exec-10] DEBUG c.i.backend.security.JwtService - Claims extracted successfully from JWT token
2026-08-02 14:51:45 [http-nio-8080-exec-10] DEBUG c.i.backend.security.JwtService - Username extracted successfully from JWT: anwer
2026-08-02 14:51:45 [http-nio-8080-exec-10] DEBUG c.i.b.s.JwtAuthenticationFilter - Username extracted from JWT: anwer
2026-08-02 14:51:45 [http-nio-8080-exec-10] DEBUG c.i.b.s.JwtAuthenticationFilter - Attempting to authenticate user: anwer for request: DELETE /api/tasks/1
2026-08-02 14:51:45 [http-nio-8080-exec-10] DEBUG c.i.b.s.JwtAuthenticationFilter - User details found for username: anwer
2026-08-02 14:51:45 [http-nio-8080-exec-10] DEBUG c.i.backend.security.JwtService - Validating JWT token for username: anwer
2026-08-02 14:51:45 [http-nio-8080-exec-10] DEBUG c.i.backend.security.JwtService - Extracting username from JWT token
2026-08-02 14:51:45 [http-nio-8080-exec-10] DEBUG c.i.backend.security.JwtService - Extracting claim from JWT token
2026-08-02 14:51:45 [http-nio-8080-exec-10] DEBUG c.i.backend.security.JwtService - Retrieving signing key for JWT
2026-08-02 14:51:45 [http-nio-8080-exec-10] DEBUG c.i.backend.security.JwtService - Signing key retrieved successfully
2026-08-02 14:51:45 [http-nio-8080-exec-10] DEBUG c.i.backend.security.JwtService - Claims extracted successfully from JWT token
2026-08-02 14:51:45 [http-nio-8080-exec-10] DEBUG c.i.backend.security.JwtService - Username extracted successfully from JWT: anwer
2026-08-02 14:51:45 [http-nio-8080-exec-10] DEBUG c.i.backend.security.JwtService - Checking if JWT token is expired
2026-08-02 14:51:45 [http-nio-8080-exec-10] DEBUG c.i.backend.security.JwtService - Extracting expiration date from JWT token
2026-08-02 14:51:45 [http-nio-8080-exec-10] DEBUG c.i.backend.security.JwtService - Extracting claim from JWT token
2026-08-02 14:51:45 [http-nio-8080-exec-10] DEBUG c.i.backend.security.JwtService - Retrieving signing key for JWT
2026-08-02 14:51:45 [http-nio-8080-exec-10] DEBUG c.i.backend.security.JwtService - Signing key retrieved successfully
2026-08-02 14:51:45 [http-nio-8080-exec-10] DEBUG c.i.backend.security.JwtService - Claims extracted successfully from JWT token
2026-08-02 14:51:45 [http-nio-8080-exec-10] DEBUG c.i.backend.security.JwtService - Expiration date extracted: Mon Aug 03 14:51:08 EEST 2026
2026-08-02 14:51:45 [http-nio-8080-exec-10] DEBUG c.i.backend.security.JwtService - Token expiration check - Expiration Date: Mon Aug 03 14:51:08 EEST 2026, Current Date: Sun Aug 02 14:51:45 EEST 2026, Is Expired: false
2026-08-02 14:51:45 [http-nio-8080-exec-10] DEBUG c.i.backend.security.JwtService - Token validation details - Username: anwer, Username Match: true, Is Expired: false
2026-08-02 14:51:45 [http-nio-8080-exec-10] DEBUG c.i.backend.security.JwtService - JWT token validation successful for username: anwer
2026-08-02 14:51:45 [http-nio-8080-exec-10] DEBUG c.i.b.s.JwtAuthenticationFilter - JWT token validation successful for user: anwer
2026-08-02 14:51:45 [http-nio-8080-exec-10] INFO  c.i.b.s.JwtAuthenticationFilter - User authenticated successfully - Username: anwer, Request: DELETE /api/tasks/1
2026-08-02 14:51:45 [http-nio-8080-exec-10] INFO  c.i.b.controller.TaskController - Deleting task ID: 1 for user: anwer
2026-08-02 14:51:45 [http-nio-8080-exec-10] DEBUG c.i.backend.service.TaskService - Deleting task ID: 1 for user: anwer
2026-08-02 14:51:45 [http-nio-8080-exec-10] DEBUG c.i.backend.service.TaskService - Validating task access - Task ID: 1, User: anwer
2026-08-02 14:51:45 [http-nio-8080-exec-10] DEBUG c.i.backend.service.TaskService - Task retrieved for deletion - ID: 1, Title: 'add task'
2026-08-02 14:51:45 [http-nio-8080-exec-10] INFO  c.i.backend.service.TaskService - Task ID: 1 deleted successfully for user: anwer
2026-08-02 14:51:45 [http-nio-8080-exec-10] INFO  c.i.b.controller.TaskController - Task ID: 1 deleted successfully for user: anwer - Duration: 28ms
2026-08-02 14:51:45 [http-nio-8080-exec-1] DEBUG c.i.b.s.JwtAuthenticationFilter - Processing request - Method: GET, Path: /api/tasks
2026-08-02 14:51:45 [http-nio-8080-exec-1] DEBUG c.i.b.s.JwtAuthenticationFilter - JWT token extracted from Authorization header for request: GET /api/tasks
2026-08-02 14:51:45 [http-nio-8080-exec-1] DEBUG c.i.backend.security.JwtService - Extracting username from JWT token
2026-08-02 14:51:45 [http-nio-8080-exec-1] DEBUG c.i.backend.security.JwtService - Extracting claim from JWT token
2026-08-02 14:51:45 [http-nio-8080-exec-1] DEBUG c.i.backend.security.JwtService - Retrieving signing key for JWT
2026-08-02 14:51:45 [http-nio-8080-exec-1] DEBUG c.i.backend.security.JwtService - Signing key retrieved successfully
2026-08-02 14:51:45 [http-nio-8080-exec-1] DEBUG c.i.backend.security.JwtService - Claims extracted successfully from JWT token
2026-08-02 14:51:45 [http-nio-8080-exec-1] DEBUG c.i.backend.security.JwtService - Username extracted successfully from JWT: anwer
2026-08-02 14:51:45 [http-nio-8080-exec-1] DEBUG c.i.b.s.JwtAuthenticationFilter - Username extracted from JWT: anwer
2026-08-02 14:51:45 [http-nio-8080-exec-1] DEBUG c.i.b.s.JwtAuthenticationFilter - Attempting to authenticate user: anwer for request: GET /api/tasks
2026-08-02 14:51:45 [http-nio-8080-exec-1] DEBUG c.i.b.s.JwtAuthenticationFilter - User details found for username: anwer
2026-08-02 14:51:45 [http-nio-8080-exec-1] DEBUG c.i.backend.security.JwtService - Validating JWT token for username: anwer
2026-08-02 14:51:45 [http-nio-8080-exec-1] DEBUG c.i.backend.security.JwtService - Extracting username from JWT token
2026-08-02 14:51:45 [http-nio-8080-exec-1] DEBUG c.i.backend.security.JwtService - Extracting claim from JWT token
2026-08-02 14:51:45 [http-nio-8080-exec-1] DEBUG c.i.backend.security.JwtService - Retrieving signing key for JWT
2026-08-02 14:51:45 [http-nio-8080-exec-1] DEBUG c.i.backend.security.JwtService - Signing key retrieved successfully
2026-08-02 14:51:45 [http-nio-8080-exec-1] DEBUG c.i.backend.security.JwtService - Claims extracted successfully from JWT token
2026-08-02 14:51:45 [http-nio-8080-exec-1] DEBUG c.i.backend.security.JwtService - Username extracted successfully from JWT: anwer
2026-08-02 14:51:45 [http-nio-8080-exec-1] DEBUG c.i.backend.security.JwtService - Checking if JWT token is expired
2026-08-02 14:51:45 [http-nio-8080-exec-1] DEBUG c.i.backend.security.JwtService - Extracting expiration date from JWT token
2026-08-02 14:51:45 [http-nio-8080-exec-1] DEBUG c.i.backend.security.JwtService - Extracting claim from JWT token
2026-08-02 14:51:45 [http-nio-8080-exec-1] DEBUG c.i.backend.security.JwtService - Retrieving signing key for JWT
2026-08-02 14:51:45 [http-nio-8080-exec-1] DEBUG c.i.backend.security.JwtService - Signing key retrieved successfully
2026-08-02 14:51:45 [http-nio-8080-exec-1] DEBUG c.i.backend.security.JwtService - Claims extracted successfully from JWT token
2026-08-02 14:51:45 [http-nio-8080-exec-1] DEBUG c.i.backend.security.JwtService - Expiration date extracted: Mon Aug 03 14:51:08 EEST 2026
2026-08-02 14:51:45 [http-nio-8080-exec-1] DEBUG c.i.backend.security.JwtService - Token expiration check - Expiration Date: Mon Aug 03 14:51:08 EEST 2026, Current Date: Sun Aug 02 14:51:45 EEST 2026, Is Expired: false
2026-08-02 14:51:45 [http-nio-8080-exec-1] DEBUG c.i.backend.security.JwtService - Token validation details - Username: anwer, Username Match: true, Is Expired: false
2026-08-02 14:51:45 [http-nio-8080-exec-1] DEBUG c.i.backend.security.JwtService - JWT token validation successful for username: anwer
2026-08-02 14:51:45 [http-nio-8080-exec-1] DEBUG c.i.b.s.JwtAuthenticationFilter - JWT token validation successful for user: anwer
2026-08-02 14:51:45 [http-nio-8080-exec-1] INFO  c.i.b.s.JwtAuthenticationFilter - User authenticated successfully - Username: anwer, Request: GET /api/tasks
2026-08-02 14:51:45 [http-nio-8080-exec-1] INFO  c.i.b.controller.TaskController - Fetching tasks for user: anwer - Status filter: null, Priority filter: null
2026-08-02 14:51:45 [http-nio-8080-exec-1] DEBUG c.i.backend.service.TaskService - Fetching tasks for user: anwer - Status filter: null, Priority filter: null
2026-08-02 14:51:45 [http-nio-8080-exec-1] DEBUG c.i.backend.service.TaskService - Querying all tasks for user: anwer
2026-08-02 14:51:45 [http-nio-8080-exec-1] INFO  c.i.backend.service.TaskService - Retrieved 0 tasks for user: anwer
2026-08-02 14:51:45 [http-nio-8080-exec-1] DEBUG c.i.backend.service.TaskService - Converted 0 tasks to response DTOs for user: anwer
2026-08-02 14:51:45 [http-nio-8080-exec-1] INFO  c.i.b.controller.TaskController - Tasks fetched successfully for user: anwer - Count: 0 - Duration: 9ms
2026-08-02 14:51:47 [http-nio-8080-exec-2] DEBUG c.i.b.s.JwtAuthenticationFilter - Processing request - Method: GET, Path: /api/tasks/null
2026-08-02 14:51:47 [http-nio-8080-exec-2] DEBUG c.i.b.s.JwtAuthenticationFilter - JWT token extracted from Authorization header for request: GET /api/tasks/null
2026-08-02 14:51:47 [http-nio-8080-exec-2] DEBUG c.i.backend.security.JwtService - Extracting username from JWT token
2026-08-02 14:51:47 [http-nio-8080-exec-2] DEBUG c.i.backend.security.JwtService - Extracting claim from JWT token
2026-08-02 14:51:47 [http-nio-8080-exec-2] DEBUG c.i.backend.security.JwtService - Retrieving signing key for JWT
2026-08-02 14:51:47 [http-nio-8080-exec-2] DEBUG c.i.backend.security.JwtService - Signing key retrieved successfully
2026-08-02 14:51:47 [http-nio-8080-exec-2] DEBUG c.i.backend.security.JwtService - Claims extracted successfully from JWT token
2026-08-02 14:51:47 [http-nio-8080-exec-2] DEBUG c.i.backend.security.JwtService - Username extracted successfully from JWT: anwer
2026-08-02 14:51:47 [http-nio-8080-exec-2] DEBUG c.i.b.s.JwtAuthenticationFilter - Username extracted from JWT: anwer
2026-08-02 14:51:47 [http-nio-8080-exec-2] DEBUG c.i.b.s.JwtAuthenticationFilter - Attempting to authenticate user: anwer for request: GET /api/tasks/null
2026-08-02 14:51:47 [http-nio-8080-exec-2] DEBUG c.i.b.s.JwtAuthenticationFilter - User details found for username: anwer
2026-08-02 14:51:47 [http-nio-8080-exec-2] DEBUG c.i.backend.security.JwtService - Validating JWT token for username: anwer
2026-08-02 14:51:47 [http-nio-8080-exec-2] DEBUG c.i.backend.security.JwtService - Extracting username from JWT token
2026-08-02 14:51:47 [http-nio-8080-exec-2] DEBUG c.i.backend.security.JwtService - Extracting claim from JWT token
2026-08-02 14:51:47 [http-nio-8080-exec-2] DEBUG c.i.backend.security.JwtService - Retrieving signing key for JWT
2026-08-02 14:51:47 [http-nio-8080-exec-2] DEBUG c.i.backend.security.JwtService - Signing key retrieved successfully
2026-08-02 14:51:47 [http-nio-8080-exec-2] DEBUG c.i.backend.security.JwtService - Claims extracted successfully from JWT token
2026-08-02 14:51:47 [http-nio-8080-exec-2] DEBUG c.i.backend.security.JwtService - Username extracted successfully from JWT: anwer
2026-08-02 14:51:47 [http-nio-8080-exec-2] DEBUG c.i.backend.security.JwtService - Checking if JWT token is expired
2026-08-02 14:51:47 [http-nio-8080-exec-2] DEBUG c.i.backend.security.JwtService - Extracting expiration date from JWT token
2026-08-02 14:51:47 [http-nio-8080-exec-2] DEBUG c.i.backend.security.JwtService - Extracting claim from JWT token
2026-08-02 14:51:47 [http-nio-8080-exec-2] DEBUG c.i.backend.security.JwtService - Retrieving signing key for JWT
2026-08-02 14:51:47 [http-nio-8080-exec-2] DEBUG c.i.backend.security.JwtService - Signing key retrieved successfully
2026-08-02 14:51:47 [http-nio-8080-exec-2] DEBUG c.i.backend.security.JwtService - Claims extracted successfully from JWT token
2026-08-02 14:51:47 [http-nio-8080-exec-2] DEBUG c.i.backend.security.JwtService - Expiration date extracted: Mon Aug 03 14:51:08 EEST 2026
2026-08-02 14:51:47 [http-nio-8080-exec-2] DEBUG c.i.backend.security.JwtService - Token expiration check - Expiration Date: Mon Aug 03 14:51:08 EEST 2026, Current Date: Sun Aug 02 14:51:47 EEST 2026, Is Expired: false
2026-08-02 14:51:47 [http-nio-8080-exec-2] DEBUG c.i.backend.security.JwtService - Token validation details - Username: anwer, Username Match: true, Is Expired: false
2026-08-02 14:51:47 [http-nio-8080-exec-2] DEBUG c.i.backend.security.JwtService - JWT token validation successful for username: anwer
2026-08-02 14:51:47 [http-nio-8080-exec-2] DEBUG c.i.b.s.JwtAuthenticationFilter - JWT token validation successful for user: anwer
2026-08-02 14:51:47 [http-nio-8080-exec-2] INFO  c.i.b.s.JwtAuthenticationFilter - User authenticated successfully - Username: anwer, Request: GET /api/tasks/null
2026-08-02 14:51:47 [http-nio-8080-exec-2] WARN  o.s.w.s.m.s.DefaultHandlerExceptionResolver - Resolved [org.springframework.web.method.annotation.MethodArgumentTypeMismatchException: Method parameter 'id': Failed to convert value of type 'java.lang.String' to required type 'java.lang.Long'; For input string: "null"]
2026-08-02 14:53:03 [http-nio-8080-exec-3] DEBUG c.i.b.s.JwtAuthenticationFilter - Processing request - Method: GET, Path: /api/tasks/null
2026-08-02 14:53:03 [http-nio-8080-exec-3] DEBUG c.i.b.s.JwtAuthenticationFilter - JWT token extracted from Authorization header for request: GET /api/tasks/null
2026-08-02 14:53:03 [http-nio-8080-exec-3] DEBUG c.i.backend.security.JwtService - Extracting username from JWT token
2026-08-02 14:53:03 [http-nio-8080-exec-3] DEBUG c.i.backend.security.JwtService - Extracting claim from JWT token
2026-08-02 14:53:03 [http-nio-8080-exec-3] DEBUG c.i.backend.security.JwtService - Retrieving signing key for JWT
2026-08-02 14:53:03 [http-nio-8080-exec-3] DEBUG c.i.backend.security.JwtService - Signing key retrieved successfully
2026-08-02 14:53:03 [http-nio-8080-exec-3] DEBUG c.i.backend.security.JwtService - Claims extracted successfully from JWT token
2026-08-02 14:53:03 [http-nio-8080-exec-3] DEBUG c.i.backend.security.JwtService - Username extracted successfully from JWT: anwer
2026-08-02 14:53:03 [http-nio-8080-exec-3] DEBUG c.i.b.s.JwtAuthenticationFilter - Username extracted from JWT: anwer
2026-08-02 14:53:03 [http-nio-8080-exec-3] DEBUG c.i.b.s.JwtAuthenticationFilter - Attempting to authenticate user: anwer for request: GET /api/tasks/null
2026-08-02 14:53:03 [http-nio-8080-exec-3] DEBUG c.i.b.s.JwtAuthenticationFilter - User details found for username: anwer
2026-08-02 14:53:03 [http-nio-8080-exec-3] DEBUG c.i.backend.security.JwtService - Validating JWT token for username: anwer
2026-08-02 14:53:03 [http-nio-8080-exec-3] DEBUG c.i.backend.security.JwtService - Extracting username from JWT token
2026-08-02 14:53:03 [http-nio-8080-exec-3] DEBUG c.i.backend.security.JwtService - Extracting claim from JWT token
2026-08-02 14:53:03 [http-nio-8080-exec-3] DEBUG c.i.backend.security.JwtService - Retrieving signing key for JWT
2026-08-02 14:53:03 [http-nio-8080-exec-3] DEBUG c.i.backend.security.JwtService - Signing key retrieved successfully
2026-08-02 14:53:03 [http-nio-8080-exec-3] DEBUG c.i.backend.security.JwtService - Claims extracted successfully from JWT token
2026-08-02 14:53:03 [http-nio-8080-exec-3] DEBUG c.i.backend.security.JwtService - Username extracted successfully from JWT: anwer
2026-08-02 14:53:03 [http-nio-8080-exec-3] DEBUG c.i.backend.security.JwtService - Checking if JWT token is expired
2026-08-02 14:53:03 [http-nio-8080-exec-3] DEBUG c.i.backend.security.JwtService - Extracting expiration date from JWT token
2026-08-02 14:53:03 [http-nio-8080-exec-3] DEBUG c.i.backend.security.JwtService - Extracting claim from JWT token
2026-08-02 14:53:03 [http-nio-8080-exec-3] DEBUG c.i.backend.security.JwtService - Retrieving signing key for JWT
2026-08-02 14:53:03 [http-nio-8080-exec-3] DEBUG c.i.backend.security.JwtService - Signing key retrieved successfully
2026-08-02 14:53:04 [http-nio-8080-exec-3] DEBUG c.i.backend.security.JwtService - Claims extracted successfully from JWT token
2026-08-02 14:53:04 [http-nio-8080-exec-3] DEBUG c.i.backend.security.JwtService - Expiration date extracted: Mon Aug 03 14:51:08 EEST 2026
2026-08-02 14:53:04 [http-nio-8080-exec-3] DEBUG c.i.backend.security.JwtService - Token expiration check - Expiration Date: Mon Aug 03 14:51:08 EEST 2026, Current Date: Sun Aug 02 14:53:04 EEST 2026, Is Expired: false
2026-08-02 14:53:04 [http-nio-8080-exec-3] DEBUG c.i.backend.security.JwtService - Token validation details - Username: anwer, Username Match: true, Is Expired: false
2026-08-02 14:53:04 [http-nio-8080-exec-3] DEBUG c.i.backend.security.JwtService - JWT token validation successful for username: anwer
2026-08-02 14:53:04 [http-nio-8080-exec-3] DEBUG c.i.b.s.JwtAuthenticationFilter - JWT token validation successful for user: anwer
2026-08-02 14:53:04 [http-nio-8080-exec-3] INFO  c.i.b.s.JwtAuthenticationFilter - User authenticated successfully - Username: anwer, Request: GET /api/tasks/null
2026-08-02 14:53:04 [http-nio-8080-exec-3] WARN  o.s.w.s.m.s.DefaultHandlerExceptionResolver - Resolved [org.springframework.web.method.annotation.MethodArgumentTypeMismatchException: Method parameter 'id': Failed to convert value of type 'java.lang.String' to required type 'java.lang.Long'; For input string: "null"]
2026-08-02 14:53:12 [http-nio-8080-exec-5] DEBUG c.i.b.s.JwtAuthenticationFilter - Processing request - Method: GET, Path: /api/tasks/null
2026-08-02 14:53:12 [http-nio-8080-exec-5] DEBUG c.i.b.s.JwtAuthenticationFilter - JWT token extracted from Authorization header for request: GET /api/tasks/null
2026-08-02 14:53:12 [http-nio-8080-exec-5] DEBUG c.i.backend.security.JwtService - Extracting username from JWT token
2026-08-02 14:53:12 [http-nio-8080-exec-5] DEBUG c.i.backend.security.JwtService - Extracting claim from JWT token
2026-08-02 14:53:12 [http-nio-8080-exec-5] DEBUG c.i.backend.security.JwtService - Retrieving signing key for JWT
2026-08-02 14:53:12 [http-nio-8080-exec-5] DEBUG c.i.backend.security.JwtService - Signing key retrieved successfully
2026-08-02 14:53:12 [http-nio-8080-exec-5] DEBUG c.i.backend.security.JwtService - Claims extracted successfully from JWT token
2026-08-02 14:53:12 [http-nio-8080-exec-5] DEBUG c.i.backend.security.JwtService - Username extracted successfully from JWT: anwer
2026-08-02 14:53:12 [http-nio-8080-exec-5] DEBUG c.i.b.s.JwtAuthenticationFilter - Username extracted from JWT: anwer
2026-08-02 14:53:12 [http-nio-8080-exec-5] DEBUG c.i.b.s.JwtAuthenticationFilter - Attempting to authenticate user: anwer for request: GET /api/tasks/null
2026-08-02 14:53:12 [http-nio-8080-exec-5] DEBUG c.i.b.s.JwtAuthenticationFilter - User details found for username: anwer
2026-08-02 14:53:12 [http-nio-8080-exec-5] DEBUG c.i.backend.security.JwtService - Validating JWT token for username: anwer
2026-08-02 14:53:12 [http-nio-8080-exec-5] DEBUG c.i.backend.security.JwtService - Extracting username from JWT token
2026-08-02 14:53:12 [http-nio-8080-exec-5] DEBUG c.i.backend.security.JwtService - Extracting claim from JWT token
2026-08-02 14:53:12 [http-nio-8080-exec-5] DEBUG c.i.backend.security.JwtService - Retrieving signing key for JWT
2026-08-02 14:53:12 [http-nio-8080-exec-5] DEBUG c.i.backend.security.JwtService - Signing key retrieved successfully
2026-08-02 14:53:12 [http-nio-8080-exec-5] DEBUG c.i.backend.security.JwtService - Claims extracted successfully from JWT token
2026-08-02 14:53:12 [http-nio-8080-exec-5] DEBUG c.i.backend.security.JwtService - Username extracted successfully from JWT: anwer
2026-08-02 14:53:12 [http-nio-8080-exec-5] DEBUG c.i.backend.security.JwtService - Checking if JWT token is expired
2026-08-02 14:53:12 [http-nio-8080-exec-5] DEBUG c.i.backend.security.JwtService - Extracting expiration date from JWT token
2026-08-02 14:53:12 [http-nio-8080-exec-5] DEBUG c.i.backend.security.JwtService - Extracting claim from JWT token
2026-08-02 14:53:12 [http-nio-8080-exec-5] DEBUG c.i.backend.security.JwtService - Retrieving signing key for JWT
2026-08-02 14:53:12 [http-nio-8080-exec-5] DEBUG c.i.backend.security.JwtService - Signing key retrieved successfully
2026-08-02 14:53:12 [http-nio-8080-exec-5] DEBUG c.i.backend.security.JwtService - Claims extracted successfully from JWT token
2026-08-02 14:53:12 [http-nio-8080-exec-5] DEBUG c.i.backend.security.JwtService - Expiration date extracted: Mon Aug 03 14:51:08 EEST 2026
2026-08-02 14:53:12 [http-nio-8080-exec-5] DEBUG c.i.backend.security.JwtService - Token expiration check - Expiration Date: Mon Aug 03 14:51:08 EEST 2026, Current Date: Sun Aug 02 14:53:12 EEST 2026, Is Expired: false
2026-08-02 14:53:12 [http-nio-8080-exec-5] DEBUG c.i.backend.security.JwtService - Token validation details - Username: anwer, Username Match: true, Is Expired: false
2026-08-02 14:53:12 [http-nio-8080-exec-5] DEBUG c.i.backend.security.JwtService - JWT token validation successful for username: anwer
2026-08-02 14:53:12 [http-nio-8080-exec-5] DEBUG c.i.b.s.JwtAuthenticationFilter - JWT token validation successful for user: anwer
2026-08-02 14:53:12 [http-nio-8080-exec-5] INFO  c.i.b.s.JwtAuthenticationFilter - User authenticated successfully - Username: anwer, Request: GET /api/tasks/null
2026-08-02 14:53:12 [http-nio-8080-exec-5] WARN  o.s.w.s.m.s.DefaultHandlerExceptionResolver - Resolved [org.springframework.web.method.annotation.MethodArgumentTypeMismatchException: Method parameter 'id': Failed to convert value of type 'java.lang.String' to required type 'java.lang.Long'; For input string: "null"]
2026-08-02 14:53:15 [http-nio-8080-exec-6] DEBUG c.i.b.s.JwtAuthenticationFilter - Processing request - Method: GET, Path: /api/tasks/null
2026-08-02 14:53:15 [http-nio-8080-exec-6] DEBUG c.i.b.s.JwtAuthenticationFilter - JWT token extracted from Authorization header for request: GET /api/tasks/null
2026-08-02 14:53:15 [http-nio-8080-exec-6] DEBUG c.i.backend.security.JwtService - Extracting username from JWT token
2026-08-02 14:53:15 [http-nio-8080-exec-6] DEBUG c.i.backend.security.JwtService - Extracting claim from JWT token
2026-08-02 14:53:15 [http-nio-8080-exec-6] DEBUG c.i.backend.security.JwtService - Retrieving signing key for JWT
2026-08-02 14:53:15 [http-nio-8080-exec-6] DEBUG c.i.backend.security.JwtService - Signing key retrieved successfully
2026-08-02 14:53:15 [http-nio-8080-exec-6] DEBUG c.i.backend.security.JwtService - Claims extracted successfully from JWT token
2026-08-02 14:53:15 [http-nio-8080-exec-6] DEBUG c.i.backend.security.JwtService - Username extracted successfully from JWT: anwer
2026-08-02 14:53:15 [http-nio-8080-exec-6] DEBUG c.i.b.s.JwtAuthenticationFilter - Username extracted from JWT: anwer
2026-08-02 14:53:15 [http-nio-8080-exec-6] DEBUG c.i.b.s.JwtAuthenticationFilter - Attempting to authenticate user: anwer for request: GET /api/tasks/null
2026-08-02 14:53:15 [http-nio-8080-exec-6] DEBUG c.i.b.s.JwtAuthenticationFilter - User details found for username: anwer
2026-08-02 14:53:15 [http-nio-8080-exec-6] DEBUG c.i.backend.security.JwtService - Validating JWT token for username: anwer
2026-08-02 14:53:15 [http-nio-8080-exec-6] DEBUG c.i.backend.security.JwtService - Extracting username from JWT token
2026-08-02 14:53:15 [http-nio-8080-exec-6] DEBUG c.i.backend.security.JwtService - Extracting claim from JWT token
2026-08-02 14:53:15 [http-nio-8080-exec-6] DEBUG c.i.backend.security.JwtService - Retrieving signing key for JWT
2026-08-02 14:53:15 [http-nio-8080-exec-6] DEBUG c.i.backend.security.JwtService - Signing key retrieved successfully
2026-08-02 14:53:15 [http-nio-8080-exec-6] DEBUG c.i.backend.security.JwtService - Claims extracted successfully from JWT token
2026-08-02 14:53:15 [http-nio-8080-exec-6] DEBUG c.i.backend.security.JwtService - Username extracted successfully from JWT: anwer
2026-08-02 14:53:15 [http-nio-8080-exec-6] DEBUG c.i.backend.security.JwtService - Checking if JWT token is expired
2026-08-02 14:53:15 [http-nio-8080-exec-6] DEBUG c.i.backend.security.JwtService - Extracting expiration date from JWT token
2026-08-02 14:53:15 [http-nio-8080-exec-6] DEBUG c.i.backend.security.JwtService - Extracting claim from JWT token
2026-08-02 14:53:15 [http-nio-8080-exec-6] DEBUG c.i.backend.security.JwtService - Retrieving signing key for JWT
2026-08-02 14:53:15 [http-nio-8080-exec-6] DEBUG c.i.backend.security.JwtService - Signing key retrieved successfully
2026-08-02 14:53:15 [http-nio-8080-exec-6] DEBUG c.i.backend.security.JwtService - Claims extracted successfully from JWT token
2026-08-02 14:53:15 [http-nio-8080-exec-6] DEBUG c.i.backend.security.JwtService - Expiration date extracted: Mon Aug 03 14:51:08 EEST 2026
2026-08-02 14:53:15 [http-nio-8080-exec-6] DEBUG c.i.backend.security.JwtService - Token expiration check - Expiration Date: Mon Aug 03 14:51:08 EEST 2026, Current Date: Sun Aug 02 14:53:15 EEST 2026, Is Expired: false
2026-08-02 14:53:15 [http-nio-8080-exec-6] DEBUG c.i.backend.security.JwtService - Token validation details - Username: anwer, Username Match: true, Is Expired: false
2026-08-02 14:53:15 [http-nio-8080-exec-6] DEBUG c.i.backend.security.JwtService - JWT token validation successful for username: anwer
2026-08-02 14:53:15 [http-nio-8080-exec-6] DEBUG c.i.b.s.JwtAuthenticationFilter - JWT token validation successful for user: anwer
2026-08-02 14:53:15 [http-nio-8080-exec-6] INFO  c.i.b.s.JwtAuthenticationFilter - User authenticated successfully - Username: anwer, Request: GET /api/tasks/null
2026-08-02 14:53:15 [http-nio-8080-exec-6] WARN  o.s.w.s.m.s.DefaultHandlerExceptionResolver - Resolved [org.springframework.web.method.annotation.MethodArgumentTypeMismatchException: Method parameter 'id': Failed to convert value of type 'java.lang.String' to required type 'java.lang.Long'; For input string: "null"]
2026-08-02 14:53:16 [http-nio-8080-exec-4] DEBUG c.i.b.s.JwtAuthenticationFilter - Processing request - Method: GET, Path: /api/tasks/null
2026-08-02 14:53:16 [http-nio-8080-exec-4] DEBUG c.i.b.s.JwtAuthenticationFilter - JWT token extracted from Authorization header for request: GET /api/tasks/null
2026-08-02 14:53:16 [http-nio-8080-exec-4] DEBUG c.i.backend.security.JwtService - Extracting username from JWT token
2026-08-02 14:53:16 [http-nio-8080-exec-4] DEBUG c.i.backend.security.JwtService - Extracting claim from JWT token
2026-08-02 14:53:16 [http-nio-8080-exec-4] DEBUG c.i.backend.security.JwtService - Retrieving signing key for JWT
2026-08-02 14:53:16 [http-nio-8080-exec-4] DEBUG c.i.backend.security.JwtService - Signing key retrieved successfully
2026-08-02 14:53:16 [http-nio-8080-exec-4] DEBUG c.i.backend.security.JwtService - Claims extracted successfully from JWT token
2026-08-02 14:53:16 [http-nio-8080-exec-4] DEBUG c.i.backend.security.JwtService - Username extracted successfully from JWT: anwer
2026-08-02 14:53:16 [http-nio-8080-exec-4] DEBUG c.i.b.s.JwtAuthenticationFilter - Username extracted from JWT: anwer
2026-08-02 14:53:16 [http-nio-8080-exec-4] DEBUG c.i.b.s.JwtAuthenticationFilter - Attempting to authenticate user: anwer for request: GET /api/tasks/null
2026-08-02 14:53:16 [http-nio-8080-exec-4] DEBUG c.i.b.s.JwtAuthenticationFilter - User details found for username: anwer
2026-08-02 14:53:16 [http-nio-8080-exec-4] DEBUG c.i.backend.security.JwtService - Validating JWT token for username: anwer
2026-08-02 14:53:16 [http-nio-8080-exec-4] DEBUG c.i.backend.security.JwtService - Extracting username from JWT token
2026-08-02 14:53:16 [http-nio-8080-exec-4] DEBUG c.i.backend.security.JwtService - Extracting claim from JWT token
2026-08-02 14:53:16 [http-nio-8080-exec-4] DEBUG c.i.backend.security.JwtService - Retrieving signing key for JWT
2026-08-02 14:53:16 [http-nio-8080-exec-4] DEBUG c.i.backend.security.JwtService - Signing key retrieved successfully
2026-08-02 14:53:16 [http-nio-8080-exec-4] DEBUG c.i.backend.security.JwtService - Claims extracted successfully from JWT token
2026-08-02 14:53:16 [http-nio-8080-exec-4] DEBUG c.i.backend.security.JwtService - Username extracted successfully from JWT: anwer
2026-08-02 14:53:16 [http-nio-8080-exec-4] DEBUG c.i.backend.security.JwtService - Checking if JWT token is expired
2026-08-02 14:53:16 [http-nio-8080-exec-4] DEBUG c.i.backend.security.JwtService - Extracting expiration date from JWT token
2026-08-02 14:53:16 [http-nio-8080-exec-4] DEBUG c.i.backend.security.JwtService - Extracting claim from JWT token
2026-08-02 14:53:16 [http-nio-8080-exec-4] DEBUG c.i.backend.security.JwtService - Retrieving signing key for JWT
2026-08-02 14:53:16 [http-nio-8080-exec-4] DEBUG c.i.backend.security.JwtService - Signing key retrieved successfully
2026-08-02 14:53:16 [http-nio-8080-exec-4] DEBUG c.i.backend.security.JwtService - Claims extracted successfully from JWT token
2026-08-02 14:53:16 [http-nio-8080-exec-4] DEBUG c.i.backend.security.JwtService - Expiration date extracted: Mon Aug 03 14:51:08 EEST 2026
2026-08-02 14:53:16 [http-nio-8080-exec-4] DEBUG c.i.backend.security.JwtService - Token expiration check - Expiration Date: Mon Aug 03 14:51:08 EEST 2026, Current Date: Sun Aug 02 14:53:16 EEST 2026, Is Expired: false
2026-08-02 14:53:16 [http-nio-8080-exec-4] DEBUG c.i.backend.security.JwtService - Token validation details - Username: anwer, Username Match: true, Is Expired: false
2026-08-02 14:53:16 [http-nio-8080-exec-4] DEBUG c.i.backend.security.JwtService - JWT token validation successful for username: anwer
2026-08-02 14:53:16 [http-nio-8080-exec-4] DEBUG c.i.b.s.JwtAuthenticationFilter - JWT token validation successful for user: anwer
2026-08-02 14:53:16 [http-nio-8080-exec-4] INFO  c.i.b.s.JwtAuthenticationFilter - User authenticated successfully - Username: anwer, Request: GET /api/tasks/null
2026-08-02 14:53:16 [http-nio-8080-exec-4] WARN  o.s.w.s.m.s.DefaultHandlerExceptionResolver - Resolved [org.springframework.web.method.annotation.MethodArgumentTypeMismatchException: Method parameter 'id': Failed to convert value of type 'java.lang.String' to required type 'java.lang.Long'; For input string: "null"]
2026-08-02 14:55:43 [http-nio-8080-exec-9] DEBUG c.i.b.s.JwtAuthenticationFilter - Processing request - Method: GET, Path: /api/tasks/null
2026-08-02 14:55:43 [http-nio-8080-exec-9] DEBUG c.i.b.s.JwtAuthenticationFilter - JWT token extracted from Authorization header for request: GET /api/tasks/null
2026-08-02 14:55:43 [http-nio-8080-exec-9] DEBUG c.i.backend.security.JwtService - Extracting username from JWT token
2026-08-02 14:55:43 [http-nio-8080-exec-9] DEBUG c.i.backend.security.JwtService - Extracting claim from JWT token
2026-08-02 14:55:43 [http-nio-8080-exec-9] DEBUG c.i.backend.security.JwtService - Retrieving signing key for JWT
2026-08-02 14:55:43 [http-nio-8080-exec-9] DEBUG c.i.backend.security.JwtService - Signing key retrieved successfully
2026-08-02 14:55:43 [http-nio-8080-exec-9] DEBUG c.i.backend.security.JwtService - Claims extracted successfully from JWT token
2026-08-02 14:55:43 [http-nio-8080-exec-9] DEBUG c.i.backend.security.JwtService - Username extracted successfully from JWT: anwer
2026-08-02 14:55:43 [http-nio-8080-exec-9] DEBUG c.i.b.s.JwtAuthenticationFilter - Username extracted from JWT: anwer
2026-08-02 14:55:43 [http-nio-8080-exec-9] DEBUG c.i.b.s.JwtAuthenticationFilter - Attempting to authenticate user: anwer for request: GET /api/tasks/null
2026-08-02 14:55:43 [http-nio-8080-exec-9] DEBUG c.i.b.s.JwtAuthenticationFilter - User details found for username: anwer
2026-08-02 14:55:43 [http-nio-8080-exec-9] DEBUG c.i.backend.security.JwtService - Validating JWT token for username: anwer
2026-08-02 14:55:43 [http-nio-8080-exec-9] DEBUG c.i.backend.security.JwtService - Extracting username from JWT token
2026-08-02 14:55:43 [http-nio-8080-exec-9] DEBUG c.i.backend.security.JwtService - Extracting claim from JWT token
2026-08-02 14:55:43 [http-nio-8080-exec-9] DEBUG c.i.backend.security.JwtService - Retrieving signing key for JWT
2026-08-02 14:55:43 [http-nio-8080-exec-9] DEBUG c.i.backend.security.JwtService - Signing key retrieved successfully
2026-08-02 14:55:43 [http-nio-8080-exec-9] DEBUG c.i.backend.security.JwtService - Claims extracted successfully from JWT token
2026-08-02 14:55:43 [http-nio-8080-exec-9] DEBUG c.i.backend.security.JwtService - Username extracted successfully from JWT: anwer
2026-08-02 14:55:43 [http-nio-8080-exec-9] DEBUG c.i.backend.security.JwtService - Checking if JWT token is expired
2026-08-02 14:55:43 [http-nio-8080-exec-9] DEBUG c.i.backend.security.JwtService - Extracting expiration date from JWT token
2026-08-02 14:55:43 [http-nio-8080-exec-9] DEBUG c.i.backend.security.JwtService - Extracting claim from JWT token
2026-08-02 14:55:43 [http-nio-8080-exec-9] DEBUG c.i.backend.security.JwtService - Retrieving signing key for JWT
2026-08-02 14:55:43 [http-nio-8080-exec-9] DEBUG c.i.backend.security.JwtService - Signing key retrieved successfully
2026-08-02 14:55:43 [http-nio-8080-exec-9] DEBUG c.i.backend.security.JwtService - Claims extracted successfully from JWT token
2026-08-02 14:55:43 [http-nio-8080-exec-9] DEBUG c.i.backend.security.JwtService - Expiration date extracted: Mon Aug 03 14:51:08 EEST 2026
2026-08-02 14:55:43 [http-nio-8080-exec-9] DEBUG c.i.backend.security.JwtService - Token expiration check - Expiration Date: Mon Aug 03 14:51:08 EEST 2026, Current Date: Sun Aug 02 14:55:43 EEST 2026, Is Expired: false
2026-08-02 14:55:43 [http-nio-8080-exec-9] DEBUG c.i.backend.security.JwtService - Token validation details - Username: anwer, Username Match: true, Is Expired: false
2026-08-02 14:55:43 [http-nio-8080-exec-9] DEBUG c.i.backend.security.JwtService - JWT token validation successful for username: anwer
2026-08-02 14:55:43 [http-nio-8080-exec-9] DEBUG c.i.b.s.JwtAuthenticationFilter - JWT token validation successful for user: anwer
2026-08-02 14:55:43 [http-nio-8080-exec-9] INFO  c.i.b.s.JwtAuthenticationFilter - User authenticated successfully - Username: anwer, Request: GET /api/tasks/null
2026-08-02 14:55:43 [http-nio-8080-exec-9] WARN  o.s.w.s.m.s.DefaultHandlerExceptionResolver - Resolved [org.springframework.web.method.annotation.MethodArgumentTypeMismatchException: Method parameter 'id': Failed to convert value of type 'java.lang.String' to required type 'java.lang.Long'; For input string: "null"]
2026-08-02 14:55:59 [http-nio-8080-exec-10] DEBUG c.i.b.s.JwtAuthenticationFilter - Processing request - Method: GET, Path: /api/tasks/null
2026-08-02 14:55:59 [http-nio-8080-exec-10] DEBUG c.i.b.s.JwtAuthenticationFilter - JWT token extracted from Authorization header for request: GET /api/tasks/null
2026-08-02 14:55:59 [http-nio-8080-exec-10] DEBUG c.i.backend.security.JwtService - Extracting username from JWT token
2026-08-02 14:55:59 [http-nio-8080-exec-10] DEBUG c.i.backend.security.JwtService - Extracting claim from JWT token
2026-08-02 14:55:59 [http-nio-8080-exec-10] DEBUG c.i.backend.security.JwtService - Retrieving signing key for JWT
2026-08-02 14:55:59 [http-nio-8080-exec-10] DEBUG c.i.backend.security.JwtService - Signing key retrieved successfully
2026-08-02 14:55:59 [http-nio-8080-exec-10] DEBUG c.i.backend.security.JwtService - Claims extracted successfully from JWT token
2026-08-02 14:55:59 [http-nio-8080-exec-10] DEBUG c.i.backend.security.JwtService - Username extracted successfully from JWT: anwer
2026-08-02 14:55:59 [http-nio-8080-exec-10] DEBUG c.i.b.s.JwtAuthenticationFilter - Username extracted from JWT: anwer
2026-08-02 14:55:59 [http-nio-8080-exec-10] DEBUG c.i.b.s.JwtAuthenticationFilter - Attempting to authenticate user: anwer for request: GET /api/tasks/null
2026-08-02 14:55:59 [http-nio-8080-exec-10] DEBUG c.i.b.s.JwtAuthenticationFilter - User details found for username: anwer
2026-08-02 14:55:59 [http-nio-8080-exec-10] DEBUG c.i.backend.security.JwtService - Validating JWT token for username: anwer
2026-08-02 14:55:59 [http-nio-8080-exec-10] DEBUG c.i.backend.security.JwtService - Extracting username from JWT token
2026-08-02 14:55:59 [http-nio-8080-exec-10] DEBUG c.i.backend.security.JwtService - Extracting claim from JWT token
2026-08-02 14:55:59 [http-nio-8080-exec-10] DEBUG c.i.backend.security.JwtService - Retrieving signing key for JWT
2026-08-02 14:55:59 [http-nio-8080-exec-10] DEBUG c.i.backend.security.JwtService - Signing key retrieved successfully
2026-08-02 14:55:59 [http-nio-8080-exec-10] DEBUG c.i.backend.security.JwtService - Claims extracted successfully from JWT token
2026-08-02 14:55:59 [http-nio-8080-exec-10] DEBUG c.i.backend.security.JwtService - Username extracted successfully from JWT: anwer
2026-08-02 14:55:59 [http-nio-8080-exec-10] DEBUG c.i.backend.security.JwtService - Checking if JWT token is expired
2026-08-02 14:55:59 [http-nio-8080-exec-10] DEBUG c.i.backend.security.JwtService - Extracting expiration date from JWT token
2026-08-02 14:55:59 [http-nio-8080-exec-10] DEBUG c.i.backend.security.JwtService - Extracting claim from JWT token
2026-08-02 14:55:59 [http-nio-8080-exec-10] DEBUG c.i.backend.security.JwtService - Retrieving signing key for JWT
2026-08-02 14:55:59 [http-nio-8080-exec-10] DEBUG c.i.backend.security.JwtService - Signing key retrieved successfully
2026-08-02 14:55:59 [http-nio-8080-exec-10] DEBUG c.i.backend.security.JwtService - Claims extracted successfully from JWT token
2026-08-02 14:55:59 [http-nio-8080-exec-10] DEBUG c.i.backend.security.JwtService - Expiration date extracted: Mon Aug 03 14:51:08 EEST 2026
2026-08-02 14:55:59 [http-nio-8080-exec-10] DEBUG c.i.backend.security.JwtService - Token expiration check - Expiration Date: Mon Aug 03 14:51:08 EEST 2026, Current Date: Sun Aug 02 14:55:59 EEST 2026, Is Expired: false
2026-08-02 14:55:59 [http-nio-8080-exec-10] DEBUG c.i.backend.security.JwtService - Token validation details - Username: anwer, Username Match: true, Is Expired: false
2026-08-02 14:55:59 [http-nio-8080-exec-10] DEBUG c.i.backend.security.JwtService - JWT token validation successful for username: anwer
2026-08-02 14:55:59 [http-nio-8080-exec-10] DEBUG c.i.b.s.JwtAuthenticationFilter - JWT token validation successful for user: anwer
2026-08-02 14:55:59 [http-nio-8080-exec-10] INFO  c.i.b.s.JwtAuthenticationFilter - User authenticated successfully - Username: anwer, Request: GET /api/tasks/null
2026-08-02 14:55:59 [http-nio-8080-exec-10] WARN  o.s.w.s.m.s.DefaultHandlerExceptionResolver - Resolved [org.springframework.web.method.annotation.MethodArgumentTypeMismatchException: Method parameter 'id': Failed to convert value of type 'java.lang.String' to required type 'java.lang.Long'; For input string: "null"]
2026-08-02 14:56:31 [http-nio-8080-exec-1] DEBUG c.i.b.s.JwtAuthenticationFilter - Processing request - Method: GET, Path: /api/tasks
2026-08-02 14:56:31 [http-nio-8080-exec-1] DEBUG c.i.b.s.JwtAuthenticationFilter - JWT token extracted from Authorization header for request: GET /api/tasks
2026-08-02 14:56:31 [http-nio-8080-exec-1] DEBUG c.i.backend.security.JwtService - Extracting username from JWT token
2026-08-02 14:56:31 [http-nio-8080-exec-1] DEBUG c.i.backend.security.JwtService - Extracting claim from JWT token
2026-08-02 14:56:31 [http-nio-8080-exec-1] DEBUG c.i.backend.security.JwtService - Retrieving signing key for JWT
2026-08-02 14:56:31 [http-nio-8080-exec-1] DEBUG c.i.backend.security.JwtService - Signing key retrieved successfully
2026-08-02 14:56:31 [http-nio-8080-exec-1] DEBUG c.i.backend.security.JwtService - Claims extracted successfully from JWT token
2026-08-02 14:56:31 [http-nio-8080-exec-1] DEBUG c.i.backend.security.JwtService - Username extracted successfully from JWT: anwer
2026-08-02 14:56:31 [http-nio-8080-exec-1] DEBUG c.i.b.s.JwtAuthenticationFilter - Username extracted from JWT: anwer
2026-08-02 14:56:31 [http-nio-8080-exec-1] DEBUG c.i.b.s.JwtAuthenticationFilter - Attempting to authenticate user: anwer for request: GET /api/tasks
2026-08-02 14:56:31 [http-nio-8080-exec-1] DEBUG c.i.b.s.JwtAuthenticationFilter - User details found for username: anwer
2026-08-02 14:56:31 [http-nio-8080-exec-1] DEBUG c.i.backend.security.JwtService - Validating JWT token for username: anwer
2026-08-02 14:56:31 [http-nio-8080-exec-1] DEBUG c.i.backend.security.JwtService - Extracting username from JWT token
2026-08-02 14:56:31 [http-nio-8080-exec-1] DEBUG c.i.backend.security.JwtService - Extracting claim from JWT token
2026-08-02 14:56:31 [http-nio-8080-exec-1] DEBUG c.i.backend.security.JwtService - Retrieving signing key for JWT
2026-08-02 14:56:31 [http-nio-8080-exec-1] DEBUG c.i.backend.security.JwtService - Signing key retrieved successfully
2026-08-02 14:56:31 [http-nio-8080-exec-1] DEBUG c.i.backend.security.JwtService - Claims extracted successfully from JWT token
2026-08-02 14:56:31 [http-nio-8080-exec-1] DEBUG c.i.backend.security.JwtService - Username extracted successfully from JWT: anwer
2026-08-02 14:56:31 [http-nio-8080-exec-1] DEBUG c.i.backend.security.JwtService - Checking if JWT token is expired
2026-08-02 14:56:31 [http-nio-8080-exec-1] DEBUG c.i.backend.security.JwtService - Extracting expiration date from JWT token
2026-08-02 14:56:31 [http-nio-8080-exec-1] DEBUG c.i.backend.security.JwtService - Extracting claim from JWT token
2026-08-02 14:56:31 [http-nio-8080-exec-1] DEBUG c.i.backend.security.JwtService - Retrieving signing key for JWT
2026-08-02 14:56:31 [http-nio-8080-exec-1] DEBUG c.i.backend.security.JwtService - Signing key retrieved successfully
2026-08-02 14:56:31 [http-nio-8080-exec-1] DEBUG c.i.backend.security.JwtService - Claims extracted successfully from JWT token
2026-08-02 14:56:31 [http-nio-8080-exec-1] DEBUG c.i.backend.security.JwtService - Expiration date extracted: Mon Aug 03 14:51:08 EEST 2026
2026-08-02 14:56:31 [http-nio-8080-exec-1] DEBUG c.i.backend.security.JwtService - Token expiration check - Expiration Date: Mon Aug 03 14:51:08 EEST 2026, Current Date: Sun Aug 02 14:56:31 EEST 2026, Is Expired: false
2026-08-02 14:56:31 [http-nio-8080-exec-1] DEBUG c.i.backend.security.JwtService - Token validation details - Username: anwer, Username Match: true, Is Expired: false
2026-08-02 14:56:31 [http-nio-8080-exec-1] DEBUG c.i.backend.security.JwtService - JWT token validation successful for username: anwer
2026-08-02 14:56:31 [http-nio-8080-exec-1] DEBUG c.i.b.s.JwtAuthenticationFilter - JWT token validation successful for user: anwer
2026-08-02 14:56:31 [http-nio-8080-exec-1] INFO  c.i.b.s.JwtAuthenticationFilter - User authenticated successfully - Username: anwer, Request: GET /api/tasks
2026-08-02 14:56:31 [http-nio-8080-exec-1] INFO  c.i.b.controller.TaskController - Fetching tasks for user: anwer - Status filter: null, Priority filter: null
2026-08-02 14:56:31 [http-nio-8080-exec-1] DEBUG c.i.backend.service.TaskService - Fetching tasks for user: anwer - Status filter: null, Priority filter: null
2026-08-02 14:56:31 [http-nio-8080-exec-1] DEBUG c.i.backend.service.TaskService - Querying all tasks for user: anwer
2026-08-02 14:56:31 [http-nio-8080-exec-1] INFO  c.i.backend.service.TaskService - Retrieved 0 tasks for user: anwer
2026-08-02 14:56:31 [http-nio-8080-exec-1] DEBUG c.i.backend.service.TaskService - Converted 0 tasks to response DTOs for user: anwer
2026-08-02 14:56:31 [http-nio-8080-exec-1] INFO  c.i.b.controller.TaskController - Tasks fetched successfully for user: anwer - Count: 0 - Duration: 8ms
2026-08-02 14:56:34 [http-nio-8080-exec-2] DEBUG c.i.b.s.JwtAuthenticationFilter - Processing request - Method: GET, Path: /api/tasks/null
2026-08-02 14:56:34 [http-nio-8080-exec-2] DEBUG c.i.b.s.JwtAuthenticationFilter - JWT token extracted from Authorization header for request: GET /api/tasks/null
2026-08-02 14:56:34 [http-nio-8080-exec-2] DEBUG c.i.backend.security.JwtService - Extracting username from JWT token
2026-08-02 14:56:34 [http-nio-8080-exec-2] DEBUG c.i.backend.security.JwtService - Extracting claim from JWT token
2026-08-02 14:56:34 [http-nio-8080-exec-2] DEBUG c.i.backend.security.JwtService - Retrieving signing key for JWT
2026-08-02 14:56:34 [http-nio-8080-exec-2] DEBUG c.i.backend.security.JwtService - Signing key retrieved successfully
2026-08-02 14:56:34 [http-nio-8080-exec-2] DEBUG c.i.backend.security.JwtService - Claims extracted successfully from JWT token
2026-08-02 14:56:34 [http-nio-8080-exec-2] DEBUG c.i.backend.security.JwtService - Username extracted successfully from JWT: anwer
2026-08-02 14:56:34 [http-nio-8080-exec-2] DEBUG c.i.b.s.JwtAuthenticationFilter - Username extracted from JWT: anwer
2026-08-02 14:56:34 [http-nio-8080-exec-2] DEBUG c.i.b.s.JwtAuthenticationFilter - Attempting to authenticate user: anwer for request: GET /api/tasks/null
2026-08-02 14:56:34 [http-nio-8080-exec-2] DEBUG c.i.b.s.JwtAuthenticationFilter - User details found for username: anwer
2026-08-02 14:56:34 [http-nio-8080-exec-2] DEBUG c.i.backend.security.JwtService - Validating JWT token for username: anwer
2026-08-02 14:56:34 [http-nio-8080-exec-2] DEBUG c.i.backend.security.JwtService - Extracting username from JWT token
2026-08-02 14:56:34 [http-nio-8080-exec-2] DEBUG c.i.backend.security.JwtService - Extracting claim from JWT token
2026-08-02 14:56:34 [http-nio-8080-exec-2] DEBUG c.i.backend.security.JwtService - Retrieving signing key for JWT
2026-08-02 14:56:34 [http-nio-8080-exec-2] DEBUG c.i.backend.security.JwtService - Signing key retrieved successfully
2026-08-02 14:56:34 [http-nio-8080-exec-2] DEBUG c.i.backend.security.JwtService - Claims extracted successfully from JWT token
2026-08-02 14:56:34 [http-nio-8080-exec-2] DEBUG c.i.backend.security.JwtService - Username extracted successfully from JWT: anwer
2026-08-02 14:56:34 [http-nio-8080-exec-2] DEBUG c.i.backend.security.JwtService - Checking if JWT token is expired
2026-08-02 14:56:34 [http-nio-8080-exec-2] DEBUG c.i.backend.security.JwtService - Extracting expiration date from JWT token
2026-08-02 14:56:34 [http-nio-8080-exec-2] DEBUG c.i.backend.security.JwtService - Extracting claim from JWT token
2026-08-02 14:56:34 [http-nio-8080-exec-2] DEBUG c.i.backend.security.JwtService - Retrieving signing key for JWT
2026-08-02 14:56:34 [http-nio-8080-exec-2] DEBUG c.i.backend.security.JwtService - Signing key retrieved successfully
2026-08-02 14:56:34 [http-nio-8080-exec-2] DEBUG c.i.backend.security.JwtService - Claims extracted successfully from JWT token
2026-08-02 14:56:34 [http-nio-8080-exec-2] DEBUG c.i.backend.security.JwtService - Expiration date extracted: Mon Aug 03 14:51:08 EEST 2026
2026-08-02 14:56:34 [http-nio-8080-exec-2] DEBUG c.i.backend.security.JwtService - Token expiration check - Expiration Date: Mon Aug 03 14:51:08 EEST 2026, Current Date: Sun Aug 02 14:56:34 EEST 2026, Is Expired: false
2026-08-02 14:56:34 [http-nio-8080-exec-2] DEBUG c.i.backend.security.JwtService - Token validation details - Username: anwer, Username Match: true, Is Expired: false
2026-08-02 14:56:34 [http-nio-8080-exec-2] DEBUG c.i.backend.security.JwtService - JWT token validation successful for username: anwer
2026-08-02 14:56:34 [http-nio-8080-exec-2] DEBUG c.i.b.s.JwtAuthenticationFilter - JWT token validation successful for user: anwer
2026-08-02 14:56:34 [http-nio-8080-exec-2] INFO  c.i.b.s.JwtAuthenticationFilter - User authenticated successfully - Username: anwer, Request: GET /api/tasks/null
2026-08-02 14:56:34 [http-nio-8080-exec-2] WARN  o.s.w.s.m.s.DefaultHandlerExceptionResolver - Resolved [org.springframework.web.method.annotation.MethodArgumentTypeMismatchException: Method parameter 'id': Failed to convert value of type 'java.lang.String' to required type 'java.lang.Long'; For input string: "null"]
2026-08-02 14:56:43 [http-nio-8080-exec-7] DEBUG c.i.b.s.JwtAuthenticationFilter - Processing request - Method: POST, Path: /api/tasks
2026-08-02 14:56:43 [http-nio-8080-exec-7] DEBUG c.i.b.s.JwtAuthenticationFilter - JWT token extracted from Authorization header for request: POST /api/tasks
2026-08-02 14:56:43 [http-nio-8080-exec-7] DEBUG c.i.backend.security.JwtService - Extracting username from JWT token
2026-08-02 14:56:43 [http-nio-8080-exec-7] DEBUG c.i.backend.security.JwtService - Extracting claim from JWT token
2026-08-02 14:56:43 [http-nio-8080-exec-7] DEBUG c.i.backend.security.JwtService - Retrieving signing key for JWT
2026-08-02 14:56:43 [http-nio-8080-exec-7] DEBUG c.i.backend.security.JwtService - Signing key retrieved successfully
2026-08-02 14:56:43 [http-nio-8080-exec-7] DEBUG c.i.backend.security.JwtService - Claims extracted successfully from JWT token
2026-08-02 14:56:43 [http-nio-8080-exec-7] DEBUG c.i.backend.security.JwtService - Username extracted successfully from JWT: anwer
2026-08-02 14:56:43 [http-nio-8080-exec-7] DEBUG c.i.b.s.JwtAuthenticationFilter - Username extracted from JWT: anwer
2026-08-02 14:56:43 [http-nio-8080-exec-7] DEBUG c.i.b.s.JwtAuthenticationFilter - Attempting to authenticate user: anwer for request: POST /api/tasks
2026-08-02 14:56:43 [http-nio-8080-exec-7] DEBUG c.i.b.s.JwtAuthenticationFilter - User details found for username: anwer
2026-08-02 14:56:43 [http-nio-8080-exec-7] DEBUG c.i.backend.security.JwtService - Validating JWT token for username: anwer
2026-08-02 14:56:43 [http-nio-8080-exec-7] DEBUG c.i.backend.security.JwtService - Extracting username from JWT token
2026-08-02 14:56:43 [http-nio-8080-exec-7] DEBUG c.i.backend.security.JwtService - Extracting claim from JWT token
2026-08-02 14:56:43 [http-nio-8080-exec-7] DEBUG c.i.backend.security.JwtService - Retrieving signing key for JWT
2026-08-02 14:56:43 [http-nio-8080-exec-7] DEBUG c.i.backend.security.JwtService - Signing key retrieved successfully
2026-08-02 14:56:43 [http-nio-8080-exec-7] DEBUG c.i.backend.security.JwtService - Claims extracted successfully from JWT token
2026-08-02 14:56:43 [http-nio-8080-exec-7] DEBUG c.i.backend.security.JwtService - Username extracted successfully from JWT: anwer
2026-08-02 14:56:43 [http-nio-8080-exec-7] DEBUG c.i.backend.security.JwtService - Checking if JWT token is expired
2026-08-02 14:56:43 [http-nio-8080-exec-7] DEBUG c.i.backend.security.JwtService - Extracting expiration date from JWT token
2026-08-02 14:56:43 [http-nio-8080-exec-7] DEBUG c.i.backend.security.JwtService - Extracting claim from JWT token
2026-08-02 14:56:43 [http-nio-8080-exec-7] DEBUG c.i.backend.security.JwtService - Retrieving signing key for JWT
2026-08-02 14:56:43 [http-nio-8080-exec-7] DEBUG c.i.backend.security.JwtService - Signing key retrieved successfully
2026-08-02 14:56:43 [http-nio-8080-exec-7] DEBUG c.i.backend.security.JwtService - Claims extracted successfully from JWT token
2026-08-02 14:56:43 [http-nio-8080-exec-7] DEBUG c.i.backend.security.JwtService - Expiration date extracted: Mon Aug 03 14:51:08 EEST 2026
2026-08-02 14:56:43 [http-nio-8080-exec-7] DEBUG c.i.backend.security.JwtService - Token expiration check - Expiration Date: Mon Aug 03 14:51:08 EEST 2026, Current Date: Sun Aug 02 14:56:43 EEST 2026, Is Expired: false
2026-08-02 14:56:43 [http-nio-8080-exec-7] DEBUG c.i.backend.security.JwtService - Token validation details - Username: anwer, Username Match: true, Is Expired: false
2026-08-02 14:56:43 [http-nio-8080-exec-7] DEBUG c.i.backend.security.JwtService - JWT token validation successful for username: anwer
2026-08-02 14:56:43 [http-nio-8080-exec-7] DEBUG c.i.b.s.JwtAuthenticationFilter - JWT token validation successful for user: anwer
2026-08-02 14:56:43 [http-nio-8080-exec-7] INFO  c.i.b.s.JwtAuthenticationFilter - User authenticated successfully - Username: anwer, Request: POST /api/tasks
2026-08-02 14:56:43 [http-nio-8080-exec-7] INFO  c.i.b.controller.TaskController - Creating new task for user: anwer - Title: gggg
2026-08-02 14:56:43 [http-nio-8080-exec-7] DEBUG c.i.backend.service.TaskService - Creating new task for user: anwer - Title: 'gggg', Priority: MEDIUM, Status: IN_PROGRESS
2026-08-02 14:56:43 [http-nio-8080-exec-7] DEBUG c.i.backend.service.TaskService - Built task object - preparing to save for user: anwer
2026-08-02 14:56:43 [http-nio-8080-exec-7] INFO  c.i.backend.service.TaskService - Task created and saved successfully - ID: 2, User: anwer
2026-08-02 14:56:43 [http-nio-8080-exec-7] DEBUG c.i.backend.service.TaskService - Task response DTO created for task ID: 2
2026-08-02 14:56:43 [http-nio-8080-exec-7] INFO  c.i.b.controller.TaskController - Task created successfully for user: anwer - Task ID: 2 - Duration: 65ms
2026-08-02 14:56:43 [http-nio-8080-exec-3] DEBUG c.i.b.s.JwtAuthenticationFilter - Processing request - Method: GET, Path: /api/tasks
2026-08-02 14:56:43 [http-nio-8080-exec-3] DEBUG c.i.b.s.JwtAuthenticationFilter - JWT token extracted from Authorization header for request: GET /api/tasks
2026-08-02 14:56:43 [http-nio-8080-exec-3] DEBUG c.i.backend.security.JwtService - Extracting username from JWT token
2026-08-02 14:56:43 [http-nio-8080-exec-3] DEBUG c.i.backend.security.JwtService - Extracting claim from JWT token
2026-08-02 14:56:43 [http-nio-8080-exec-3] DEBUG c.i.backend.security.JwtService - Retrieving signing key for JWT
2026-08-02 14:56:43 [http-nio-8080-exec-3] DEBUG c.i.backend.security.JwtService - Signing key retrieved successfully
2026-08-02 14:56:43 [http-nio-8080-exec-3] DEBUG c.i.backend.security.JwtService - Claims extracted successfully from JWT token
2026-08-02 14:56:43 [http-nio-8080-exec-3] DEBUG c.i.backend.security.JwtService - Username extracted successfully from JWT: anwer
2026-08-02 14:56:43 [http-nio-8080-exec-3] DEBUG c.i.b.s.JwtAuthenticationFilter - Username extracted from JWT: anwer
2026-08-02 14:56:43 [http-nio-8080-exec-3] DEBUG c.i.b.s.JwtAuthenticationFilter - Attempting to authenticate user: anwer for request: GET /api/tasks
2026-08-02 14:56:43 [http-nio-8080-exec-3] DEBUG c.i.b.s.JwtAuthenticationFilter - User details found for username: anwer
2026-08-02 14:56:43 [http-nio-8080-exec-3] DEBUG c.i.backend.security.JwtService - Validating JWT token for username: anwer
2026-08-02 14:56:43 [http-nio-8080-exec-3] DEBUG c.i.backend.security.JwtService - Extracting username from JWT token
2026-08-02 14:56:43 [http-nio-8080-exec-3] DEBUG c.i.backend.security.JwtService - Extracting claim from JWT token
2026-08-02 14:56:43 [http-nio-8080-exec-3] DEBUG c.i.backend.security.JwtService - Retrieving signing key for JWT
2026-08-02 14:56:43 [http-nio-8080-exec-3] DEBUG c.i.backend.security.JwtService - Signing key retrieved successfully
2026-08-02 14:56:43 [http-nio-8080-exec-3] DEBUG c.i.backend.security.JwtService - Claims extracted successfully from JWT token
2026-08-02 14:56:43 [http-nio-8080-exec-3] DEBUG c.i.backend.security.JwtService - Username extracted successfully from JWT: anwer
2026-08-02 14:56:43 [http-nio-8080-exec-3] DEBUG c.i.backend.security.JwtService - Checking if JWT token is expired
2026-08-02 14:56:43 [http-nio-8080-exec-3] DEBUG c.i.backend.security.JwtService - Extracting expiration date from JWT token
2026-08-02 14:56:43 [http-nio-8080-exec-3] DEBUG c.i.backend.security.JwtService - Extracting claim from JWT token
2026-08-02 14:56:43 [http-nio-8080-exec-3] DEBUG c.i.backend.security.JwtService - Retrieving signing key for JWT
2026-08-02 14:56:43 [http-nio-8080-exec-3] DEBUG c.i.backend.security.JwtService - Signing key retrieved successfully
2026-08-02 14:56:43 [http-nio-8080-exec-3] DEBUG c.i.backend.security.JwtService - Claims extracted successfully from JWT token
2026-08-02 14:56:43 [http-nio-8080-exec-3] DEBUG c.i.backend.security.JwtService - Expiration date extracted: Mon Aug 03 14:51:08 EEST 2026
2026-08-02 14:56:43 [http-nio-8080-exec-3] DEBUG c.i.backend.security.JwtService - Token expiration check - Expiration Date: Mon Aug 03 14:51:08 EEST 2026, Current Date: Sun Aug 02 14:56:43 EEST 2026, Is Expired: false
2026-08-02 14:56:43 [http-nio-8080-exec-3] DEBUG c.i.backend.security.JwtService - Token validation details - Username: anwer, Username Match: true, Is Expired: false
2026-08-02 14:56:43 [http-nio-8080-exec-3] DEBUG c.i.backend.security.JwtService - JWT token validation successful for username: anwer
2026-08-02 14:56:43 [http-nio-8080-exec-3] DEBUG c.i.b.s.JwtAuthenticationFilter - JWT token validation successful for user: anwer
2026-08-02 14:56:43 [http-nio-8080-exec-3] INFO  c.i.b.s.JwtAuthenticationFilter - User authenticated successfully - Username: anwer, Request: GET /api/tasks
2026-08-02 14:56:43 [http-nio-8080-exec-3] INFO  c.i.b.controller.TaskController - Fetching tasks for user: anwer - Status filter: null, Priority filter: null
2026-08-02 14:56:43 [http-nio-8080-exec-3] DEBUG c.i.backend.service.TaskService - Fetching tasks for user: anwer - Status filter: null, Priority filter: null
2026-08-02 14:56:43 [http-nio-8080-exec-3] DEBUG c.i.backend.service.TaskService - Querying all tasks for user: anwer
2026-08-02 14:56:43 [http-nio-8080-exec-3] INFO  c.i.backend.service.TaskService - Retrieved 1 tasks for user: anwer
2026-08-02 14:56:43 [http-nio-8080-exec-3] DEBUG c.i.backend.service.TaskService - Converted 1 tasks to response DTOs for user: anwer
2026-08-02 14:56:43 [http-nio-8080-exec-3] INFO  c.i.b.controller.TaskController - Tasks fetched successfully for user: anwer - Count: 1 - Duration: 13ms
2026-08-02 14:56:48 [http-nio-8080-exec-6] DEBUG c.i.b.s.JwtAuthenticationFilter - Processing request - Method: GET, Path: /api/tasks
2026-08-02 14:56:48 [http-nio-8080-exec-6] DEBUG c.i.b.s.JwtAuthenticationFilter - JWT token extracted from Authorization header for request: GET /api/tasks
2026-08-02 14:56:48 [http-nio-8080-exec-6] DEBUG c.i.backend.security.JwtService - Extracting username from JWT token
2026-08-02 14:56:48 [http-nio-8080-exec-6] DEBUG c.i.backend.security.JwtService - Extracting claim from JWT token
2026-08-02 14:56:48 [http-nio-8080-exec-6] DEBUG c.i.backend.security.JwtService - Retrieving signing key for JWT
2026-08-02 14:56:48 [http-nio-8080-exec-6] DEBUG c.i.backend.security.JwtService - Signing key retrieved successfully
2026-08-02 14:56:48 [http-nio-8080-exec-6] DEBUG c.i.backend.security.JwtService - Claims extracted successfully from JWT token
2026-08-02 14:56:48 [http-nio-8080-exec-6] DEBUG c.i.backend.security.JwtService - Username extracted successfully from JWT: anwer
2026-08-02 14:56:48 [http-nio-8080-exec-6] DEBUG c.i.b.s.JwtAuthenticationFilter - Username extracted from JWT: anwer
2026-08-02 14:56:48 [http-nio-8080-exec-6] DEBUG c.i.b.s.JwtAuthenticationFilter - Attempting to authenticate user: anwer for request: GET /api/tasks
2026-08-02 14:56:48 [http-nio-8080-exec-6] DEBUG c.i.b.s.JwtAuthenticationFilter - User details found for username: anwer
2026-08-02 14:56:48 [http-nio-8080-exec-6] DEBUG c.i.backend.security.JwtService - Validating JWT token for username: anwer
2026-08-02 14:56:48 [http-nio-8080-exec-6] DEBUG c.i.backend.security.JwtService - Extracting username from JWT token
2026-08-02 14:56:48 [http-nio-8080-exec-6] DEBUG c.i.backend.security.JwtService - Extracting claim from JWT token
2026-08-02 14:56:48 [http-nio-8080-exec-6] DEBUG c.i.backend.security.JwtService - Retrieving signing key for JWT
2026-08-02 14:56:48 [http-nio-8080-exec-6] DEBUG c.i.backend.security.JwtService - Signing key retrieved successfully
2026-08-02 14:56:48 [http-nio-8080-exec-6] DEBUG c.i.backend.security.JwtService - Claims extracted successfully from JWT token
2026-08-02 14:56:48 [http-nio-8080-exec-6] DEBUG c.i.backend.security.JwtService - Username extracted successfully from JWT: anwer
2026-08-02 14:56:48 [http-nio-8080-exec-6] DEBUG c.i.backend.security.JwtService - Checking if JWT token is expired
2026-08-02 14:56:48 [http-nio-8080-exec-6] DEBUG c.i.backend.security.JwtService - Extracting expiration date from JWT token
2026-08-02 14:56:48 [http-nio-8080-exec-6] DEBUG c.i.backend.security.JwtService - Extracting claim from JWT token
2026-08-02 14:56:48 [http-nio-8080-exec-6] DEBUG c.i.backend.security.JwtService - Retrieving signing key for JWT
2026-08-02 14:56:48 [http-nio-8080-exec-6] DEBUG c.i.backend.security.JwtService - Signing key retrieved successfully
2026-08-02 14:56:48 [http-nio-8080-exec-6] DEBUG c.i.backend.security.JwtService - Claims extracted successfully from JWT token
2026-08-02 14:56:48 [http-nio-8080-exec-6] DEBUG c.i.backend.security.JwtService - Expiration date extracted: Mon Aug 03 14:51:08 EEST 2026
2026-08-02 14:56:48 [http-nio-8080-exec-6] DEBUG c.i.backend.security.JwtService - Token expiration check - Expiration Date: Mon Aug 03 14:51:08 EEST 2026, Current Date: Sun Aug 02 14:56:48 EEST 2026, Is Expired: false
2026-08-02 14:56:48 [http-nio-8080-exec-6] DEBUG c.i.backend.security.JwtService - Token validation details - Username: anwer, Username Match: true, Is Expired: false
2026-08-02 14:56:48 [http-nio-8080-exec-6] DEBUG c.i.backend.security.JwtService - JWT token validation successful for username: anwer
2026-08-02 14:56:48 [http-nio-8080-exec-6] DEBUG c.i.b.s.JwtAuthenticationFilter - JWT token validation successful for user: anwer
2026-08-02 14:56:48 [http-nio-8080-exec-6] INFO  c.i.b.s.JwtAuthenticationFilter - User authenticated successfully - Username: anwer, Request: GET /api/tasks
2026-08-02 14:56:48 [http-nio-8080-exec-6] INFO  c.i.b.controller.TaskController - Fetching tasks for user: anwer - Status filter: IN_PROGRESS, Priority filter: null
2026-08-02 14:56:48 [http-nio-8080-exec-6] DEBUG c.i.backend.service.TaskService - Fetching tasks for user: anwer - Status filter: IN_PROGRESS, Priority filter: null
2026-08-02 14:56:48 [http-nio-8080-exec-6] DEBUG c.i.backend.service.TaskService - Querying tasks with status filter for user: anwer
2026-08-02 14:56:48 [http-nio-8080-exec-6] INFO  c.i.backend.service.TaskService - Retrieved 1 tasks for user: anwer
2026-08-02 14:56:48 [http-nio-8080-exec-6] DEBUG c.i.backend.service.TaskService - Converted 1 tasks to response DTOs for user: anwer
2026-08-02 14:56:48 [http-nio-8080-exec-6] INFO  c.i.b.controller.TaskController - Tasks fetched successfully for user: anwer - Count: 1 - Duration: 17ms
2026-08-02 14:56:50 [http-nio-8080-exec-8] DEBUG c.i.b.s.JwtAuthenticationFilter - Processing request - Method: GET, Path: /api/tasks
2026-08-02 14:56:50 [http-nio-8080-exec-8] DEBUG c.i.b.s.JwtAuthenticationFilter - JWT token extracted from Authorization header for request: GET /api/tasks
2026-08-02 14:56:50 [http-nio-8080-exec-8] DEBUG c.i.backend.security.JwtService - Extracting username from JWT token
2026-08-02 14:56:50 [http-nio-8080-exec-8] DEBUG c.i.backend.security.JwtService - Extracting claim from JWT token
2026-08-02 14:56:50 [http-nio-8080-exec-8] DEBUG c.i.backend.security.JwtService - Retrieving signing key for JWT
2026-08-02 14:56:50 [http-nio-8080-exec-8] DEBUG c.i.backend.security.JwtService - Signing key retrieved successfully
2026-08-02 14:56:50 [http-nio-8080-exec-8] DEBUG c.i.backend.security.JwtService - Claims extracted successfully from JWT token
2026-08-02 14:56:50 [http-nio-8080-exec-8] DEBUG c.i.backend.security.JwtService - Username extracted successfully from JWT: anwer
2026-08-02 14:56:50 [http-nio-8080-exec-8] DEBUG c.i.b.s.JwtAuthenticationFilter - Username extracted from JWT: anwer
2026-08-02 14:56:50 [http-nio-8080-exec-8] DEBUG c.i.b.s.JwtAuthenticationFilter - Attempting to authenticate user: anwer for request: GET /api/tasks
2026-08-02 14:56:50 [http-nio-8080-exec-8] DEBUG c.i.b.s.JwtAuthenticationFilter - User details found for username: anwer
2026-08-02 14:56:50 [http-nio-8080-exec-8] DEBUG c.i.backend.security.JwtService - Validating JWT token for username: anwer
2026-08-02 14:56:50 [http-nio-8080-exec-8] DEBUG c.i.backend.security.JwtService - Extracting username from JWT token
2026-08-02 14:56:50 [http-nio-8080-exec-8] DEBUG c.i.backend.security.JwtService - Extracting claim from JWT token
2026-08-02 14:56:50 [http-nio-8080-exec-8] DEBUG c.i.backend.security.JwtService - Retrieving signing key for JWT
2026-08-02 14:56:50 [http-nio-8080-exec-8] DEBUG c.i.backend.security.JwtService - Signing key retrieved successfully
2026-08-02 14:56:50 [http-nio-8080-exec-8] DEBUG c.i.backend.security.JwtService - Claims extracted successfully from JWT token
2026-08-02 14:56:50 [http-nio-8080-exec-8] DEBUG c.i.backend.security.JwtService - Username extracted successfully from JWT: anwer
2026-08-02 14:56:50 [http-nio-8080-exec-8] DEBUG c.i.backend.security.JwtService - Checking if JWT token is expired
2026-08-02 14:56:50 [http-nio-8080-exec-8] DEBUG c.i.backend.security.JwtService - Extracting expiration date from JWT token
2026-08-02 14:56:50 [http-nio-8080-exec-8] DEBUG c.i.backend.security.JwtService - Extracting claim from JWT token
2026-08-02 14:56:50 [http-nio-8080-exec-8] DEBUG c.i.backend.security.JwtService - Retrieving signing key for JWT
2026-08-02 14:56:50 [http-nio-8080-exec-8] DEBUG c.i.backend.security.JwtService - Signing key retrieved successfully
2026-08-02 14:56:50 [http-nio-8080-exec-8] DEBUG c.i.backend.security.JwtService - Claims extracted successfully from JWT token
2026-08-02 14:56:50 [http-nio-8080-exec-8] DEBUG c.i.backend.security.JwtService - Expiration date extracted: Mon Aug 03 14:51:08 EEST 2026
2026-08-02 14:56:50 [http-nio-8080-exec-8] DEBUG c.i.backend.security.JwtService - Token expiration check - Expiration Date: Mon Aug 03 14:51:08 EEST 2026, Current Date: Sun Aug 02 14:56:50 EEST 2026, Is Expired: false
2026-08-02 14:56:50 [http-nio-8080-exec-8] DEBUG c.i.backend.security.JwtService - Token validation details - Username: anwer, Username Match: true, Is Expired: false
2026-08-02 14:56:50 [http-nio-8080-exec-8] DEBUG c.i.backend.security.JwtService - JWT token validation successful for username: anwer
2026-08-02 14:56:50 [http-nio-8080-exec-8] DEBUG c.i.b.s.JwtAuthenticationFilter - JWT token validation successful for user: anwer
2026-08-02 14:56:50 [http-nio-8080-exec-8] INFO  c.i.b.s.JwtAuthenticationFilter - User authenticated successfully - Username: anwer, Request: GET /api/tasks
2026-08-02 14:56:50 [http-nio-8080-exec-8] INFO  c.i.b.controller.TaskController - Fetching tasks for user: anwer - Status filter: TODO, Priority filter: null
2026-08-02 14:56:50 [http-nio-8080-exec-8] DEBUG c.i.backend.service.TaskService - Fetching tasks for user: anwer - Status filter: TODO, Priority filter: null
2026-08-02 14:56:50 [http-nio-8080-exec-8] DEBUG c.i.backend.service.TaskService - Querying tasks with status filter for user: anwer
2026-08-02 14:56:50 [http-nio-8080-exec-8] INFO  c.i.backend.service.TaskService - Retrieved 0 tasks for user: anwer
2026-08-02 14:56:50 [http-nio-8080-exec-8] DEBUG c.i.backend.service.TaskService - Converted 0 tasks to response DTOs for user: anwer
2026-08-02 14:56:50 [http-nio-8080-exec-8] INFO  c.i.b.controller.TaskController - Tasks fetched successfully for user: anwer - Count: 0 - Duration: 6ms
2026-08-02 14:56:52 [http-nio-8080-exec-9] DEBUG c.i.b.s.JwtAuthenticationFilter - Processing request - Method: GET, Path: /api/tasks
2026-08-02 14:56:52 [http-nio-8080-exec-9] DEBUG c.i.b.s.JwtAuthenticationFilter - JWT token extracted from Authorization header for request: GET /api/tasks
2026-08-02 14:56:52 [http-nio-8080-exec-9] DEBUG c.i.backend.security.JwtService - Extracting username from JWT token
2026-08-02 14:56:52 [http-nio-8080-exec-9] DEBUG c.i.backend.security.JwtService - Extracting claim from JWT token
2026-08-02 14:56:52 [http-nio-8080-exec-9] DEBUG c.i.backend.security.JwtService - Retrieving signing key for JWT
2026-08-02 14:56:52 [http-nio-8080-exec-9] DEBUG c.i.backend.security.JwtService - Signing key retrieved successfully
2026-08-02 14:56:52 [http-nio-8080-exec-9] DEBUG c.i.backend.security.JwtService - Claims extracted successfully from JWT token
2026-08-02 14:56:52 [http-nio-8080-exec-9] DEBUG c.i.backend.security.JwtService - Username extracted successfully from JWT: anwer
2026-08-02 14:56:52 [http-nio-8080-exec-9] DEBUG c.i.b.s.JwtAuthenticationFilter - Username extracted from JWT: anwer
2026-08-02 14:56:52 [http-nio-8080-exec-9] DEBUG c.i.b.s.JwtAuthenticationFilter - Attempting to authenticate user: anwer for request: GET /api/tasks
2026-08-02 14:56:52 [http-nio-8080-exec-9] DEBUG c.i.b.s.JwtAuthenticationFilter - User details found for username: anwer
2026-08-02 14:56:52 [http-nio-8080-exec-9] DEBUG c.i.backend.security.JwtService - Validating JWT token for username: anwer
2026-08-02 14:56:52 [http-nio-8080-exec-9] DEBUG c.i.backend.security.JwtService - Extracting username from JWT token
2026-08-02 14:56:52 [http-nio-8080-exec-9] DEBUG c.i.backend.security.JwtService - Extracting claim from JWT token
2026-08-02 14:56:52 [http-nio-8080-exec-9] DEBUG c.i.backend.security.JwtService - Retrieving signing key for JWT
2026-08-02 14:56:52 [http-nio-8080-exec-9] DEBUG c.i.backend.security.JwtService - Signing key retrieved successfully
2026-08-02 14:56:52 [http-nio-8080-exec-9] DEBUG c.i.backend.security.JwtService - Claims extracted successfully from JWT token
2026-08-02 14:56:52 [http-nio-8080-exec-9] DEBUG c.i.backend.security.JwtService - Username extracted successfully from JWT: anwer
2026-08-02 14:56:52 [http-nio-8080-exec-9] DEBUG c.i.backend.security.JwtService - Checking if JWT token is expired
2026-08-02 14:56:52 [http-nio-8080-exec-9] DEBUG c.i.backend.security.JwtService - Extracting expiration date from JWT token
2026-08-02 14:56:52 [http-nio-8080-exec-9] DEBUG c.i.backend.security.JwtService - Extracting claim from JWT token
2026-08-02 14:56:52 [http-nio-8080-exec-9] DEBUG c.i.backend.security.JwtService - Retrieving signing key for JWT
2026-08-02 14:56:52 [http-nio-8080-exec-9] DEBUG c.i.backend.security.JwtService - Signing key retrieved successfully
2026-08-02 14:56:52 [http-nio-8080-exec-9] DEBUG c.i.backend.security.JwtService - Claims extracted successfully from JWT token
2026-08-02 14:56:52 [http-nio-8080-exec-9] DEBUG c.i.backend.security.JwtService - Expiration date extracted: Mon Aug 03 14:51:08 EEST 2026
2026-08-02 14:56:52 [http-nio-8080-exec-9] DEBUG c.i.backend.security.JwtService - Token expiration check - Expiration Date: Mon Aug 03 14:51:08 EEST 2026, Current Date: Sun Aug 02 14:56:52 EEST 2026, Is Expired: false
2026-08-02 14:56:52 [http-nio-8080-exec-9] DEBUG c.i.backend.security.JwtService - Token validation details - Username: anwer, Username Match: true, Is Expired: false
2026-08-02 14:56:52 [http-nio-8080-exec-9] DEBUG c.i.backend.security.JwtService - JWT token validation successful for username: anwer
2026-08-02 14:56:52 [http-nio-8080-exec-9] DEBUG c.i.b.s.JwtAuthenticationFilter - JWT token validation successful for user: anwer
2026-08-02 14:56:52 [http-nio-8080-exec-9] INFO  c.i.b.s.JwtAuthenticationFilter - User authenticated successfully - Username: anwer, Request: GET /api/tasks
2026-08-02 14:56:52 [http-nio-8080-exec-9] INFO  c.i.b.controller.TaskController - Fetching tasks for user: anwer - Status filter: IN_PROGRESS, Priority filter: null
2026-08-02 14:56:52 [http-nio-8080-exec-9] DEBUG c.i.backend.service.TaskService - Fetching tasks for user: anwer - Status filter: IN_PROGRESS, Priority filter: null
2026-08-02 14:56:52 [http-nio-8080-exec-9] DEBUG c.i.backend.service.TaskService - Querying tasks with status filter for user: anwer
2026-08-02 14:56:52 [http-nio-8080-exec-9] INFO  c.i.backend.service.TaskService - Retrieved 1 tasks for user: anwer
2026-08-02 14:56:52 [http-nio-8080-exec-9] DEBUG c.i.backend.service.TaskService - Converted 1 tasks to response DTOs for user: anwer
2026-08-02 14:56:52 [http-nio-8080-exec-9] INFO  c.i.b.controller.TaskController - Tasks fetched successfully for user: anwer - Count: 1 - Duration: 8ms
2026-08-02 14:56:55 [http-nio-8080-exec-10] DEBUG c.i.b.s.JwtAuthenticationFilter - Processing request - Method: GET, Path: /api/tasks
2026-08-02 14:56:55 [http-nio-8080-exec-10] DEBUG c.i.b.s.JwtAuthenticationFilter - JWT token extracted from Authorization header for request: GET /api/tasks
2026-08-02 14:56:55 [http-nio-8080-exec-10] DEBUG c.i.backend.security.JwtService - Extracting username from JWT token
2026-08-02 14:56:55 [http-nio-8080-exec-10] DEBUG c.i.backend.security.JwtService - Extracting claim from JWT token
2026-08-02 14:56:55 [http-nio-8080-exec-10] DEBUG c.i.backend.security.JwtService - Retrieving signing key for JWT
2026-08-02 14:56:55 [http-nio-8080-exec-10] DEBUG c.i.backend.security.JwtService - Signing key retrieved successfully
2026-08-02 14:56:55 [http-nio-8080-exec-10] DEBUG c.i.backend.security.JwtService - Claims extracted successfully from JWT token
2026-08-02 14:56:55 [http-nio-8080-exec-10] DEBUG c.i.backend.security.JwtService - Username extracted successfully from JWT: anwer
2026-08-02 14:56:55 [http-nio-8080-exec-10] DEBUG c.i.b.s.JwtAuthenticationFilter - Username extracted from JWT: anwer
2026-08-02 14:56:55 [http-nio-8080-exec-10] DEBUG c.i.b.s.JwtAuthenticationFilter - Attempting to authenticate user: anwer for request: GET /api/tasks
2026-08-02 14:56:55 [http-nio-8080-exec-10] DEBUG c.i.b.s.JwtAuthenticationFilter - User details found for username: anwer
2026-08-02 14:56:55 [http-nio-8080-exec-10] DEBUG c.i.backend.security.JwtService - Validating JWT token for username: anwer
2026-08-02 14:56:55 [http-nio-8080-exec-10] DEBUG c.i.backend.security.JwtService - Extracting username from JWT token
2026-08-02 14:56:55 [http-nio-8080-exec-10] DEBUG c.i.backend.security.JwtService - Extracting claim from JWT token
2026-08-02 14:56:55 [http-nio-8080-exec-10] DEBUG c.i.backend.security.JwtService - Retrieving signing key for JWT
2026-08-02 14:56:55 [http-nio-8080-exec-10] DEBUG c.i.backend.security.JwtService - Signing key retrieved successfully
2026-08-02 14:56:55 [http-nio-8080-exec-10] DEBUG c.i.backend.security.JwtService - Claims extracted successfully from JWT token
2026-08-02 14:56:55 [http-nio-8080-exec-10] DEBUG c.i.backend.security.JwtService - Username extracted successfully from JWT: anwer
2026-08-02 14:56:55 [http-nio-8080-exec-10] DEBUG c.i.backend.security.JwtService - Checking if JWT token is expired
2026-08-02 14:56:55 [http-nio-8080-exec-10] DEBUG c.i.backend.security.JwtService - Extracting expiration date from JWT token
2026-08-02 14:56:55 [http-nio-8080-exec-10] DEBUG c.i.backend.security.JwtService - Extracting claim from JWT token
2026-08-02 14:56:55 [http-nio-8080-exec-10] DEBUG c.i.backend.security.JwtService - Retrieving signing key for JWT
2026-08-02 14:56:55 [http-nio-8080-exec-10] DEBUG c.i.backend.security.JwtService - Signing key retrieved successfully
2026-08-02 14:56:55 [http-nio-8080-exec-10] DEBUG c.i.backend.security.JwtService - Claims extracted successfully from JWT token
2026-08-02 14:56:55 [http-nio-8080-exec-10] DEBUG c.i.backend.security.JwtService - Expiration date extracted: Mon Aug 03 14:51:08 EEST 2026
2026-08-02 14:56:55 [http-nio-8080-exec-10] DEBUG c.i.backend.security.JwtService - Token expiration check - Expiration Date: Mon Aug 03 14:51:08 EEST 2026, Current Date: Sun Aug 02 14:56:55 EEST 2026, Is Expired: false
2026-08-02 14:56:55 [http-nio-8080-exec-10] DEBUG c.i.backend.security.JwtService - Token validation details - Username: anwer, Username Match: true, Is Expired: false
2026-08-02 14:56:55 [http-nio-8080-exec-10] DEBUG c.i.backend.security.JwtService - JWT token validation successful for username: anwer
2026-08-02 14:56:55 [http-nio-8080-exec-10] DEBUG c.i.b.s.JwtAuthenticationFilter - JWT token validation successful for user: anwer
2026-08-02 14:56:55 [http-nio-8080-exec-10] INFO  c.i.b.s.JwtAuthenticationFilter - User authenticated successfully - Username: anwer, Request: GET /api/tasks
2026-08-02 14:56:55 [http-nio-8080-exec-10] INFO  c.i.b.controller.TaskController - Fetching tasks for user: anwer - Status filter: null, Priority filter: null
2026-08-02 14:56:55 [http-nio-8080-exec-10] DEBUG c.i.backend.service.TaskService - Fetching tasks for user: anwer - Status filter: null, Priority filter: null
2026-08-02 14:56:55 [http-nio-8080-exec-10] DEBUG c.i.backend.service.TaskService - Querying all tasks for user: anwer
2026-08-02 14:56:55 [http-nio-8080-exec-10] INFO  c.i.backend.service.TaskService - Retrieved 1 tasks for user: anwer
2026-08-02 14:56:55 [http-nio-8080-exec-10] DEBUG c.i.backend.service.TaskService - Converted 1 tasks to response DTOs for user: anwer
2026-08-02 14:56:55 [http-nio-8080-exec-10] INFO  c.i.b.controller.TaskController - Tasks fetched successfully for user: anwer - Count: 1 - Duration: 7ms
2026-08-02 14:57:00 [http-nio-8080-exec-1] DEBUG c.i.b.s.JwtAuthenticationFilter - Processing request - Method: GET, Path: /api/tasks
2026-08-02 14:57:00 [http-nio-8080-exec-1] DEBUG c.i.b.s.JwtAuthenticationFilter - JWT token extracted from Authorization header for request: GET /api/tasks
2026-08-02 14:57:00 [http-nio-8080-exec-1] DEBUG c.i.backend.security.JwtService - Extracting username from JWT token
2026-08-02 14:57:00 [http-nio-8080-exec-1] DEBUG c.i.backend.security.JwtService - Extracting claim from JWT token
2026-08-02 14:57:00 [http-nio-8080-exec-1] DEBUG c.i.backend.security.JwtService - Retrieving signing key for JWT
2026-08-02 14:57:00 [http-nio-8080-exec-1] DEBUG c.i.backend.security.JwtService - Signing key retrieved successfully
2026-08-02 14:57:00 [http-nio-8080-exec-1] DEBUG c.i.backend.security.JwtService - Claims extracted successfully from JWT token
2026-08-02 14:57:00 [http-nio-8080-exec-1] DEBUG c.i.backend.security.JwtService - Username extracted successfully from JWT: anwer
2026-08-02 14:57:00 [http-nio-8080-exec-1] DEBUG c.i.b.s.JwtAuthenticationFilter - Username extracted from JWT: anwer
2026-08-02 14:57:00 [http-nio-8080-exec-1] DEBUG c.i.b.s.JwtAuthenticationFilter - Attempting to authenticate user: anwer for request: GET /api/tasks
2026-08-02 14:57:00 [http-nio-8080-exec-1] DEBUG c.i.b.s.JwtAuthenticationFilter - User details found for username: anwer
2026-08-02 14:57:00 [http-nio-8080-exec-1] DEBUG c.i.backend.security.JwtService - Validating JWT token for username: anwer
2026-08-02 14:57:00 [http-nio-8080-exec-1] DEBUG c.i.backend.security.JwtService - Extracting username from JWT token
2026-08-02 14:57:00 [http-nio-8080-exec-1] DEBUG c.i.backend.security.JwtService - Extracting claim from JWT token
2026-08-02 14:57:00 [http-nio-8080-exec-1] DEBUG c.i.backend.security.JwtService - Retrieving signing key for JWT
2026-08-02 14:57:00 [http-nio-8080-exec-1] DEBUG c.i.backend.security.JwtService - Signing key retrieved successfully
2026-08-02 14:57:00 [http-nio-8080-exec-1] DEBUG c.i.backend.security.JwtService - Claims extracted successfully from JWT token
2026-08-02 14:57:00 [http-nio-8080-exec-1] DEBUG c.i.backend.security.JwtService - Username extracted successfully from JWT: anwer
2026-08-02 14:57:00 [http-nio-8080-exec-1] DEBUG c.i.backend.security.JwtService - Checking if JWT token is expired
2026-08-02 14:57:00 [http-nio-8080-exec-1] DEBUG c.i.backend.security.JwtService - Extracting expiration date from JWT token
2026-08-02 14:57:00 [http-nio-8080-exec-1] DEBUG c.i.backend.security.JwtService - Extracting claim from JWT token
2026-08-02 14:57:00 [http-nio-8080-exec-1] DEBUG c.i.backend.security.JwtService - Retrieving signing key for JWT
2026-08-02 14:57:00 [http-nio-8080-exec-1] DEBUG c.i.backend.security.JwtService - Signing key retrieved successfully
2026-08-02 14:57:00 [http-nio-8080-exec-1] DEBUG c.i.backend.security.JwtService - Claims extracted successfully from JWT token
2026-08-02 14:57:00 [http-nio-8080-exec-1] DEBUG c.i.backend.security.JwtService - Expiration date extracted: Mon Aug 03 14:51:08 EEST 2026
2026-08-02 14:57:00 [http-nio-8080-exec-1] DEBUG c.i.backend.security.JwtService - Token expiration check - Expiration Date: Mon Aug 03 14:51:08 EEST 2026, Current Date: Sun Aug 02 14:57:00 EEST 2026, Is Expired: false
2026-08-02 14:57:00 [http-nio-8080-exec-1] DEBUG c.i.backend.security.JwtService - Token validation details - Username: anwer, Username Match: true, Is Expired: false
2026-08-02 14:57:00 [http-nio-8080-exec-1] DEBUG c.i.backend.security.JwtService - JWT token validation successful for username: anwer
2026-08-02 14:57:00 [http-nio-8080-exec-1] DEBUG c.i.b.s.JwtAuthenticationFilter - JWT token validation successful for user: anwer
2026-08-02 14:57:00 [http-nio-8080-exec-1] INFO  c.i.b.s.JwtAuthenticationFilter - User authenticated successfully - Username: anwer, Request: GET /api/tasks
2026-08-02 14:57:00 [http-nio-8080-exec-1] INFO  c.i.b.controller.TaskController - Fetching tasks for user: anwer - Status filter: IN_PROGRESS, Priority filter: null
2026-08-02 14:57:00 [http-nio-8080-exec-1] DEBUG c.i.backend.service.TaskService - Fetching tasks for user: anwer - Status filter: IN_PROGRESS, Priority filter: null
2026-08-02 14:57:00 [http-nio-8080-exec-1] DEBUG c.i.backend.service.TaskService - Querying tasks with status filter for user: anwer
2026-08-02 14:57:00 [http-nio-8080-exec-1] INFO  c.i.backend.service.TaskService - Retrieved 1 tasks for user: anwer
2026-08-02 14:57:00 [http-nio-8080-exec-1] DEBUG c.i.backend.service.TaskService - Converted 1 tasks to response DTOs for user: anwer
2026-08-02 14:57:00 [http-nio-8080-exec-1] INFO  c.i.b.controller.TaskController - Tasks fetched successfully for user: anwer - Count: 1 - Duration: 8ms
2026-08-02 14:57:02 [http-nio-8080-exec-7] DEBUG c.i.b.s.JwtAuthenticationFilter - Processing request - Method: GET, Path: /api/tasks
2026-08-02 14:57:02 [http-nio-8080-exec-7] DEBUG c.i.b.s.JwtAuthenticationFilter - JWT token extracted from Authorization header for request: GET /api/tasks
2026-08-02 14:57:02 [http-nio-8080-exec-7] DEBUG c.i.backend.security.JwtService - Extracting username from JWT token
2026-08-02 14:57:02 [http-nio-8080-exec-7] DEBUG c.i.backend.security.JwtService - Extracting claim from JWT token
2026-08-02 14:57:02 [http-nio-8080-exec-7] DEBUG c.i.backend.security.JwtService - Retrieving signing key for JWT
2026-08-02 14:57:02 [http-nio-8080-exec-7] DEBUG c.i.backend.security.JwtService - Signing key retrieved successfully
2026-08-02 14:57:02 [http-nio-8080-exec-7] DEBUG c.i.backend.security.JwtService - Claims extracted successfully from JWT token
2026-08-02 14:57:02 [http-nio-8080-exec-7] DEBUG c.i.backend.security.JwtService - Username extracted successfully from JWT: anwer
2026-08-02 14:57:02 [http-nio-8080-exec-7] DEBUG c.i.b.s.JwtAuthenticationFilter - Username extracted from JWT: anwer
2026-08-02 14:57:02 [http-nio-8080-exec-7] DEBUG c.i.b.s.JwtAuthenticationFilter - Attempting to authenticate user: anwer for request: GET /api/tasks
2026-08-02 14:57:02 [http-nio-8080-exec-7] DEBUG c.i.b.s.JwtAuthenticationFilter - User details found for username: anwer
2026-08-02 14:57:02 [http-nio-8080-exec-7] DEBUG c.i.backend.security.JwtService - Validating JWT token for username: anwer
2026-08-02 14:57:02 [http-nio-8080-exec-7] DEBUG c.i.backend.security.JwtService - Extracting username from JWT token
2026-08-02 14:57:02 [http-nio-8080-exec-7] DEBUG c.i.backend.security.JwtService - Extracting claim from JWT token
2026-08-02 14:57:02 [http-nio-8080-exec-7] DEBUG c.i.backend.security.JwtService - Retrieving signing key for JWT
2026-08-02 14:57:02 [http-nio-8080-exec-7] DEBUG c.i.backend.security.JwtService - Signing key retrieved successfully
2026-08-02 14:57:02 [http-nio-8080-exec-7] DEBUG c.i.backend.security.JwtService - Claims extracted successfully from JWT token
2026-08-02 14:57:02 [http-nio-8080-exec-7] DEBUG c.i.backend.security.JwtService - Username extracted successfully from JWT: anwer
2026-08-02 14:57:02 [http-nio-8080-exec-7] DEBUG c.i.backend.security.JwtService - Checking if JWT token is expired
2026-08-02 14:57:02 [http-nio-8080-exec-7] DEBUG c.i.backend.security.JwtService - Extracting expiration date from JWT token
2026-08-02 14:57:02 [http-nio-8080-exec-7] DEBUG c.i.backend.security.JwtService - Extracting claim from JWT token
2026-08-02 14:57:02 [http-nio-8080-exec-7] DEBUG c.i.backend.security.JwtService - Retrieving signing key for JWT
2026-08-02 14:57:02 [http-nio-8080-exec-7] DEBUG c.i.backend.security.JwtService - Signing key retrieved successfully
2026-08-02 14:57:02 [http-nio-8080-exec-7] DEBUG c.i.backend.security.JwtService - Claims extracted successfully from JWT token
2026-08-02 14:57:02 [http-nio-8080-exec-7] DEBUG c.i.backend.security.JwtService - Expiration date extracted: Mon Aug 03 14:51:08 EEST 2026
2026-08-02 14:57:02 [http-nio-8080-exec-7] DEBUG c.i.backend.security.JwtService - Token expiration check - Expiration Date: Mon Aug 03 14:51:08 EEST 2026, Current Date: Sun Aug 02 14:57:02 EEST 2026, Is Expired: false
2026-08-02 14:57:02 [http-nio-8080-exec-7] DEBUG c.i.backend.security.JwtService - Token validation details - Username: anwer, Username Match: true, Is Expired: false
2026-08-02 14:57:02 [http-nio-8080-exec-7] DEBUG c.i.backend.security.JwtService - JWT token validation successful for username: anwer
2026-08-02 14:57:02 [http-nio-8080-exec-7] DEBUG c.i.b.s.JwtAuthenticationFilter - JWT token validation successful for user: anwer
2026-08-02 14:57:02 [http-nio-8080-exec-7] INFO  c.i.b.s.JwtAuthenticationFilter - User authenticated successfully - Username: anwer, Request: GET /api/tasks
2026-08-02 14:57:02 [http-nio-8080-exec-7] WARN  o.s.w.s.m.s.DefaultHandlerExceptionResolver - Resolved [org.springframework.web.method.annotation.MethodArgumentTypeMismatchException: Method parameter 'status': Failed to convert value of type 'java.lang.String' to required type 'com.internship.backend.enums.Status'; Failed to convert from type [java.lang.String] to type [@org.springframework.web.bind.annotation.RequestParam com.internship.backend.enums.Status] for value [COMPLETED]]
2026-08-02 14:57:05 [http-nio-8080-exec-3] DEBUG c.i.b.s.JwtAuthenticationFilter - Processing request - Method: GET, Path: /api/tasks
2026-08-02 14:57:05 [http-nio-8080-exec-3] DEBUG c.i.b.s.JwtAuthenticationFilter - JWT token extracted from Authorization header for request: GET /api/tasks
2026-08-02 14:57:05 [http-nio-8080-exec-3] DEBUG c.i.backend.security.JwtService - Extracting username from JWT token
2026-08-02 14:57:05 [http-nio-8080-exec-3] DEBUG c.i.backend.security.JwtService - Extracting claim from JWT token
2026-08-02 14:57:05 [http-nio-8080-exec-3] DEBUG c.i.backend.security.JwtService - Retrieving signing key for JWT
2026-08-02 14:57:05 [http-nio-8080-exec-3] DEBUG c.i.backend.security.JwtService - Signing key retrieved successfully
2026-08-02 14:57:05 [http-nio-8080-exec-3] DEBUG c.i.backend.security.JwtService - Claims extracted successfully from JWT token
2026-08-02 14:57:05 [http-nio-8080-exec-3] DEBUG c.i.backend.security.JwtService - Username extracted successfully from JWT: anwer
2026-08-02 14:57:05 [http-nio-8080-exec-3] DEBUG c.i.b.s.JwtAuthenticationFilter - Username extracted from JWT: anwer
2026-08-02 14:57:05 [http-nio-8080-exec-3] DEBUG c.i.b.s.JwtAuthenticationFilter - Attempting to authenticate user: anwer for request: GET /api/tasks
2026-08-02 14:57:05 [http-nio-8080-exec-3] DEBUG c.i.b.s.JwtAuthenticationFilter - User details found for username: anwer
2026-08-02 14:57:05 [http-nio-8080-exec-3] DEBUG c.i.backend.security.JwtService - Validating JWT token for username: anwer
2026-08-02 14:57:05 [http-nio-8080-exec-3] DEBUG c.i.backend.security.JwtService - Extracting username from JWT token
2026-08-02 14:57:05 [http-nio-8080-exec-3] DEBUG c.i.backend.security.JwtService - Extracting claim from JWT token
2026-08-02 14:57:05 [http-nio-8080-exec-3] DEBUG c.i.backend.security.JwtService - Retrieving signing key for JWT
2026-08-02 14:57:05 [http-nio-8080-exec-3] DEBUG c.i.backend.security.JwtService - Signing key retrieved successfully
2026-08-02 14:57:05 [http-nio-8080-exec-3] DEBUG c.i.backend.security.JwtService - Claims extracted successfully from JWT token
2026-08-02 14:57:05 [http-nio-8080-exec-3] DEBUG c.i.backend.security.JwtService - Username extracted successfully from JWT: anwer
2026-08-02 14:57:05 [http-nio-8080-exec-3] DEBUG c.i.backend.security.JwtService - Checking if JWT token is expired
2026-08-02 14:57:05 [http-nio-8080-exec-3] DEBUG c.i.backend.security.JwtService - Extracting expiration date from JWT token
2026-08-02 14:57:05 [http-nio-8080-exec-3] DEBUG c.i.backend.security.JwtService - Extracting claim from JWT token
2026-08-02 14:57:05 [http-nio-8080-exec-3] DEBUG c.i.backend.security.JwtService - Retrieving signing key for JWT
2026-08-02 14:57:05 [http-nio-8080-exec-3] DEBUG c.i.backend.security.JwtService - Signing key retrieved successfully
2026-08-02 14:57:05 [http-nio-8080-exec-3] DEBUG c.i.backend.security.JwtService - Claims extracted successfully from JWT token
2026-08-02 14:57:05 [http-nio-8080-exec-3] DEBUG c.i.backend.security.JwtService - Expiration date extracted: Mon Aug 03 14:51:08 EEST 2026
2026-08-02 14:57:05 [http-nio-8080-exec-3] DEBUG c.i.backend.security.JwtService - Token expiration check - Expiration Date: Mon Aug 03 14:51:08 EEST 2026, Current Date: Sun Aug 02 14:57:05 EEST 2026, Is Expired: false
2026-08-02 14:57:05 [http-nio-8080-exec-3] DEBUG c.i.backend.security.JwtService - Token validation details - Username: anwer, Username Match: true, Is Expired: false
2026-08-02 14:57:05 [http-nio-8080-exec-3] DEBUG c.i.backend.security.JwtService - JWT token validation successful for username: anwer
2026-08-02 14:57:05 [http-nio-8080-exec-3] DEBUG c.i.b.s.JwtAuthenticationFilter - JWT token validation successful for user: anwer
2026-08-02 14:57:05 [http-nio-8080-exec-3] INFO  c.i.b.s.JwtAuthenticationFilter - User authenticated successfully - Username: anwer, Request: GET /api/tasks
2026-08-02 14:57:05 [http-nio-8080-exec-3] INFO  c.i.b.controller.TaskController - Fetching tasks for user: anwer - Status filter: null, Priority filter: null
2026-08-02 14:57:05 [http-nio-8080-exec-3] DEBUG c.i.backend.service.TaskService - Fetching tasks for user: anwer - Status filter: null, Priority filter: null
2026-08-02 14:57:05 [http-nio-8080-exec-3] DEBUG c.i.backend.service.TaskService - Querying all tasks for user: anwer
2026-08-02 14:57:05 [http-nio-8080-exec-3] INFO  c.i.backend.service.TaskService - Retrieved 1 tasks for user: anwer
2026-08-02 14:57:05 [http-nio-8080-exec-3] DEBUG c.i.backend.service.TaskService - Converted 1 tasks to response DTOs for user: anwer
2026-08-02 14:57:05 [http-nio-8080-exec-3] INFO  c.i.b.controller.TaskController - Tasks fetched successfully for user: anwer - Count: 1 - Duration: 5ms
2026-08-02 14:57:12 [http-nio-8080-exec-5] DEBUG c.i.b.s.JwtAuthenticationFilter - Processing request - Method: GET, Path: /api/tasks
2026-08-02 14:57:12 [http-nio-8080-exec-5] DEBUG c.i.b.s.JwtAuthenticationFilter - JWT token extracted from Authorization header for request: GET /api/tasks
2026-08-02 14:57:12 [http-nio-8080-exec-5] DEBUG c.i.backend.security.JwtService - Extracting username from JWT token
2026-08-02 14:57:12 [http-nio-8080-exec-5] DEBUG c.i.backend.security.JwtService - Extracting claim from JWT token
2026-08-02 14:57:12 [http-nio-8080-exec-5] DEBUG c.i.backend.security.JwtService - Retrieving signing key for JWT
2026-08-02 14:57:12 [http-nio-8080-exec-5] DEBUG c.i.backend.security.JwtService - Signing key retrieved successfully
2026-08-02 14:57:12 [http-nio-8080-exec-5] DEBUG c.i.backend.security.JwtService - Claims extracted successfully from JWT token
2026-08-02 14:57:12 [http-nio-8080-exec-5] DEBUG c.i.backend.security.JwtService - Username extracted successfully from JWT: anwer
2026-08-02 14:57:12 [http-nio-8080-exec-5] DEBUG c.i.b.s.JwtAuthenticationFilter - Username extracted from JWT: anwer
2026-08-02 14:57:12 [http-nio-8080-exec-5] DEBUG c.i.b.s.JwtAuthenticationFilter - Attempting to authenticate user: anwer for request: GET /api/tasks
2026-08-02 14:57:12 [http-nio-8080-exec-5] DEBUG c.i.b.s.JwtAuthenticationFilter - User details found for username: anwer
2026-08-02 14:57:12 [http-nio-8080-exec-5] DEBUG c.i.backend.security.JwtService - Validating JWT token for username: anwer
2026-08-02 14:57:12 [http-nio-8080-exec-5] DEBUG c.i.backend.security.JwtService - Extracting username from JWT token
2026-08-02 14:57:12 [http-nio-8080-exec-5] DEBUG c.i.backend.security.JwtService - Extracting claim from JWT token
2026-08-02 14:57:12 [http-nio-8080-exec-5] DEBUG c.i.backend.security.JwtService - Retrieving signing key for JWT
2026-08-02 14:57:12 [http-nio-8080-exec-5] DEBUG c.i.backend.security.JwtService - Signing key retrieved successfully
2026-08-02 14:57:12 [http-nio-8080-exec-5] DEBUG c.i.backend.security.JwtService - Claims extracted successfully from JWT token
2026-08-02 14:57:12 [http-nio-8080-exec-5] DEBUG c.i.backend.security.JwtService - Username extracted successfully from JWT: anwer
2026-08-02 14:57:12 [http-nio-8080-exec-5] DEBUG c.i.backend.security.JwtService - Checking if JWT token is expired
2026-08-02 14:57:12 [http-nio-8080-exec-5] DEBUG c.i.backend.security.JwtService - Extracting expiration date from JWT token
2026-08-02 14:57:12 [http-nio-8080-exec-5] DEBUG c.i.backend.security.JwtService - Extracting claim from JWT token
2026-08-02 14:57:12 [http-nio-8080-exec-5] DEBUG c.i.backend.security.JwtService - Retrieving signing key for JWT
2026-08-02 14:57:12 [http-nio-8080-exec-5] DEBUG c.i.backend.security.JwtService - Signing key retrieved successfully
2026-08-02 14:57:12 [http-nio-8080-exec-5] DEBUG c.i.backend.security.JwtService - Claims extracted successfully from JWT token
2026-08-02 14:57:12 [http-nio-8080-exec-5] DEBUG c.i.backend.security.JwtService - Expiration date extracted: Mon Aug 03 14:51:08 EEST 2026
2026-08-02 14:57:12 [http-nio-8080-exec-5] DEBUG c.i.backend.security.JwtService - Token expiration check - Expiration Date: Mon Aug 03 14:51:08 EEST 2026, Current Date: Sun Aug 02 14:57:12 EEST 2026, Is Expired: false
2026-08-02 14:57:12 [http-nio-8080-exec-5] DEBUG c.i.backend.security.JwtService - Token validation details - Username: anwer, Username Match: true, Is Expired: false
2026-08-02 14:57:12 [http-nio-8080-exec-5] DEBUG c.i.backend.security.JwtService - JWT token validation successful for username: anwer
2026-08-02 14:57:12 [http-nio-8080-exec-5] DEBUG c.i.b.s.JwtAuthenticationFilter - JWT token validation successful for user: anwer
2026-08-02 14:57:12 [http-nio-8080-exec-5] INFO  c.i.b.s.JwtAuthenticationFilter - User authenticated successfully - Username: anwer, Request: GET /api/tasks
2026-08-02 14:57:12 [http-nio-8080-exec-5] WARN  o.s.w.s.m.s.DefaultHandlerExceptionResolver - Resolved [org.springframework.web.method.annotation.MethodArgumentTypeMismatchException: Method parameter 'status': Failed to convert value of type 'java.lang.String' to required type 'com.internship.backend.enums.Status'; Failed to convert from type [java.lang.String] to type [@org.springframework.web.bind.annotation.RequestParam com.internship.backend.enums.Status] for value [COMPLETED]]
2026-08-02 14:57:16 [http-nio-8080-exec-6] DEBUG c.i.b.s.JwtAuthenticationFilter - Processing request - Method: GET, Path: /api/tasks
2026-08-02 14:57:16 [http-nio-8080-exec-6] DEBUG c.i.b.s.JwtAuthenticationFilter - JWT token extracted from Authorization header for request: GET /api/tasks
2026-08-02 14:57:16 [http-nio-8080-exec-6] DEBUG c.i.backend.security.JwtService - Extracting username from JWT token
2026-08-02 14:57:16 [http-nio-8080-exec-6] DEBUG c.i.backend.security.JwtService - Extracting claim from JWT token
2026-08-02 14:57:16 [http-nio-8080-exec-6] DEBUG c.i.backend.security.JwtService - Retrieving signing key for JWT
2026-08-02 14:57:16 [http-nio-8080-exec-6] DEBUG c.i.backend.security.JwtService - Signing key retrieved successfully
2026-08-02 14:57:16 [http-nio-8080-exec-6] DEBUG c.i.backend.security.JwtService - Claims extracted successfully from JWT token
2026-08-02 14:57:16 [http-nio-8080-exec-6] DEBUG c.i.backend.security.JwtService - Username extracted successfully from JWT: anwer
2026-08-02 14:57:16 [http-nio-8080-exec-6] DEBUG c.i.b.s.JwtAuthenticationFilter - Username extracted from JWT: anwer
2026-08-02 14:57:16 [http-nio-8080-exec-6] DEBUG c.i.b.s.JwtAuthenticationFilter - Attempting to authenticate user: anwer for request: GET /api/tasks
2026-08-02 14:57:16 [http-nio-8080-exec-6] DEBUG c.i.b.s.JwtAuthenticationFilter - User details found for username: anwer
2026-08-02 14:57:16 [http-nio-8080-exec-6] DEBUG c.i.backend.security.JwtService - Validating JWT token for username: anwer
2026-08-02 14:57:16 [http-nio-8080-exec-6] DEBUG c.i.backend.security.JwtService - Extracting username from JWT token
2026-08-02 14:57:16 [http-nio-8080-exec-6] DEBUG c.i.backend.security.JwtService - Extracting claim from JWT token
2026-08-02 14:57:16 [http-nio-8080-exec-6] DEBUG c.i.backend.security.JwtService - Retrieving signing key for JWT
2026-08-02 14:57:16 [http-nio-8080-exec-6] DEBUG c.i.backend.security.JwtService - Signing key retrieved successfully
2026-08-02 14:57:16 [http-nio-8080-exec-6] DEBUG c.i.backend.security.JwtService - Claims extracted successfully from JWT token
2026-08-02 14:57:16 [http-nio-8080-exec-6] DEBUG c.i.backend.security.JwtService - Username extracted successfully from JWT: anwer
2026-08-02 14:57:16 [http-nio-8080-exec-6] DEBUG c.i.backend.security.JwtService - Checking if JWT token is expired
2026-08-02 14:57:16 [http-nio-8080-exec-6] DEBUG c.i.backend.security.JwtService - Extracting expiration date from JWT token
2026-08-02 14:57:16 [http-nio-8080-exec-6] DEBUG c.i.backend.security.JwtService - Extracting claim from JWT token
2026-08-02 14:57:16 [http-nio-8080-exec-6] DEBUG c.i.backend.security.JwtService - Retrieving signing key for JWT
2026-08-02 14:57:16 [http-nio-8080-exec-6] DEBUG c.i.backend.security.JwtService - Signing key retrieved successfully
2026-08-02 14:57:16 [http-nio-8080-exec-6] DEBUG c.i.backend.security.JwtService - Claims extracted successfully from JWT token
2026-08-02 14:57:16 [http-nio-8080-exec-6] DEBUG c.i.backend.security.JwtService - Expiration date extracted: Mon Aug 03 14:51:08 EEST 2026
2026-08-02 14:57:16 [http-nio-8080-exec-6] DEBUG c.i.backend.security.JwtService - Token expiration check - Expiration Date: Mon Aug 03 14:51:08 EEST 2026, Current Date: Sun Aug 02 14:57:16 EEST 2026, Is Expired: false
2026-08-02 14:57:16 [http-nio-8080-exec-6] DEBUG c.i.backend.security.JwtService - Token validation details - Username: anwer, Username Match: true, Is Expired: false
2026-08-02 14:57:16 [http-nio-8080-exec-6] DEBUG c.i.backend.security.JwtService - JWT token validation successful for username: anwer
2026-08-02 14:57:16 [http-nio-8080-exec-6] DEBUG c.i.b.s.JwtAuthenticationFilter - JWT token validation successful for user: anwer
2026-08-02 14:57:16 [http-nio-8080-exec-6] INFO  c.i.b.s.JwtAuthenticationFilter - User authenticated successfully - Username: anwer, Request: GET /api/tasks
2026-08-02 14:57:16 [http-nio-8080-exec-6] INFO  c.i.b.controller.TaskController - Fetching tasks for user: anwer - Status filter: TODO, Priority filter: null
2026-08-02 14:57:16 [http-nio-8080-exec-6] DEBUG c.i.backend.service.TaskService - Fetching tasks for user: anwer - Status filter: TODO, Priority filter: null
2026-08-02 14:57:16 [http-nio-8080-exec-6] DEBUG c.i.backend.service.TaskService - Querying tasks with status filter for user: anwer
2026-08-02 14:57:16 [http-nio-8080-exec-6] INFO  c.i.backend.service.TaskService - Retrieved 0 tasks for user: anwer
2026-08-02 14:57:16 [http-nio-8080-exec-6] DEBUG c.i.backend.service.TaskService - Converted 0 tasks to response DTOs for user: anwer
2026-08-02 14:57:16 [http-nio-8080-exec-6] INFO  c.i.b.controller.TaskController - Tasks fetched successfully for user: anwer - Count: 0 - Duration: 6ms
2026-08-02 14:57:19 [http-nio-8080-exec-4] DEBUG c.i.b.s.JwtAuthenticationFilter - Processing request - Method: GET, Path: /api/tasks
2026-08-02 14:57:19 [http-nio-8080-exec-4] DEBUG c.i.b.s.JwtAuthenticationFilter - JWT token extracted from Authorization header for request: GET /api/tasks
2026-08-02 14:57:19 [http-nio-8080-exec-4] DEBUG c.i.backend.security.JwtService - Extracting username from JWT token
2026-08-02 14:57:19 [http-nio-8080-exec-4] DEBUG c.i.backend.security.JwtService - Extracting claim from JWT token
2026-08-02 14:57:19 [http-nio-8080-exec-4] DEBUG c.i.backend.security.JwtService - Retrieving signing key for JWT
2026-08-02 14:57:19 [http-nio-8080-exec-4] DEBUG c.i.backend.security.JwtService - Signing key retrieved successfully
2026-08-02 14:57:19 [http-nio-8080-exec-4] DEBUG c.i.backend.security.JwtService - Claims extracted successfully from JWT token
2026-08-02 14:57:19 [http-nio-8080-exec-4] DEBUG c.i.backend.security.JwtService - Username extracted successfully from JWT: anwer
2026-08-02 14:57:19 [http-nio-8080-exec-4] DEBUG c.i.b.s.JwtAuthenticationFilter - Username extracted from JWT: anwer
2026-08-02 14:57:19 [http-nio-8080-exec-4] DEBUG c.i.b.s.JwtAuthenticationFilter - Attempting to authenticate user: anwer for request: GET /api/tasks
2026-08-02 14:57:19 [http-nio-8080-exec-4] DEBUG c.i.b.s.JwtAuthenticationFilter - User details found for username: anwer
2026-08-02 14:57:19 [http-nio-8080-exec-4] DEBUG c.i.backend.security.JwtService - Validating JWT token for username: anwer
2026-08-02 14:57:19 [http-nio-8080-exec-4] DEBUG c.i.backend.security.JwtService - Extracting username from JWT token
2026-08-02 14:57:19 [http-nio-8080-exec-4] DEBUG c.i.backend.security.JwtService - Extracting claim from JWT token
2026-08-02 14:57:19 [http-nio-8080-exec-4] DEBUG c.i.backend.security.JwtService - Retrieving signing key for JWT
2026-08-02 14:57:19 [http-nio-8080-exec-4] DEBUG c.i.backend.security.JwtService - Signing key retrieved successfully
2026-08-02 14:57:19 [http-nio-8080-exec-4] DEBUG c.i.backend.security.JwtService - Claims extracted successfully from JWT token
2026-08-02 14:57:19 [http-nio-8080-exec-4] DEBUG c.i.backend.security.JwtService - Username extracted successfully from JWT: anwer
2026-08-02 14:57:19 [http-nio-8080-exec-4] DEBUG c.i.backend.security.JwtService - Checking if JWT token is expired
2026-08-02 14:57:19 [http-nio-8080-exec-4] DEBUG c.i.backend.security.JwtService - Extracting expiration date from JWT token
2026-08-02 14:57:19 [http-nio-8080-exec-4] DEBUG c.i.backend.security.JwtService - Extracting claim from JWT token
2026-08-02 14:57:19 [http-nio-8080-exec-4] DEBUG c.i.backend.security.JwtService - Retrieving signing key for JWT
2026-08-02 14:57:19 [http-nio-8080-exec-4] DEBUG c.i.backend.security.JwtService - Signing key retrieved successfully
2026-08-02 14:57:19 [http-nio-8080-exec-4] DEBUG c.i.backend.security.JwtService - Claims extracted successfully from JWT token
2026-08-02 14:57:19 [http-nio-8080-exec-4] DEBUG c.i.backend.security.JwtService - Expiration date extracted: Mon Aug 03 14:51:08 EEST 2026
2026-08-02 14:57:19 [http-nio-8080-exec-4] DEBUG c.i.backend.security.JwtService - Token expiration check - Expiration Date: Mon Aug 03 14:51:08 EEST 2026, Current Date: Sun Aug 02 14:57:19 EEST 2026, Is Expired: false
2026-08-02 14:57:19 [http-nio-8080-exec-4] DEBUG c.i.backend.security.JwtService - Token validation details - Username: anwer, Username Match: true, Is Expired: false
2026-08-02 14:57:19 [http-nio-8080-exec-4] DEBUG c.i.backend.security.JwtService - JWT token validation successful for username: anwer
2026-08-02 14:57:19 [http-nio-8080-exec-4] DEBUG c.i.b.s.JwtAuthenticationFilter - JWT token validation successful for user: anwer
2026-08-02 14:57:19 [http-nio-8080-exec-4] INFO  c.i.b.s.JwtAuthenticationFilter - User authenticated successfully - Username: anwer, Request: GET /api/tasks
2026-08-02 14:57:19 [http-nio-8080-exec-4] WARN  o.s.w.s.m.s.DefaultHandlerExceptionResolver - Resolved [org.springframework.web.method.annotation.MethodArgumentTypeMismatchException: Method parameter 'status': Failed to convert value of type 'java.lang.String' to required type 'com.internship.backend.enums.Status'; Failed to convert from type [java.lang.String] to type [@org.springframework.web.bind.annotation.RequestParam com.internship.backend.enums.Status] for value [COMPLETED]]
2026-08-02 14:57:21 [http-nio-8080-exec-8] DEBUG c.i.b.s.JwtAuthenticationFilter - Processing request - Method: GET, Path: /api/tasks
2026-08-02 14:57:21 [http-nio-8080-exec-8] DEBUG c.i.b.s.JwtAuthenticationFilter - JWT token extracted from Authorization header for request: GET /api/tasks
2026-08-02 14:57:21 [http-nio-8080-exec-8] DEBUG c.i.backend.security.JwtService - Extracting username from JWT token
2026-08-02 14:57:21 [http-nio-8080-exec-8] DEBUG c.i.backend.security.JwtService - Extracting claim from JWT token
2026-08-02 14:57:21 [http-nio-8080-exec-8] DEBUG c.i.backend.security.JwtService - Retrieving signing key for JWT
2026-08-02 14:57:21 [http-nio-8080-exec-8] DEBUG c.i.backend.security.JwtService - Signing key retrieved successfully
2026-08-02 14:57:21 [http-nio-8080-exec-8] DEBUG c.i.backend.security.JwtService - Claims extracted successfully from JWT token
2026-08-02 14:57:21 [http-nio-8080-exec-8] DEBUG c.i.backend.security.JwtService - Username extracted successfully from JWT: anwer
2026-08-02 14:57:21 [http-nio-8080-exec-8] DEBUG c.i.b.s.JwtAuthenticationFilter - Username extracted from JWT: anwer
2026-08-02 14:57:21 [http-nio-8080-exec-8] DEBUG c.i.b.s.JwtAuthenticationFilter - Attempting to authenticate user: anwer for request: GET /api/tasks
2026-08-02 14:57:21 [http-nio-8080-exec-8] DEBUG c.i.b.s.JwtAuthenticationFilter - User details found for username: anwer
2026-08-02 14:57:21 [http-nio-8080-exec-8] DEBUG c.i.backend.security.JwtService - Validating JWT token for username: anwer
2026-08-02 14:57:21 [http-nio-8080-exec-8] DEBUG c.i.backend.security.JwtService - Extracting username from JWT token
2026-08-02 14:57:21 [http-nio-8080-exec-8] DEBUG c.i.backend.security.JwtService - Extracting claim from JWT token
2026-08-02 14:57:21 [http-nio-8080-exec-8] DEBUG c.i.backend.security.JwtService - Retrieving signing key for JWT
2026-08-02 14:57:21 [http-nio-8080-exec-8] DEBUG c.i.backend.security.JwtService - Signing key retrieved successfully
2026-08-02 14:57:21 [http-nio-8080-exec-8] DEBUG c.i.backend.security.JwtService - Claims extracted successfully from JWT token
2026-08-02 14:57:21 [http-nio-8080-exec-8] DEBUG c.i.backend.security.JwtService - Username extracted successfully from JWT: anwer
2026-08-02 14:57:21 [http-nio-8080-exec-8] DEBUG c.i.backend.security.JwtService - Checking if JWT token is expired
2026-08-02 14:57:21 [http-nio-8080-exec-8] DEBUG c.i.backend.security.JwtService - Extracting expiration date from JWT token
2026-08-02 14:57:21 [http-nio-8080-exec-8] DEBUG c.i.backend.security.JwtService - Extracting claim from JWT token
2026-08-02 14:57:21 [http-nio-8080-exec-8] DEBUG c.i.backend.security.JwtService - Retrieving signing key for JWT
2026-08-02 14:57:21 [http-nio-8080-exec-8] DEBUG c.i.backend.security.JwtService - Signing key retrieved successfully
2026-08-02 14:57:21 [http-nio-8080-exec-8] DEBUG c.i.backend.security.JwtService - Claims extracted successfully from JWT token
2026-08-02 14:57:21 [http-nio-8080-exec-8] DEBUG c.i.backend.security.JwtService - Expiration date extracted: Mon Aug 03 14:51:08 EEST 2026
2026-08-02 14:57:21 [http-nio-8080-exec-8] DEBUG c.i.backend.security.JwtService - Token expiration check - Expiration Date: Mon Aug 03 14:51:08 EEST 2026, Current Date: Sun Aug 02 14:57:21 EEST 2026, Is Expired: false
2026-08-02 14:57:21 [http-nio-8080-exec-8] DEBUG c.i.backend.security.JwtService - Token validation details - Username: anwer, Username Match: true, Is Expired: false
2026-08-02 14:57:21 [http-nio-8080-exec-8] DEBUG c.i.backend.security.JwtService - JWT token validation successful for username: anwer
2026-08-02 14:57:21 [http-nio-8080-exec-8] DEBUG c.i.b.s.JwtAuthenticationFilter - JWT token validation successful for user: anwer
2026-08-02 14:57:21 [http-nio-8080-exec-8] INFO  c.i.b.s.JwtAuthenticationFilter - User authenticated successfully - Username: anwer, Request: GET /api/tasks
2026-08-02 14:57:21 [http-nio-8080-exec-8] INFO  c.i.b.controller.TaskController - Fetching tasks for user: anwer - Status filter: null, Priority filter: null
2026-08-02 14:57:21 [http-nio-8080-exec-8] DEBUG c.i.backend.service.TaskService - Fetching tasks for user: anwer - Status filter: null, Priority filter: null
2026-08-02 14:57:21 [http-nio-8080-exec-8] DEBUG c.i.backend.service.TaskService - Querying all tasks for user: anwer
2026-08-02 14:57:21 [http-nio-8080-exec-8] INFO  c.i.backend.service.TaskService - Retrieved 1 tasks for user: anwer
2026-08-02 14:57:21 [http-nio-8080-exec-8] DEBUG c.i.backend.service.TaskService - Converted 1 tasks to response DTOs for user: anwer
2026-08-02 14:57:21 [http-nio-8080-exec-8] INFO  c.i.b.controller.TaskController - Tasks fetched successfully for user: anwer - Count: 1 - Duration: 6ms
2026-08-02 14:57:25 [http-nio-8080-exec-10] DEBUG c.i.b.s.JwtAuthenticationFilter - Processing request - Method: GET, Path: /api/tasks
2026-08-02 14:57:25 [http-nio-8080-exec-10] DEBUG c.i.b.s.JwtAuthenticationFilter - JWT token extracted from Authorization header for request: GET /api/tasks
2026-08-02 14:57:25 [http-nio-8080-exec-10] DEBUG c.i.backend.security.JwtService - Extracting username from JWT token
2026-08-02 14:57:25 [http-nio-8080-exec-10] DEBUG c.i.backend.security.JwtService - Extracting claim from JWT token
2026-08-02 14:57:25 [http-nio-8080-exec-10] DEBUG c.i.backend.security.JwtService - Retrieving signing key for JWT
2026-08-02 14:57:25 [http-nio-8080-exec-10] DEBUG c.i.backend.security.JwtService - Signing key retrieved successfully
2026-08-02 14:57:25 [http-nio-8080-exec-10] DEBUG c.i.backend.security.JwtService - Claims extracted successfully from JWT token
2026-08-02 14:57:25 [http-nio-8080-exec-10] DEBUG c.i.backend.security.JwtService - Username extracted successfully from JWT: anwer
2026-08-02 14:57:25 [http-nio-8080-exec-10] DEBUG c.i.b.s.JwtAuthenticationFilter - Username extracted from JWT: anwer
2026-08-02 14:57:25 [http-nio-8080-exec-10] DEBUG c.i.b.s.JwtAuthenticationFilter - Attempting to authenticate user: anwer for request: GET /api/tasks
2026-08-02 14:57:25 [http-nio-8080-exec-10] DEBUG c.i.b.s.JwtAuthenticationFilter - User details found for username: anwer
2026-08-02 14:57:25 [http-nio-8080-exec-10] DEBUG c.i.backend.security.JwtService - Validating JWT token for username: anwer
2026-08-02 14:57:25 [http-nio-8080-exec-10] DEBUG c.i.backend.security.JwtService - Extracting username from JWT token
2026-08-02 14:57:25 [http-nio-8080-exec-10] DEBUG c.i.backend.security.JwtService - Extracting claim from JWT token
2026-08-02 14:57:25 [http-nio-8080-exec-10] DEBUG c.i.backend.security.JwtService - Retrieving signing key for JWT
2026-08-02 14:57:25 [http-nio-8080-exec-10] DEBUG c.i.backend.security.JwtService - Signing key retrieved successfully
2026-08-02 14:57:25 [http-nio-8080-exec-10] DEBUG c.i.backend.security.JwtService - Claims extracted successfully from JWT token
2026-08-02 14:57:25 [http-nio-8080-exec-10] DEBUG c.i.backend.security.JwtService - Username extracted successfully from JWT: anwer
2026-08-02 14:57:25 [http-nio-8080-exec-10] DEBUG c.i.backend.security.JwtService - Checking if JWT token is expired
2026-08-02 14:57:25 [http-nio-8080-exec-10] DEBUG c.i.backend.security.JwtService - Extracting expiration date from JWT token
2026-08-02 14:57:25 [http-nio-8080-exec-10] DEBUG c.i.backend.security.JwtService - Extracting claim from JWT token
2026-08-02 14:57:25 [http-nio-8080-exec-10] DEBUG c.i.backend.security.JwtService - Retrieving signing key for JWT
2026-08-02 14:57:25 [http-nio-8080-exec-10] DEBUG c.i.backend.security.JwtService - Signing key retrieved successfully
2026-08-02 14:57:25 [http-nio-8080-exec-10] DEBUG c.i.backend.security.JwtService - Claims extracted successfully from JWT token
2026-08-02 14:57:25 [http-nio-8080-exec-10] DEBUG c.i.backend.security.JwtService - Expiration date extracted: Mon Aug 03 14:51:08 EEST 2026
2026-08-02 14:57:25 [http-nio-8080-exec-10] DEBUG c.i.backend.security.JwtService - Token expiration check - Expiration Date: Mon Aug 03 14:51:08 EEST 2026, Current Date: Sun Aug 02 14:57:25 EEST 2026, Is Expired: false
2026-08-02 14:57:25 [http-nio-8080-exec-10] DEBUG c.i.backend.security.JwtService - Token validation details - Username: anwer, Username Match: true, Is Expired: false
2026-08-02 14:57:25 [http-nio-8080-exec-10] DEBUG c.i.backend.security.JwtService - JWT token validation successful for username: anwer
2026-08-02 14:57:25 [http-nio-8080-exec-10] DEBUG c.i.b.s.JwtAuthenticationFilter - JWT token validation successful for user: anwer
2026-08-02 14:57:25 [http-nio-8080-exec-10] INFO  c.i.b.s.JwtAuthenticationFilter - User authenticated successfully - Username: anwer, Request: GET /api/tasks
2026-08-02 14:57:25 [http-nio-8080-exec-10] INFO  c.i.b.controller.TaskController - Fetching tasks for user: anwer - Status filter: null, Priority filter: LOW
2026-08-02 14:57:25 [http-nio-8080-exec-10] DEBUG c.i.backend.service.TaskService - Fetching tasks for user: anwer - Status filter: null, Priority filter: LOW
2026-08-02 14:57:25 [http-nio-8080-exec-10] DEBUG c.i.backend.service.TaskService - Querying tasks with priority filter for user: anwer
2026-08-02 14:57:25 [http-nio-8080-exec-10] INFO  c.i.backend.service.TaskService - Retrieved 0 tasks for user: anwer
2026-08-02 14:57:25 [http-nio-8080-exec-10] DEBUG c.i.backend.service.TaskService - Converted 0 tasks to response DTOs for user: anwer
2026-08-02 14:57:25 [http-nio-8080-exec-10] INFO  c.i.b.controller.TaskController - Tasks fetched successfully for user: anwer - Count: 0 - Duration: 18ms
2026-08-02 14:57:28 [http-nio-8080-exec-2] DEBUG c.i.b.s.JwtAuthenticationFilter - Processing request - Method: GET, Path: /api/tasks
2026-08-02 14:57:28 [http-nio-8080-exec-2] DEBUG c.i.b.s.JwtAuthenticationFilter - JWT token extracted from Authorization header for request: GET /api/tasks
2026-08-02 14:57:28 [http-nio-8080-exec-2] DEBUG c.i.backend.security.JwtService - Extracting username from JWT token
2026-08-02 14:57:28 [http-nio-8080-exec-2] DEBUG c.i.backend.security.JwtService - Extracting claim from JWT token
2026-08-02 14:57:28 [http-nio-8080-exec-2] DEBUG c.i.backend.security.JwtService - Retrieving signing key for JWT
2026-08-02 14:57:28 [http-nio-8080-exec-2] DEBUG c.i.backend.security.JwtService - Signing key retrieved successfully
2026-08-02 14:57:28 [http-nio-8080-exec-2] DEBUG c.i.backend.security.JwtService - Claims extracted successfully from JWT token
2026-08-02 14:57:28 [http-nio-8080-exec-2] DEBUG c.i.backend.security.JwtService - Username extracted successfully from JWT: anwer
2026-08-02 14:57:28 [http-nio-8080-exec-2] DEBUG c.i.b.s.JwtAuthenticationFilter - Username extracted from JWT: anwer
2026-08-02 14:57:28 [http-nio-8080-exec-2] DEBUG c.i.b.s.JwtAuthenticationFilter - Attempting to authenticate user: anwer for request: GET /api/tasks
2026-08-02 14:57:28 [http-nio-8080-exec-2] DEBUG c.i.b.s.JwtAuthenticationFilter - User details found for username: anwer
2026-08-02 14:57:28 [http-nio-8080-exec-2] DEBUG c.i.backend.security.JwtService - Validating JWT token for username: anwer
2026-08-02 14:57:28 [http-nio-8080-exec-2] DEBUG c.i.backend.security.JwtService - Extracting username from JWT token
2026-08-02 14:57:28 [http-nio-8080-exec-2] DEBUG c.i.backend.security.JwtService - Extracting claim from JWT token
2026-08-02 14:57:28 [http-nio-8080-exec-2] DEBUG c.i.backend.security.JwtService - Retrieving signing key for JWT
2026-08-02 14:57:28 [http-nio-8080-exec-2] DEBUG c.i.backend.security.JwtService - Signing key retrieved successfully
2026-08-02 14:57:28 [http-nio-8080-exec-2] DEBUG c.i.backend.security.JwtService - Claims extracted successfully from JWT token
2026-08-02 14:57:28 [http-nio-8080-exec-2] DEBUG c.i.backend.security.JwtService - Username extracted successfully from JWT: anwer
2026-08-02 14:57:28 [http-nio-8080-exec-2] DEBUG c.i.backend.security.JwtService - Checking if JWT token is expired
2026-08-02 14:57:28 [http-nio-8080-exec-2] DEBUG c.i.backend.security.JwtService - Extracting expiration date from JWT token
2026-08-02 14:57:28 [http-nio-8080-exec-2] DEBUG c.i.backend.security.JwtService - Extracting claim from JWT token
2026-08-02 14:57:28 [http-nio-8080-exec-2] DEBUG c.i.backend.security.JwtService - Retrieving signing key for JWT
2026-08-02 14:57:28 [http-nio-8080-exec-2] DEBUG c.i.backend.security.JwtService - Signing key retrieved successfully
2026-08-02 14:57:28 [http-nio-8080-exec-2] DEBUG c.i.backend.security.JwtService - Claims extracted successfully from JWT token
2026-08-02 14:57:28 [http-nio-8080-exec-2] DEBUG c.i.backend.security.JwtService - Expiration date extracted: Mon Aug 03 14:51:08 EEST 2026
2026-08-02 14:57:28 [http-nio-8080-exec-2] DEBUG c.i.backend.security.JwtService - Token expiration check - Expiration Date: Mon Aug 03 14:51:08 EEST 2026, Current Date: Sun Aug 02 14:57:28 EEST 2026, Is Expired: false
2026-08-02 14:57:28 [http-nio-8080-exec-2] DEBUG c.i.backend.security.JwtService - Token validation details - Username: anwer, Username Match: true, Is Expired: false
2026-08-02 14:57:28 [http-nio-8080-exec-2] DEBUG c.i.backend.security.JwtService - JWT token validation successful for username: anwer
2026-08-02 14:57:28 [http-nio-8080-exec-2] DEBUG c.i.b.s.JwtAuthenticationFilter - JWT token validation successful for user: anwer
2026-08-02 14:57:28 [http-nio-8080-exec-2] INFO  c.i.b.s.JwtAuthenticationFilter - User authenticated successfully - Username: anwer, Request: GET /api/tasks
2026-08-02 14:57:28 [http-nio-8080-exec-2] INFO  c.i.b.controller.TaskController - Fetching tasks for user: anwer - Status filter: null, Priority filter: MEDIUM
2026-08-02 14:57:28 [http-nio-8080-exec-2] DEBUG c.i.backend.service.TaskService - Fetching tasks for user: anwer - Status filter: null, Priority filter: MEDIUM
2026-08-02 14:57:28 [http-nio-8080-exec-2] DEBUG c.i.backend.service.TaskService - Querying tasks with priority filter for user: anwer
2026-08-02 14:57:28 [http-nio-8080-exec-2] INFO  c.i.backend.service.TaskService - Retrieved 1 tasks for user: anwer
2026-08-02 14:57:28 [http-nio-8080-exec-2] DEBUG c.i.backend.service.TaskService - Converted 1 tasks to response DTOs for user: anwer
2026-08-02 14:57:28 [http-nio-8080-exec-2] INFO  c.i.b.controller.TaskController - Tasks fetched successfully for user: anwer - Count: 1 - Duration: 7ms
2026-08-02 14:57:29 [http-nio-8080-exec-7] DEBUG c.i.b.s.JwtAuthenticationFilter - Processing request - Method: GET, Path: /api/tasks
2026-08-02 14:57:29 [http-nio-8080-exec-7] DEBUG c.i.b.s.JwtAuthenticationFilter - JWT token extracted from Authorization header for request: GET /api/tasks
2026-08-02 14:57:29 [http-nio-8080-exec-7] DEBUG c.i.backend.security.JwtService - Extracting username from JWT token
2026-08-02 14:57:29 [http-nio-8080-exec-7] DEBUG c.i.backend.security.JwtService - Extracting claim from JWT token
2026-08-02 14:57:29 [http-nio-8080-exec-7] DEBUG c.i.backend.security.JwtService - Retrieving signing key for JWT
2026-08-02 14:57:29 [http-nio-8080-exec-7] DEBUG c.i.backend.security.JwtService - Signing key retrieved successfully
2026-08-02 14:57:29 [http-nio-8080-exec-7] DEBUG c.i.backend.security.JwtService - Claims extracted successfully from JWT token
2026-08-02 14:57:29 [http-nio-8080-exec-7] DEBUG c.i.backend.security.JwtService - Username extracted successfully from JWT: anwer
2026-08-02 14:57:29 [http-nio-8080-exec-7] DEBUG c.i.b.s.JwtAuthenticationFilter - Username extracted from JWT: anwer
2026-08-02 14:57:29 [http-nio-8080-exec-7] DEBUG c.i.b.s.JwtAuthenticationFilter - Attempting to authenticate user: anwer for request: GET /api/tasks
2026-08-02 14:57:29 [http-nio-8080-exec-7] DEBUG c.i.b.s.JwtAuthenticationFilter - User details found for username: anwer
2026-08-02 14:57:29 [http-nio-8080-exec-7] DEBUG c.i.backend.security.JwtService - Validating JWT token for username: anwer
2026-08-02 14:57:29 [http-nio-8080-exec-7] DEBUG c.i.backend.security.JwtService - Extracting username from JWT token
2026-08-02 14:57:29 [http-nio-8080-exec-7] DEBUG c.i.backend.security.JwtService - Extracting claim from JWT token
2026-08-02 14:57:29 [http-nio-8080-exec-7] DEBUG c.i.backend.security.JwtService - Retrieving signing key for JWT
2026-08-02 14:57:29 [http-nio-8080-exec-7] DEBUG c.i.backend.security.JwtService - Signing key retrieved successfully
2026-08-02 14:57:29 [http-nio-8080-exec-7] DEBUG c.i.backend.security.JwtService - Claims extracted successfully from JWT token
2026-08-02 14:57:29 [http-nio-8080-exec-7] DEBUG c.i.backend.security.JwtService - Username extracted successfully from JWT: anwer
2026-08-02 14:57:29 [http-nio-8080-exec-7] DEBUG c.i.backend.security.JwtService - Checking if JWT token is expired
2026-08-02 14:57:29 [http-nio-8080-exec-7] DEBUG c.i.backend.security.JwtService - Extracting expiration date from JWT token
2026-08-02 14:57:29 [http-nio-8080-exec-7] DEBUG c.i.backend.security.JwtService - Extracting claim from JWT token
2026-08-02 14:57:29 [http-nio-8080-exec-7] DEBUG c.i.backend.security.JwtService - Retrieving signing key for JWT
2026-08-02 14:57:29 [http-nio-8080-exec-7] DEBUG c.i.backend.security.JwtService - Signing key retrieved successfully
2026-08-02 14:57:29 [http-nio-8080-exec-7] DEBUG c.i.backend.security.JwtService - Claims extracted successfully from JWT token
2026-08-02 14:57:29 [http-nio-8080-exec-7] DEBUG c.i.backend.security.JwtService - Expiration date extracted: Mon Aug 03 14:51:08 EEST 2026
2026-08-02 14:57:29 [http-nio-8080-exec-7] DEBUG c.i.backend.security.JwtService - Token expiration check - Expiration Date: Mon Aug 03 14:51:08 EEST 2026, Current Date: Sun Aug 02 14:57:29 EEST 2026, Is Expired: false
2026-08-02 14:57:29 [http-nio-8080-exec-7] DEBUG c.i.backend.security.JwtService - Token validation details - Username: anwer, Username Match: true, Is Expired: false
2026-08-02 14:57:29 [http-nio-8080-exec-7] DEBUG c.i.backend.security.JwtService - JWT token validation successful for username: anwer
2026-08-02 14:57:29 [http-nio-8080-exec-7] DEBUG c.i.b.s.JwtAuthenticationFilter - JWT token validation successful for user: anwer
2026-08-02 14:57:29 [http-nio-8080-exec-7] INFO  c.i.b.s.JwtAuthenticationFilter - User authenticated successfully - Username: anwer, Request: GET /api/tasks
2026-08-02 14:57:29 [http-nio-8080-exec-7] INFO  c.i.b.controller.TaskController - Fetching tasks for user: anwer - Status filter: null, Priority filter: null
2026-08-02 14:57:29 [http-nio-8080-exec-7] DEBUG c.i.backend.service.TaskService - Fetching tasks for user: anwer - Status filter: null, Priority filter: null
2026-08-02 14:57:29 [http-nio-8080-exec-7] DEBUG c.i.backend.service.TaskService - Querying all tasks for user: anwer
2026-08-02 14:57:29 [http-nio-8080-exec-7] INFO  c.i.backend.service.TaskService - Retrieved 1 tasks for user: anwer
2026-08-02 14:57:29 [http-nio-8080-exec-7] DEBUG c.i.backend.service.TaskService - Converted 1 tasks to response DTOs for user: anwer
2026-08-02 14:57:29 [http-nio-8080-exec-7] INFO  c.i.b.controller.TaskController - Tasks fetched successfully for user: anwer - Count: 1 - Duration: 5ms
2026-08-02 14:59:48 [http-nio-8080-exec-5] DEBUG c.i.b.s.JwtAuthenticationFilter - Processing request - Method: GET, Path: /api/tasks
2026-08-02 14:59:48 [http-nio-8080-exec-5] DEBUG c.i.b.s.JwtAuthenticationFilter - JWT token extracted from Authorization header for request: GET /api/tasks
2026-08-02 14:59:48 [http-nio-8080-exec-5] DEBUG c.i.backend.security.JwtService - Extracting username from JWT token
2026-08-02 14:59:48 [http-nio-8080-exec-5] DEBUG c.i.backend.security.JwtService - Extracting claim from JWT token
2026-08-02 14:59:48 [http-nio-8080-exec-5] DEBUG c.i.backend.security.JwtService - Retrieving signing key for JWT
2026-08-02 14:59:48 [http-nio-8080-exec-5] DEBUG c.i.backend.security.JwtService - Signing key retrieved successfully
2026-08-02 14:59:48 [http-nio-8080-exec-5] DEBUG c.i.backend.security.JwtService - Claims extracted successfully from JWT token
2026-08-02 14:59:48 [http-nio-8080-exec-5] DEBUG c.i.backend.security.JwtService - Username extracted successfully from JWT: anwer
2026-08-02 14:59:48 [http-nio-8080-exec-5] DEBUG c.i.b.s.JwtAuthenticationFilter - Username extracted from JWT: anwer
2026-08-02 14:59:48 [http-nio-8080-exec-5] DEBUG c.i.b.s.JwtAuthenticationFilter - Attempting to authenticate user: anwer for request: GET /api/tasks
2026-08-02 14:59:48 [http-nio-8080-exec-5] DEBUG c.i.b.s.JwtAuthenticationFilter - User details found for username: anwer
2026-08-02 14:59:48 [http-nio-8080-exec-5] DEBUG c.i.backend.security.JwtService - Validating JWT token for username: anwer
2026-08-02 14:59:48 [http-nio-8080-exec-5] DEBUG c.i.backend.security.JwtService - Extracting username from JWT token
2026-08-02 14:59:48 [http-nio-8080-exec-5] DEBUG c.i.backend.security.JwtService - Extracting claim from JWT token
2026-08-02 14:59:48 [http-nio-8080-exec-5] DEBUG c.i.backend.security.JwtService - Retrieving signing key for JWT
2026-08-02 14:59:48 [http-nio-8080-exec-5] DEBUG c.i.backend.security.JwtService - Signing key retrieved successfully
2026-08-02 14:59:48 [http-nio-8080-exec-5] DEBUG c.i.backend.security.JwtService - Claims extracted successfully from JWT token
2026-08-02 14:59:48 [http-nio-8080-exec-5] DEBUG c.i.backend.security.JwtService - Username extracted successfully from JWT: anwer
2026-08-02 14:59:48 [http-nio-8080-exec-5] DEBUG c.i.backend.security.JwtService - Checking if JWT token is expired
2026-08-02 14:59:48 [http-nio-8080-exec-5] DEBUG c.i.backend.security.JwtService - Extracting expiration date from JWT token
2026-08-02 14:59:48 [http-nio-8080-exec-5] DEBUG c.i.backend.security.JwtService - Extracting claim from JWT token
2026-08-02 14:59:48 [http-nio-8080-exec-5] DEBUG c.i.backend.security.JwtService - Retrieving signing key for JWT
2026-08-02 14:59:48 [http-nio-8080-exec-5] DEBUG c.i.backend.security.JwtService - Signing key retrieved successfully
2026-08-02 14:59:48 [http-nio-8080-exec-5] DEBUG c.i.backend.security.JwtService - Claims extracted successfully from JWT token
2026-08-02 14:59:48 [http-nio-8080-exec-5] DEBUG c.i.backend.security.JwtService - Expiration date extracted: Mon Aug 03 14:51:08 EEST 2026
2026-08-02 14:59:48 [http-nio-8080-exec-5] DEBUG c.i.backend.security.JwtService - Token expiration check - Expiration Date: Mon Aug 03 14:51:08 EEST 2026, Current Date: Sun Aug 02 14:59:48 EEST 2026, Is Expired: false
2026-08-02 14:59:48 [http-nio-8080-exec-5] DEBUG c.i.backend.security.JwtService - Token validation details - Username: anwer, Username Match: true, Is Expired: false
2026-08-02 14:59:48 [http-nio-8080-exec-5] DEBUG c.i.backend.security.JwtService - JWT token validation successful for username: anwer
2026-08-02 14:59:48 [http-nio-8080-exec-5] DEBUG c.i.b.s.JwtAuthenticationFilter - JWT token validation successful for user: anwer
2026-08-02 14:59:48 [http-nio-8080-exec-5] INFO  c.i.b.s.JwtAuthenticationFilter - User authenticated successfully - Username: anwer, Request: GET /api/tasks
2026-08-02 14:59:48 [http-nio-8080-exec-5] INFO  c.i.b.controller.TaskController - Fetching tasks for user: anwer - Status filter: null, Priority filter: null
2026-08-02 14:59:48 [http-nio-8080-exec-5] DEBUG c.i.backend.service.TaskService - Fetching tasks for user: anwer - Status filter: null, Priority filter: null
2026-08-02 14:59:48 [http-nio-8080-exec-5] DEBUG c.i.backend.service.TaskService - Querying all tasks for user: anwer
2026-08-02 14:59:48 [http-nio-8080-exec-5] INFO  c.i.backend.service.TaskService - Retrieved 1 tasks for user: anwer
2026-08-02 14:59:48 [http-nio-8080-exec-5] DEBUG c.i.backend.service.TaskService - Converted 1 tasks to response DTOs for user: anwer
2026-08-02 14:59:48 [http-nio-8080-exec-5] INFO  c.i.b.controller.TaskController - Tasks fetched successfully for user: anwer - Count: 1 - Duration: 25ms
2026-08-02 14:59:53 [http-nio-8080-exec-6] DEBUG c.i.b.s.JwtAuthenticationFilter - Processing request - Method: GET, Path: /api/tasks
2026-08-02 14:59:53 [http-nio-8080-exec-6] DEBUG c.i.b.s.JwtAuthenticationFilter - JWT token extracted from Authorization header for request: GET /api/tasks
2026-08-02 14:59:53 [http-nio-8080-exec-6] DEBUG c.i.backend.security.JwtService - Extracting username from JWT token
2026-08-02 14:59:53 [http-nio-8080-exec-6] DEBUG c.i.backend.security.JwtService - Extracting claim from JWT token
2026-08-02 14:59:53 [http-nio-8080-exec-6] DEBUG c.i.backend.security.JwtService - Retrieving signing key for JWT
2026-08-02 14:59:53 [http-nio-8080-exec-6] DEBUG c.i.backend.security.JwtService - Signing key retrieved successfully
2026-08-02 14:59:53 [http-nio-8080-exec-6] DEBUG c.i.backend.security.JwtService - Claims extracted successfully from JWT token
2026-08-02 14:59:53 [http-nio-8080-exec-6] DEBUG c.i.backend.security.JwtService - Username extracted successfully from JWT: anwer
2026-08-02 14:59:53 [http-nio-8080-exec-6] DEBUG c.i.b.s.JwtAuthenticationFilter - Username extracted from JWT: anwer
2026-08-02 14:59:53 [http-nio-8080-exec-6] DEBUG c.i.b.s.JwtAuthenticationFilter - Attempting to authenticate user: anwer for request: GET /api/tasks
2026-08-02 14:59:53 [http-nio-8080-exec-6] DEBUG c.i.b.s.JwtAuthenticationFilter - User details found for username: anwer
2026-08-02 14:59:53 [http-nio-8080-exec-6] DEBUG c.i.backend.security.JwtService - Validating JWT token for username: anwer
2026-08-02 14:59:53 [http-nio-8080-exec-6] DEBUG c.i.backend.security.JwtService - Extracting username from JWT token
2026-08-02 14:59:53 [http-nio-8080-exec-6] DEBUG c.i.backend.security.JwtService - Extracting claim from JWT token
2026-08-02 14:59:53 [http-nio-8080-exec-6] DEBUG c.i.backend.security.JwtService - Retrieving signing key for JWT
2026-08-02 14:59:53 [http-nio-8080-exec-6] DEBUG c.i.backend.security.JwtService - Signing key retrieved successfully
2026-08-02 14:59:53 [http-nio-8080-exec-6] DEBUG c.i.backend.security.JwtService - Claims extracted successfully from JWT token
2026-08-02 14:59:53 [http-nio-8080-exec-6] DEBUG c.i.backend.security.JwtService - Username extracted successfully from JWT: anwer
2026-08-02 14:59:53 [http-nio-8080-exec-6] DEBUG c.i.backend.security.JwtService - Checking if JWT token is expired
2026-08-02 14:59:53 [http-nio-8080-exec-6] DEBUG c.i.backend.security.JwtService - Extracting expiration date from JWT token
2026-08-02 14:59:53 [http-nio-8080-exec-6] DEBUG c.i.backend.security.JwtService - Extracting claim from JWT token
2026-08-02 14:59:53 [http-nio-8080-exec-6] DEBUG c.i.backend.security.JwtService - Retrieving signing key for JWT
2026-08-02 14:59:53 [http-nio-8080-exec-6] DEBUG c.i.backend.security.JwtService - Signing key retrieved successfully
2026-08-02 14:59:53 [http-nio-8080-exec-6] DEBUG c.i.backend.security.JwtService - Claims extracted successfully from JWT token
2026-08-02 14:59:53 [http-nio-8080-exec-6] DEBUG c.i.backend.security.JwtService - Expiration date extracted: Mon Aug 03 14:51:08 EEST 2026
2026-08-02 14:59:53 [http-nio-8080-exec-6] DEBUG c.i.backend.security.JwtService - Token expiration check - Expiration Date: Mon Aug 03 14:51:08 EEST 2026, Current Date: Sun Aug 02 14:59:53 EEST 2026, Is Expired: false
2026-08-02 14:59:53 [http-nio-8080-exec-6] DEBUG c.i.backend.security.JwtService - Token validation details - Username: anwer, Username Match: true, Is Expired: false
2026-08-02 14:59:53 [http-nio-8080-exec-6] DEBUG c.i.backend.security.JwtService - JWT token validation successful for username: anwer
2026-08-02 14:59:53 [http-nio-8080-exec-6] DEBUG c.i.b.s.JwtAuthenticationFilter - JWT token validation successful for user: anwer
2026-08-02 14:59:53 [http-nio-8080-exec-6] INFO  c.i.b.s.JwtAuthenticationFilter - User authenticated successfully - Username: anwer, Request: GET /api/tasks
2026-08-02 14:59:53 [http-nio-8080-exec-6] INFO  c.i.b.controller.TaskController - Fetching tasks for user: anwer - Status filter: null, Priority filter: null
2026-08-02 14:59:53 [http-nio-8080-exec-6] DEBUG c.i.backend.service.TaskService - Fetching tasks for user: anwer - Status filter: null, Priority filter: null
2026-08-02 14:59:53 [http-nio-8080-exec-6] DEBUG c.i.backend.service.TaskService - Querying all tasks for user: anwer
2026-08-02 14:59:53 [http-nio-8080-exec-6] INFO  c.i.backend.service.TaskService - Retrieved 1 tasks for user: anwer
2026-08-02 14:59:53 [http-nio-8080-exec-6] DEBUG c.i.backend.service.TaskService - Converted 1 tasks to response DTOs for user: anwer
2026-08-02 14:59:53 [http-nio-8080-exec-6] INFO  c.i.b.controller.TaskController - Tasks fetched successfully for user: anwer - Count: 1 - Duration: 30ms
2026-08-02 14:59:58 [http-nio-8080-exec-4] DEBUG c.i.b.s.JwtAuthenticationFilter - Processing request - Method: GET, Path: /api/tasks/null
2026-08-02 14:59:58 [http-nio-8080-exec-4] DEBUG c.i.b.s.JwtAuthenticationFilter - JWT token extracted from Authorization header for request: GET /api/tasks/null
2026-08-02 14:59:58 [http-nio-8080-exec-4] DEBUG c.i.backend.security.JwtService - Extracting username from JWT token
2026-08-02 14:59:58 [http-nio-8080-exec-4] DEBUG c.i.backend.security.JwtService - Extracting claim from JWT token
2026-08-02 14:59:58 [http-nio-8080-exec-4] DEBUG c.i.backend.security.JwtService - Retrieving signing key for JWT
2026-08-02 14:59:58 [http-nio-8080-exec-4] DEBUG c.i.backend.security.JwtService - Signing key retrieved successfully
2026-08-02 14:59:58 [http-nio-8080-exec-4] DEBUG c.i.backend.security.JwtService - Claims extracted successfully from JWT token
2026-08-02 14:59:58 [http-nio-8080-exec-4] DEBUG c.i.backend.security.JwtService - Username extracted successfully from JWT: anwer
2026-08-02 14:59:58 [http-nio-8080-exec-4] DEBUG c.i.b.s.JwtAuthenticationFilter - Username extracted from JWT: anwer
2026-08-02 14:59:58 [http-nio-8080-exec-4] DEBUG c.i.b.s.JwtAuthenticationFilter - Attempting to authenticate user: anwer for request: GET /api/tasks/null
2026-08-02 14:59:58 [http-nio-8080-exec-4] DEBUG c.i.b.s.JwtAuthenticationFilter - User details found for username: anwer
2026-08-02 14:59:58 [http-nio-8080-exec-4] DEBUG c.i.backend.security.JwtService - Validating JWT token for username: anwer
2026-08-02 14:59:58 [http-nio-8080-exec-4] DEBUG c.i.backend.security.JwtService - Extracting username from JWT token
2026-08-02 14:59:58 [http-nio-8080-exec-4] DEBUG c.i.backend.security.JwtService - Extracting claim from JWT token
2026-08-02 14:59:58 [http-nio-8080-exec-4] DEBUG c.i.backend.security.JwtService - Retrieving signing key for JWT
2026-08-02 14:59:58 [http-nio-8080-exec-4] DEBUG c.i.backend.security.JwtService - Signing key retrieved successfully
2026-08-02 14:59:58 [http-nio-8080-exec-4] DEBUG c.i.backend.security.JwtService - Claims extracted successfully from JWT token
2026-08-02 14:59:58 [http-nio-8080-exec-4] DEBUG c.i.backend.security.JwtService - Username extracted successfully from JWT: anwer
2026-08-02 14:59:58 [http-nio-8080-exec-4] DEBUG c.i.backend.security.JwtService - Checking if JWT token is expired
2026-08-02 14:59:58 [http-nio-8080-exec-4] DEBUG c.i.backend.security.JwtService - Extracting expiration date from JWT token
2026-08-02 14:59:58 [http-nio-8080-exec-4] DEBUG c.i.backend.security.JwtService - Extracting claim from JWT token
2026-08-02 14:59:58 [http-nio-8080-exec-4] DEBUG c.i.backend.security.JwtService - Retrieving signing key for JWT
2026-08-02 14:59:58 [http-nio-8080-exec-4] DEBUG c.i.backend.security.JwtService - Signing key retrieved successfully
2026-08-02 14:59:59 [http-nio-8080-exec-4] DEBUG c.i.backend.security.JwtService - Claims extracted successfully from JWT token
2026-08-02 14:59:59 [http-nio-8080-exec-4] DEBUG c.i.backend.security.JwtService - Expiration date extracted: Mon Aug 03 14:51:08 EEST 2026
2026-08-02 14:59:59 [http-nio-8080-exec-4] DEBUG c.i.backend.security.JwtService - Token expiration check - Expiration Date: Mon Aug 03 14:51:08 EEST 2026, Current Date: Sun Aug 02 14:59:59 EEST 2026, Is Expired: false
2026-08-02 14:59:59 [http-nio-8080-exec-4] DEBUG c.i.backend.security.JwtService - Token validation details - Username: anwer, Username Match: true, Is Expired: false
2026-08-02 14:59:59 [http-nio-8080-exec-4] DEBUG c.i.backend.security.JwtService - JWT token validation successful for username: anwer
2026-08-02 14:59:59 [http-nio-8080-exec-4] DEBUG c.i.b.s.JwtAuthenticationFilter - JWT token validation successful for user: anwer
2026-08-02 14:59:59 [http-nio-8080-exec-4] INFO  c.i.b.s.JwtAuthenticationFilter - User authenticated successfully - Username: anwer, Request: GET /api/tasks/null
2026-08-02 14:59:59 [http-nio-8080-exec-4] WARN  o.s.w.s.m.s.DefaultHandlerExceptionResolver - Resolved [org.springframework.web.method.annotation.MethodArgumentTypeMismatchException: Method parameter 'id': Failed to convert value of type 'java.lang.String' to required type 'java.lang.Long'; For input string: "null"]
2026-08-02 15:00:56 [http-nio-8080-exec-8] DEBUG c.i.b.s.JwtAuthenticationFilter - Processing request - Method: POST, Path: /api/tasks
2026-08-02 15:00:56 [http-nio-8080-exec-8] DEBUG c.i.b.s.JwtAuthenticationFilter - JWT token extracted from Authorization header for request: POST /api/tasks
2026-08-02 15:00:56 [http-nio-8080-exec-8] DEBUG c.i.backend.security.JwtService - Extracting username from JWT token
2026-08-02 15:00:56 [http-nio-8080-exec-8] DEBUG c.i.backend.security.JwtService - Extracting claim from JWT token
2026-08-02 15:00:56 [http-nio-8080-exec-8] DEBUG c.i.backend.security.JwtService - Retrieving signing key for JWT
2026-08-02 15:00:56 [http-nio-8080-exec-8] DEBUG c.i.backend.security.JwtService - Signing key retrieved successfully
2026-08-02 15:00:56 [http-nio-8080-exec-8] DEBUG c.i.backend.security.JwtService - Claims extracted successfully from JWT token
2026-08-02 15:00:56 [http-nio-8080-exec-8] DEBUG c.i.backend.security.JwtService - Username extracted successfully from JWT: anwer
2026-08-02 15:00:56 [http-nio-8080-exec-8] DEBUG c.i.b.s.JwtAuthenticationFilter - Username extracted from JWT: anwer
2026-08-02 15:00:56 [http-nio-8080-exec-8] DEBUG c.i.b.s.JwtAuthenticationFilter - Attempting to authenticate user: anwer for request: POST /api/tasks
2026-08-02 15:00:56 [http-nio-8080-exec-8] DEBUG c.i.b.s.JwtAuthenticationFilter - User details found for username: anwer
2026-08-02 15:00:56 [http-nio-8080-exec-8] DEBUG c.i.backend.security.JwtService - Validating JWT token for username: anwer
2026-08-02 15:00:56 [http-nio-8080-exec-8] DEBUG c.i.backend.security.JwtService - Extracting username from JWT token
2026-08-02 15:00:56 [http-nio-8080-exec-8] DEBUG c.i.backend.security.JwtService - Extracting claim from JWT token
2026-08-02 15:00:56 [http-nio-8080-exec-8] DEBUG c.i.backend.security.JwtService - Retrieving signing key for JWT
2026-08-02 15:00:56 [http-nio-8080-exec-8] DEBUG c.i.backend.security.JwtService - Signing key retrieved successfully
2026-08-02 15:00:56 [http-nio-8080-exec-8] DEBUG c.i.backend.security.JwtService - Claims extracted successfully from JWT token
2026-08-02 15:00:56 [http-nio-8080-exec-8] DEBUG c.i.backend.security.JwtService - Username extracted successfully from JWT: anwer
2026-08-02 15:00:56 [http-nio-8080-exec-8] DEBUG c.i.backend.security.JwtService - Checking if JWT token is expired
2026-08-02 15:00:56 [http-nio-8080-exec-8] DEBUG c.i.backend.security.JwtService - Extracting expiration date from JWT token
2026-08-02 15:00:56 [http-nio-8080-exec-8] DEBUG c.i.backend.security.JwtService - Extracting claim from JWT token
2026-08-02 15:00:56 [http-nio-8080-exec-8] DEBUG c.i.backend.security.JwtService - Retrieving signing key for JWT
2026-08-02 15:00:56 [http-nio-8080-exec-8] DEBUG c.i.backend.security.JwtService - Signing key retrieved successfully
2026-08-02 15:00:56 [http-nio-8080-exec-8] DEBUG c.i.backend.security.JwtService - Claims extracted successfully from JWT token
2026-08-02 15:00:56 [http-nio-8080-exec-8] DEBUG c.i.backend.security.JwtService - Expiration date extracted: Mon Aug 03 14:51:08 EEST 2026
2026-08-02 15:00:56 [http-nio-8080-exec-8] DEBUG c.i.backend.security.JwtService - Token expiration check - Expiration Date: Mon Aug 03 14:51:08 EEST 2026, Current Date: Sun Aug 02 15:00:56 EEST 2026, Is Expired: false
2026-08-02 15:00:56 [http-nio-8080-exec-8] DEBUG c.i.backend.security.JwtService - Token validation details - Username: anwer, Username Match: true, Is Expired: false
2026-08-02 15:00:56 [http-nio-8080-exec-8] DEBUG c.i.backend.security.JwtService - JWT token validation successful for username: anwer
2026-08-02 15:00:56 [http-nio-8080-exec-8] DEBUG c.i.b.s.JwtAuthenticationFilter - JWT token validation successful for user: anwer
2026-08-02 15:00:56 [http-nio-8080-exec-8] INFO  c.i.b.s.JwtAuthenticationFilter - User authenticated successfully - Username: anwer, Request: POST /api/tasks
2026-08-02 15:00:56 [http-nio-8080-exec-8] INFO  c.i.b.controller.TaskController - Creating new task for user: anwer - Title: reading
2026-08-02 15:00:56 [http-nio-8080-exec-8] DEBUG c.i.backend.service.TaskService - Creating new task for user: anwer - Title: 'reading', Priority: HIGH, Status: IN_PROGRESS
2026-08-02 15:00:56 [http-nio-8080-exec-8] DEBUG c.i.backend.service.TaskService - Built task object - preparing to save for user: anwer
2026-08-02 15:00:56 [http-nio-8080-exec-8] INFO  c.i.backend.service.TaskService - Task created and saved successfully - ID: 3, User: anwer
2026-08-02 15:00:56 [http-nio-8080-exec-8] DEBUG c.i.backend.service.TaskService - Task response DTO created for task ID: 3
2026-08-02 15:00:56 [http-nio-8080-exec-8] INFO  c.i.b.controller.TaskController - Task created successfully for user: anwer - Task ID: 3 - Duration: 55ms
2026-08-02 15:00:56 [http-nio-8080-exec-9] DEBUG c.i.b.s.JwtAuthenticationFilter - Processing request - Method: GET, Path: /api/tasks
2026-08-02 15:00:56 [http-nio-8080-exec-9] DEBUG c.i.b.s.JwtAuthenticationFilter - JWT token extracted from Authorization header for request: GET /api/tasks
2026-08-02 15:00:56 [http-nio-8080-exec-9] DEBUG c.i.backend.security.JwtService - Extracting username from JWT token
2026-08-02 15:00:56 [http-nio-8080-exec-9] DEBUG c.i.backend.security.JwtService - Extracting claim from JWT token
2026-08-02 15:00:56 [http-nio-8080-exec-9] DEBUG c.i.backend.security.JwtService - Retrieving signing key for JWT
2026-08-02 15:00:56 [http-nio-8080-exec-9] DEBUG c.i.backend.security.JwtService - Signing key retrieved successfully
2026-08-02 15:00:56 [http-nio-8080-exec-9] DEBUG c.i.backend.security.JwtService - Claims extracted successfully from JWT token
2026-08-02 15:00:56 [http-nio-8080-exec-9] DEBUG c.i.backend.security.JwtService - Username extracted successfully from JWT: anwer
2026-08-02 15:00:56 [http-nio-8080-exec-9] DEBUG c.i.b.s.JwtAuthenticationFilter - Username extracted from JWT: anwer
2026-08-02 15:00:56 [http-nio-8080-exec-9] DEBUG c.i.b.s.JwtAuthenticationFilter - Attempting to authenticate user: anwer for request: GET /api/tasks
2026-08-02 15:00:56 [http-nio-8080-exec-9] DEBUG c.i.b.s.JwtAuthenticationFilter - User details found for username: anwer
2026-08-02 15:00:56 [http-nio-8080-exec-9] DEBUG c.i.backend.security.JwtService - Validating JWT token for username: anwer
2026-08-02 15:00:56 [http-nio-8080-exec-9] DEBUG c.i.backend.security.JwtService - Extracting username from JWT token
2026-08-02 15:00:56 [http-nio-8080-exec-9] DEBUG c.i.backend.security.JwtService - Extracting claim from JWT token
2026-08-02 15:00:56 [http-nio-8080-exec-9] DEBUG c.i.backend.security.JwtService - Retrieving signing key for JWT
2026-08-02 15:00:56 [http-nio-8080-exec-9] DEBUG c.i.backend.security.JwtService - Signing key retrieved successfully
2026-08-02 15:00:56 [http-nio-8080-exec-9] DEBUG c.i.backend.security.JwtService - Claims extracted successfully from JWT token
2026-08-02 15:00:56 [http-nio-8080-exec-9] DEBUG c.i.backend.security.JwtService - Username extracted successfully from JWT: anwer
2026-08-02 15:00:56 [http-nio-8080-exec-9] DEBUG c.i.backend.security.JwtService - Checking if JWT token is expired
2026-08-02 15:00:56 [http-nio-8080-exec-9] DEBUG c.i.backend.security.JwtService - Extracting expiration date from JWT token
2026-08-02 15:00:56 [http-nio-8080-exec-9] DEBUG c.i.backend.security.JwtService - Extracting claim from JWT token
2026-08-02 15:00:56 [http-nio-8080-exec-9] DEBUG c.i.backend.security.JwtService - Retrieving signing key for JWT
2026-08-02 15:00:56 [http-nio-8080-exec-9] DEBUG c.i.backend.security.JwtService - Signing key retrieved successfully
2026-08-02 15:00:56 [http-nio-8080-exec-9] DEBUG c.i.backend.security.JwtService - Claims extracted successfully from JWT token
2026-08-02 15:00:56 [http-nio-8080-exec-9] DEBUG c.i.backend.security.JwtService - Expiration date extracted: Mon Aug 03 14:51:08 EEST 2026
2026-08-02 15:00:56 [http-nio-8080-exec-9] DEBUG c.i.backend.security.JwtService - Token expiration check - Expiration Date: Mon Aug 03 14:51:08 EEST 2026, Current Date: Sun Aug 02 15:00:56 EEST 2026, Is Expired: false
2026-08-02 15:00:56 [http-nio-8080-exec-9] DEBUG c.i.backend.security.JwtService - Token validation details - Username: anwer, Username Match: true, Is Expired: false
2026-08-02 15:00:56 [http-nio-8080-exec-9] DEBUG c.i.backend.security.JwtService - JWT token validation successful for username: anwer
2026-08-02 15:00:56 [http-nio-8080-exec-9] DEBUG c.i.b.s.JwtAuthenticationFilter - JWT token validation successful for user: anwer
2026-08-02 15:00:56 [http-nio-8080-exec-9] INFO  c.i.b.s.JwtAuthenticationFilter - User authenticated successfully - Username: anwer, Request: GET /api/tasks
2026-08-02 15:00:56 [http-nio-8080-exec-9] INFO  c.i.b.controller.TaskController - Fetching tasks for user: anwer - Status filter: null, Priority filter: null
2026-08-02 15:00:56 [http-nio-8080-exec-9] DEBUG c.i.backend.service.TaskService - Fetching tasks for user: anwer - Status filter: null, Priority filter: null
2026-08-02 15:00:56 [http-nio-8080-exec-9] DEBUG c.i.backend.service.TaskService - Querying all tasks for user: anwer
2026-08-02 15:00:56 [http-nio-8080-exec-9] INFO  c.i.backend.service.TaskService - Retrieved 2 tasks for user: anwer
2026-08-02 15:00:56 [http-nio-8080-exec-9] DEBUG c.i.backend.service.TaskService - Converted 2 tasks to response DTOs for user: anwer
2026-08-02 15:00:56 [http-nio-8080-exec-9] INFO  c.i.b.controller.TaskController - Tasks fetched successfully for user: anwer - Count: 2 - Duration: 27ms
2026-08-02 15:01:14 [http-nio-8080-exec-1] DEBUG c.i.b.s.JwtAuthenticationFilter - Processing request - Method: GET, Path: /api/tasks/2
2026-08-02 15:01:14 [http-nio-8080-exec-1] DEBUG c.i.b.s.JwtAuthenticationFilter - JWT token extracted from Authorization header for request: GET /api/tasks/2
2026-08-02 15:01:14 [http-nio-8080-exec-1] DEBUG c.i.backend.security.JwtService - Extracting username from JWT token
2026-08-02 15:01:14 [http-nio-8080-exec-1] DEBUG c.i.backend.security.JwtService - Extracting claim from JWT token
2026-08-02 15:01:14 [http-nio-8080-exec-1] DEBUG c.i.backend.security.JwtService - Retrieving signing key for JWT
2026-08-02 15:01:14 [http-nio-8080-exec-1] DEBUG c.i.backend.security.JwtService - Signing key retrieved successfully
2026-08-02 15:01:14 [http-nio-8080-exec-1] DEBUG c.i.backend.security.JwtService - Claims extracted successfully from JWT token
2026-08-02 15:01:14 [http-nio-8080-exec-1] DEBUG c.i.backend.security.JwtService - Username extracted successfully from JWT: anwer
2026-08-02 15:01:14 [http-nio-8080-exec-1] DEBUG c.i.b.s.JwtAuthenticationFilter - Username extracted from JWT: anwer
2026-08-02 15:01:14 [http-nio-8080-exec-1] DEBUG c.i.b.s.JwtAuthenticationFilter - Attempting to authenticate user: anwer for request: GET /api/tasks/2
2026-08-02 15:01:14 [http-nio-8080-exec-1] DEBUG c.i.b.s.JwtAuthenticationFilter - User details found for username: anwer
2026-08-02 15:01:14 [http-nio-8080-exec-1] DEBUG c.i.backend.security.JwtService - Validating JWT token for username: anwer
2026-08-02 15:01:14 [http-nio-8080-exec-1] DEBUG c.i.backend.security.JwtService - Extracting username from JWT token
2026-08-02 15:01:14 [http-nio-8080-exec-1] DEBUG c.i.backend.security.JwtService - Extracting claim from JWT token
2026-08-02 15:01:14 [http-nio-8080-exec-1] DEBUG c.i.backend.security.JwtService - Retrieving signing key for JWT
2026-08-02 15:01:14 [http-nio-8080-exec-1] DEBUG c.i.backend.security.JwtService - Signing key retrieved successfully
2026-08-02 15:01:14 [http-nio-8080-exec-1] DEBUG c.i.backend.security.JwtService - Claims extracted successfully from JWT token
2026-08-02 15:01:14 [http-nio-8080-exec-1] DEBUG c.i.backend.security.JwtService - Username extracted successfully from JWT: anwer
2026-08-02 15:01:14 [http-nio-8080-exec-1] DEBUG c.i.backend.security.JwtService - Checking if JWT token is expired
2026-08-02 15:01:14 [http-nio-8080-exec-1] DEBUG c.i.backend.security.JwtService - Extracting expiration date from JWT token
2026-08-02 15:01:14 [http-nio-8080-exec-1] DEBUG c.i.backend.security.JwtService - Extracting claim from JWT token
2026-08-02 15:01:14 [http-nio-8080-exec-1] DEBUG c.i.backend.security.JwtService - Retrieving signing key for JWT
2026-08-02 15:01:14 [http-nio-8080-exec-1] DEBUG c.i.backend.security.JwtService - Signing key retrieved successfully
2026-08-02 15:01:14 [http-nio-8080-exec-1] DEBUG c.i.backend.security.JwtService - Claims extracted successfully from JWT token
2026-08-02 15:01:14 [http-nio-8080-exec-1] DEBUG c.i.backend.security.JwtService - Expiration date extracted: Mon Aug 03 14:51:08 EEST 2026
2026-08-02 15:01:14 [http-nio-8080-exec-1] DEBUG c.i.backend.security.JwtService - Token expiration check - Expiration Date: Mon Aug 03 14:51:08 EEST 2026, Current Date: Sun Aug 02 15:01:14 EEST 2026, Is Expired: false
2026-08-02 15:01:14 [http-nio-8080-exec-1] DEBUG c.i.backend.security.JwtService - Token validation details - Username: anwer, Username Match: true, Is Expired: false
2026-08-02 15:01:14 [http-nio-8080-exec-1] DEBUG c.i.backend.security.JwtService - JWT token validation successful for username: anwer
2026-08-02 15:01:14 [http-nio-8080-exec-1] DEBUG c.i.b.s.JwtAuthenticationFilter - JWT token validation successful for user: anwer
2026-08-02 15:01:14 [http-nio-8080-exec-1] INFO  c.i.b.s.JwtAuthenticationFilter - User authenticated successfully - Username: anwer, Request: GET /api/tasks/2
2026-08-02 15:01:14 [http-nio-8080-exec-1] INFO  c.i.b.controller.TaskController - Fetching task ID: 2 for user: anwer
2026-08-02 15:01:14 [http-nio-8080-exec-1] DEBUG c.i.backend.service.TaskService - Fetching task ID: 2 for user: anwer
2026-08-02 15:01:14 [http-nio-8080-exec-1] DEBUG c.i.backend.service.TaskService - Validating task access - Task ID: 2, User: anwer
2026-08-02 15:01:14 [http-nio-8080-exec-1] INFO  c.i.backend.service.TaskService - Task ID: 2 retrieved successfully for user: anwer
2026-08-02 15:01:14 [http-nio-8080-exec-1] INFO  c.i.b.controller.TaskController - Task ID: 2 fetched successfully for user: anwer - Duration: 15ms
2026-08-02 15:01:25 [http-nio-8080-exec-7] DEBUG c.i.b.s.JwtAuthenticationFilter - Processing request - Method: PUT, Path: /api/tasks/2
2026-08-02 15:01:25 [http-nio-8080-exec-7] DEBUG c.i.b.s.JwtAuthenticationFilter - JWT token extracted from Authorization header for request: PUT /api/tasks/2
2026-08-02 15:01:25 [http-nio-8080-exec-7] DEBUG c.i.backend.security.JwtService - Extracting username from JWT token
2026-08-02 15:01:25 [http-nio-8080-exec-7] DEBUG c.i.backend.security.JwtService - Extracting claim from JWT token
2026-08-02 15:01:25 [http-nio-8080-exec-7] DEBUG c.i.backend.security.JwtService - Retrieving signing key for JWT
2026-08-02 15:01:25 [http-nio-8080-exec-7] DEBUG c.i.backend.security.JwtService - Signing key retrieved successfully
2026-08-02 15:01:25 [http-nio-8080-exec-7] DEBUG c.i.backend.security.JwtService - Claims extracted successfully from JWT token
2026-08-02 15:01:25 [http-nio-8080-exec-7] DEBUG c.i.backend.security.JwtService - Username extracted successfully from JWT: anwer
2026-08-02 15:01:25 [http-nio-8080-exec-7] DEBUG c.i.b.s.JwtAuthenticationFilter - Username extracted from JWT: anwer
2026-08-02 15:01:25 [http-nio-8080-exec-7] DEBUG c.i.b.s.JwtAuthenticationFilter - Attempting to authenticate user: anwer for request: PUT /api/tasks/2
2026-08-02 15:01:25 [http-nio-8080-exec-7] DEBUG c.i.b.s.JwtAuthenticationFilter - User details found for username: anwer
2026-08-02 15:01:25 [http-nio-8080-exec-7] DEBUG c.i.backend.security.JwtService - Validating JWT token for username: anwer
2026-08-02 15:01:25 [http-nio-8080-exec-7] DEBUG c.i.backend.security.JwtService - Extracting username from JWT token
2026-08-02 15:01:25 [http-nio-8080-exec-7] DEBUG c.i.backend.security.JwtService - Extracting claim from JWT token
2026-08-02 15:01:25 [http-nio-8080-exec-7] DEBUG c.i.backend.security.JwtService - Retrieving signing key for JWT
2026-08-02 15:01:25 [http-nio-8080-exec-7] DEBUG c.i.backend.security.JwtService - Signing key retrieved successfully
2026-08-02 15:01:25 [http-nio-8080-exec-7] DEBUG c.i.backend.security.JwtService - Claims extracted successfully from JWT token
2026-08-02 15:01:25 [http-nio-8080-exec-7] DEBUG c.i.backend.security.JwtService - Username extracted successfully from JWT: anwer
2026-08-02 15:01:25 [http-nio-8080-exec-7] DEBUG c.i.backend.security.JwtService - Checking if JWT token is expired
2026-08-02 15:01:25 [http-nio-8080-exec-7] DEBUG c.i.backend.security.JwtService - Extracting expiration date from JWT token
2026-08-02 15:01:25 [http-nio-8080-exec-7] DEBUG c.i.backend.security.JwtService - Extracting claim from JWT token
2026-08-02 15:01:25 [http-nio-8080-exec-7] DEBUG c.i.backend.security.JwtService - Retrieving signing key for JWT
2026-08-02 15:01:25 [http-nio-8080-exec-7] DEBUG c.i.backend.security.JwtService - Signing key retrieved successfully
2026-08-02 15:01:25 [http-nio-8080-exec-7] DEBUG c.i.backend.security.JwtService - Claims extracted successfully from JWT token
2026-08-02 15:01:25 [http-nio-8080-exec-7] DEBUG c.i.backend.security.JwtService - Expiration date extracted: Mon Aug 03 14:51:08 EEST 2026
2026-08-02 15:01:25 [http-nio-8080-exec-7] DEBUG c.i.backend.security.JwtService - Token expiration check - Expiration Date: Mon Aug 03 14:51:08 EEST 2026, Current Date: Sun Aug 02 15:01:25 EEST 2026, Is Expired: false
2026-08-02 15:01:25 [http-nio-8080-exec-7] DEBUG c.i.backend.security.JwtService - Token validation details - Username: anwer, Username Match: true, Is Expired: false
2026-08-02 15:01:25 [http-nio-8080-exec-7] DEBUG c.i.backend.security.JwtService - JWT token validation successful for username: anwer
2026-08-02 15:01:25 [http-nio-8080-exec-7] DEBUG c.i.b.s.JwtAuthenticationFilter - JWT token validation successful for user: anwer
2026-08-02 15:01:25 [http-nio-8080-exec-7] INFO  c.i.b.s.JwtAuthenticationFilter - User authenticated successfully - Username: anwer, Request: PUT /api/tasks/2
2026-08-02 15:01:25 [http-nio-8080-exec-7] WARN  o.s.w.s.m.s.DefaultHandlerExceptionResolver - Resolved [org.springframework.http.converter.HttpMessageNotReadableException: JSON parse error: Cannot deserialize value of type `com.internship.backend.enums.Status` from String "COMPLETED": not one of the values accepted for Enum class: [DONE, TODO, IN_PROGRESS]]
2026-08-02 15:03:35 [http-nio-8080-exec-5] DEBUG c.i.b.s.JwtAuthenticationFilter - Processing request - Method: GET, Path: /api/tasks/2
2026-08-02 15:03:35 [http-nio-8080-exec-5] DEBUG c.i.b.s.JwtAuthenticationFilter - JWT token extracted from Authorization header for request: GET /api/tasks/2
2026-08-02 15:03:35 [http-nio-8080-exec-5] DEBUG c.i.backend.security.JwtService - Extracting username from JWT token
2026-08-02 15:03:35 [http-nio-8080-exec-5] DEBUG c.i.backend.security.JwtService - Extracting claim from JWT token
2026-08-02 15:03:35 [http-nio-8080-exec-5] DEBUG c.i.backend.security.JwtService - Retrieving signing key for JWT
2026-08-02 15:03:35 [http-nio-8080-exec-5] DEBUG c.i.backend.security.JwtService - Signing key retrieved successfully
2026-08-02 15:03:35 [http-nio-8080-exec-5] DEBUG c.i.backend.security.JwtService - Claims extracted successfully from JWT token
2026-08-02 15:03:35 [http-nio-8080-exec-5] DEBUG c.i.backend.security.JwtService - Username extracted successfully from JWT: anwer
2026-08-02 15:03:35 [http-nio-8080-exec-5] DEBUG c.i.b.s.JwtAuthenticationFilter - Username extracted from JWT: anwer
2026-08-02 15:03:35 [http-nio-8080-exec-5] DEBUG c.i.b.s.JwtAuthenticationFilter - Attempting to authenticate user: anwer for request: GET /api/tasks/2
2026-08-02 15:03:35 [http-nio-8080-exec-5] DEBUG c.i.b.s.JwtAuthenticationFilter - User details found for username: anwer
2026-08-02 15:03:35 [http-nio-8080-exec-5] DEBUG c.i.backend.security.JwtService - Validating JWT token for username: anwer
2026-08-02 15:03:35 [http-nio-8080-exec-5] DEBUG c.i.backend.security.JwtService - Extracting username from JWT token
2026-08-02 15:03:35 [http-nio-8080-exec-5] DEBUG c.i.backend.security.JwtService - Extracting claim from JWT token
2026-08-02 15:03:35 [http-nio-8080-exec-5] DEBUG c.i.backend.security.JwtService - Retrieving signing key for JWT
2026-08-02 15:03:35 [http-nio-8080-exec-5] DEBUG c.i.backend.security.JwtService - Signing key retrieved successfully
2026-08-02 15:03:35 [http-nio-8080-exec-5] DEBUG c.i.backend.security.JwtService - Claims extracted successfully from JWT token
2026-08-02 15:03:35 [http-nio-8080-exec-5] DEBUG c.i.backend.security.JwtService - Username extracted successfully from JWT: anwer
2026-08-02 15:03:35 [http-nio-8080-exec-5] DEBUG c.i.backend.security.JwtService - Checking if JWT token is expired
2026-08-02 15:03:35 [http-nio-8080-exec-5] DEBUG c.i.backend.security.JwtService - Extracting expiration date from JWT token
2026-08-02 15:03:35 [http-nio-8080-exec-5] DEBUG c.i.backend.security.JwtService - Extracting claim from JWT token
2026-08-02 15:03:35 [http-nio-8080-exec-5] DEBUG c.i.backend.security.JwtService - Retrieving signing key for JWT
2026-08-02 15:03:35 [http-nio-8080-exec-5] DEBUG c.i.backend.security.JwtService - Signing key retrieved successfully
2026-08-02 15:03:35 [http-nio-8080-exec-5] DEBUG c.i.backend.security.JwtService - Claims extracted successfully from JWT token
2026-08-02 15:03:35 [http-nio-8080-exec-5] DEBUG c.i.backend.security.JwtService - Expiration date extracted: Mon Aug 03 14:51:08 EEST 2026
2026-08-02 15:03:35 [http-nio-8080-exec-5] DEBUG c.i.backend.security.JwtService - Token expiration check - Expiration Date: Mon Aug 03 14:51:08 EEST 2026, Current Date: Sun Aug 02 15:03:35 EEST 2026, Is Expired: false
2026-08-02 15:03:35 [http-nio-8080-exec-5] DEBUG c.i.backend.security.JwtService - Token validation details - Username: anwer, Username Match: true, Is Expired: false
2026-08-02 15:03:35 [http-nio-8080-exec-5] DEBUG c.i.backend.security.JwtService - JWT token validation successful for username: anwer
2026-08-02 15:03:35 [http-nio-8080-exec-5] DEBUG c.i.b.s.JwtAuthenticationFilter - JWT token validation successful for user: anwer
2026-08-02 15:03:35 [http-nio-8080-exec-5] INFO  c.i.b.s.JwtAuthenticationFilter - User authenticated successfully - Username: anwer, Request: GET /api/tasks/2
2026-08-02 15:03:35 [http-nio-8080-exec-5] INFO  c.i.b.controller.TaskController - Fetching task ID: 2 for user: anwer
2026-08-02 15:03:35 [http-nio-8080-exec-5] DEBUG c.i.backend.service.TaskService - Fetching task ID: 2 for user: anwer
2026-08-02 15:03:35 [http-nio-8080-exec-5] DEBUG c.i.backend.service.TaskService - Validating task access - Task ID: 2, User: anwer
2026-08-02 15:03:35 [http-nio-8080-exec-5] INFO  c.i.backend.service.TaskService - Task ID: 2 retrieved successfully for user: anwer
2026-08-02 15:03:35 [http-nio-8080-exec-5] INFO  c.i.b.controller.TaskController - Task ID: 2 fetched successfully for user: anwer - Duration: 14ms
2026-08-02 15:03:56 [http-nio-8080-exec-4] DEBUG c.i.b.s.JwtAuthenticationFilter - Processing request - Method: PUT, Path: /api/tasks/2
2026-08-02 15:03:56 [http-nio-8080-exec-4] DEBUG c.i.b.s.JwtAuthenticationFilter - JWT token extracted from Authorization header for request: PUT /api/tasks/2
2026-08-02 15:03:56 [http-nio-8080-exec-4] DEBUG c.i.backend.security.JwtService - Extracting username from JWT token
2026-08-02 15:03:56 [http-nio-8080-exec-4] DEBUG c.i.backend.security.JwtService - Extracting claim from JWT token
2026-08-02 15:03:56 [http-nio-8080-exec-4] DEBUG c.i.backend.security.JwtService - Retrieving signing key for JWT
2026-08-02 15:03:56 [http-nio-8080-exec-4] DEBUG c.i.backend.security.JwtService - Signing key retrieved successfully
2026-08-02 15:03:56 [http-nio-8080-exec-4] DEBUG c.i.backend.security.JwtService - Claims extracted successfully from JWT token
2026-08-02 15:03:56 [http-nio-8080-exec-4] DEBUG c.i.backend.security.JwtService - Username extracted successfully from JWT: anwer
2026-08-02 15:03:56 [http-nio-8080-exec-4] DEBUG c.i.b.s.JwtAuthenticationFilter - Username extracted from JWT: anwer
2026-08-02 15:03:56 [http-nio-8080-exec-4] DEBUG c.i.b.s.JwtAuthenticationFilter - Attempting to authenticate user: anwer for request: PUT /api/tasks/2
2026-08-02 15:03:56 [http-nio-8080-exec-4] DEBUG c.i.b.s.JwtAuthenticationFilter - User details found for username: anwer
2026-08-02 15:03:56 [http-nio-8080-exec-4] DEBUG c.i.backend.security.JwtService - Validating JWT token for username: anwer
2026-08-02 15:03:56 [http-nio-8080-exec-4] DEBUG c.i.backend.security.JwtService - Extracting username from JWT token
2026-08-02 15:03:56 [http-nio-8080-exec-4] DEBUG c.i.backend.security.JwtService - Extracting claim from JWT token
2026-08-02 15:03:56 [http-nio-8080-exec-4] DEBUG c.i.backend.security.JwtService - Retrieving signing key for JWT
2026-08-02 15:03:56 [http-nio-8080-exec-4] DEBUG c.i.backend.security.JwtService - Signing key retrieved successfully
2026-08-02 15:03:56 [http-nio-8080-exec-4] DEBUG c.i.backend.security.JwtService - Claims extracted successfully from JWT token
2026-08-02 15:03:56 [http-nio-8080-exec-4] DEBUG c.i.backend.security.JwtService - Username extracted successfully from JWT: anwer
2026-08-02 15:03:56 [http-nio-8080-exec-4] DEBUG c.i.backend.security.JwtService - Checking if JWT token is expired
2026-08-02 15:03:56 [http-nio-8080-exec-4] DEBUG c.i.backend.security.JwtService - Extracting expiration date from JWT token
2026-08-02 15:03:56 [http-nio-8080-exec-4] DEBUG c.i.backend.security.JwtService - Extracting claim from JWT token
2026-08-02 15:03:56 [http-nio-8080-exec-4] DEBUG c.i.backend.security.JwtService - Retrieving signing key for JWT
2026-08-02 15:03:56 [http-nio-8080-exec-4] DEBUG c.i.backend.security.JwtService - Signing key retrieved successfully
2026-08-02 15:03:56 [http-nio-8080-exec-4] DEBUG c.i.backend.security.JwtService - Claims extracted successfully from JWT token
2026-08-02 15:03:56 [http-nio-8080-exec-4] DEBUG c.i.backend.security.JwtService - Expiration date extracted: Mon Aug 03 14:51:08 EEST 2026
2026-08-02 15:03:56 [http-nio-8080-exec-4] DEBUG c.i.backend.security.JwtService - Token expiration check - Expiration Date: Mon Aug 03 14:51:08 EEST 2026, Current Date: Sun Aug 02 15:03:56 EEST 2026, Is Expired: false
2026-08-02 15:03:56 [http-nio-8080-exec-4] DEBUG c.i.backend.security.JwtService - Token validation details - Username: anwer, Username Match: true, Is Expired: false
2026-08-02 15:03:56 [http-nio-8080-exec-4] DEBUG c.i.backend.security.JwtService - JWT token validation successful for username: anwer
2026-08-02 15:03:56 [http-nio-8080-exec-4] DEBUG c.i.b.s.JwtAuthenticationFilter - JWT token validation successful for user: anwer
2026-08-02 15:03:56 [http-nio-8080-exec-4] INFO  c.i.b.s.JwtAuthenticationFilter - User authenticated successfully - Username: anwer, Request: PUT /api/tasks/2
2026-08-02 15:03:56 [http-nio-8080-exec-4] INFO  c.i.b.controller.TaskController - Updating task ID: 2 for user: anwer - New title: gggg
2026-08-02 15:03:56 [http-nio-8080-exec-4] DEBUG c.i.backend.service.TaskService - Updating task ID: 2 for user: anwer - New Title: 'gggg', New Priority: MEDIUM, New Status: DONE
2026-08-02 15:03:56 [http-nio-8080-exec-4] DEBUG c.i.backend.service.TaskService - Validating task access - Task ID: 2, User: anwer
2026-08-02 15:03:56 [http-nio-8080-exec-4] DEBUG c.i.backend.service.TaskService - Task retrieved for update - ID: 2, Current Title: 'gggg', Current Status: IN_PROGRESS
2026-08-02 15:03:56 [http-nio-8080-exec-4] DEBUG c.i.backend.service.TaskService - Task properties updated - ID: 2, Saving to database
2026-08-02 15:03:57 [http-nio-8080-exec-4] INFO  c.i.backend.service.TaskService - Task ID: 2 updated successfully for user: anwer
2026-08-02 15:03:57 [http-nio-8080-exec-4] DEBUG c.i.backend.service.TaskService - Task response DTO created for updated task ID: 2
2026-08-02 15:03:57 [http-nio-8080-exec-4] INFO  c.i.b.controller.TaskController - Task ID: 2 updated successfully for user: anwer - Duration: 26ms
2026-08-02 15:03:57 [http-nio-8080-exec-8] DEBUG c.i.b.s.JwtAuthenticationFilter - Processing request - Method: GET, Path: /api/tasks
2026-08-02 15:03:57 [http-nio-8080-exec-8] DEBUG c.i.b.s.JwtAuthenticationFilter - JWT token extracted from Authorization header for request: GET /api/tasks
2026-08-02 15:03:57 [http-nio-8080-exec-8] DEBUG c.i.backend.security.JwtService - Extracting username from JWT token
2026-08-02 15:03:57 [http-nio-8080-exec-8] DEBUG c.i.backend.security.JwtService - Extracting claim from JWT token
2026-08-02 15:03:57 [http-nio-8080-exec-8] DEBUG c.i.backend.security.JwtService - Retrieving signing key for JWT
2026-08-02 15:03:57 [http-nio-8080-exec-8] DEBUG c.i.backend.security.JwtService - Signing key retrieved successfully
2026-08-02 15:03:57 [http-nio-8080-exec-8] DEBUG c.i.backend.security.JwtService - Claims extracted successfully from JWT token
2026-08-02 15:03:57 [http-nio-8080-exec-8] DEBUG c.i.backend.security.JwtService - Username extracted successfully from JWT: anwer
2026-08-02 15:03:57 [http-nio-8080-exec-8] DEBUG c.i.b.s.JwtAuthenticationFilter - Username extracted from JWT: anwer
2026-08-02 15:03:57 [http-nio-8080-exec-8] DEBUG c.i.b.s.JwtAuthenticationFilter - Attempting to authenticate user: anwer for request: GET /api/tasks
2026-08-02 15:03:57 [http-nio-8080-exec-8] DEBUG c.i.b.s.JwtAuthenticationFilter - User details found for username: anwer
2026-08-02 15:03:57 [http-nio-8080-exec-8] DEBUG c.i.backend.security.JwtService - Validating JWT token for username: anwer
2026-08-02 15:03:57 [http-nio-8080-exec-8] DEBUG c.i.backend.security.JwtService - Extracting username from JWT token
2026-08-02 15:03:57 [http-nio-8080-exec-8] DEBUG c.i.backend.security.JwtService - Extracting claim from JWT token
2026-08-02 15:03:57 [http-nio-8080-exec-8] DEBUG c.i.backend.security.JwtService - Retrieving signing key for JWT
2026-08-02 15:03:57 [http-nio-8080-exec-8] DEBUG c.i.backend.security.JwtService - Signing key retrieved successfully
2026-08-02 15:03:57 [http-nio-8080-exec-8] DEBUG c.i.backend.security.JwtService - Claims extracted successfully from JWT token
2026-08-02 15:03:57 [http-nio-8080-exec-8] DEBUG c.i.backend.security.JwtService - Username extracted successfully from JWT: anwer
2026-08-02 15:03:57 [http-nio-8080-exec-8] DEBUG c.i.backend.security.JwtService - Checking if JWT token is expired
2026-08-02 15:03:57 [http-nio-8080-exec-8] DEBUG c.i.backend.security.JwtService - Extracting expiration date from JWT token
2026-08-02 15:03:57 [http-nio-8080-exec-8] DEBUG c.i.backend.security.JwtService - Extracting claim from JWT token
2026-08-02 15:03:57 [http-nio-8080-exec-8] DEBUG c.i.backend.security.JwtService - Retrieving signing key for JWT
2026-08-02 15:03:57 [http-nio-8080-exec-8] DEBUG c.i.backend.security.JwtService - Signing key retrieved successfully
2026-08-02 15:03:57 [http-nio-8080-exec-8] DEBUG c.i.backend.security.JwtService - Claims extracted successfully from JWT token
2026-08-02 15:03:57 [http-nio-8080-exec-8] DEBUG c.i.backend.security.JwtService - Expiration date extracted: Mon Aug 03 14:51:08 EEST 2026
2026-08-02 15:03:57 [http-nio-8080-exec-8] DEBUG c.i.backend.security.JwtService - Token expiration check - Expiration Date: Mon Aug 03 14:51:08 EEST 2026, Current Date: Sun Aug 02 15:03:57 EEST 2026, Is Expired: false
2026-08-02 15:03:57 [http-nio-8080-exec-8] DEBUG c.i.backend.security.JwtService - Token validation details - Username: anwer, Username Match: true, Is Expired: false
2026-08-02 15:03:57 [http-nio-8080-exec-8] DEBUG c.i.backend.security.JwtService - JWT token validation successful for username: anwer
2026-08-02 15:03:57 [http-nio-8080-exec-8] DEBUG c.i.b.s.JwtAuthenticationFilter - JWT token validation successful for user: anwer
2026-08-02 15:03:57 [http-nio-8080-exec-8] INFO  c.i.b.s.JwtAuthenticationFilter - User authenticated successfully - Username: anwer, Request: GET /api/tasks
2026-08-02 15:03:57 [http-nio-8080-exec-8] INFO  c.i.b.controller.TaskController - Fetching tasks for user: anwer - Status filter: null, Priority filter: null
2026-08-02 15:03:57 [http-nio-8080-exec-8] DEBUG c.i.backend.service.TaskService - Fetching tasks for user: anwer - Status filter: null, Priority filter: null
2026-08-02 15:03:57 [http-nio-8080-exec-8] DEBUG c.i.backend.service.TaskService - Querying all tasks for user: anwer
2026-08-02 15:03:57 [http-nio-8080-exec-8] INFO  c.i.backend.service.TaskService - Retrieved 2 tasks for user: anwer
2026-08-02 15:03:57 [http-nio-8080-exec-8] DEBUG c.i.backend.service.TaskService - Converted 2 tasks to response DTOs for user: anwer
2026-08-02 15:03:57 [http-nio-8080-exec-8] INFO  c.i.b.controller.TaskController - Tasks fetched successfully for user: anwer - Count: 2 - Duration: 10ms
2026-08-02 15:04:04 [http-nio-8080-exec-9] DEBUG c.i.b.s.JwtAuthenticationFilter - Processing request - Method: GET, Path: /api/tasks/2
2026-08-02 15:04:04 [http-nio-8080-exec-9] DEBUG c.i.b.s.JwtAuthenticationFilter - JWT token extracted from Authorization header for request: GET /api/tasks/2
2026-08-02 15:04:04 [http-nio-8080-exec-9] DEBUG c.i.backend.security.JwtService - Extracting username from JWT token
2026-08-02 15:04:04 [http-nio-8080-exec-9] DEBUG c.i.backend.security.JwtService - Extracting claim from JWT token
2026-08-02 15:04:04 [http-nio-8080-exec-9] DEBUG c.i.backend.security.JwtService - Retrieving signing key for JWT
2026-08-02 15:04:04 [http-nio-8080-exec-9] DEBUG c.i.backend.security.JwtService - Signing key retrieved successfully
2026-08-02 15:04:04 [http-nio-8080-exec-9] DEBUG c.i.backend.security.JwtService - Claims extracted successfully from JWT token
2026-08-02 15:04:04 [http-nio-8080-exec-9] DEBUG c.i.backend.security.JwtService - Username extracted successfully from JWT: anwer
2026-08-02 15:04:04 [http-nio-8080-exec-9] DEBUG c.i.b.s.JwtAuthenticationFilter - Username extracted from JWT: anwer
2026-08-02 15:04:04 [http-nio-8080-exec-9] DEBUG c.i.b.s.JwtAuthenticationFilter - Attempting to authenticate user: anwer for request: GET /api/tasks/2
2026-08-02 15:04:04 [http-nio-8080-exec-9] DEBUG c.i.b.s.JwtAuthenticationFilter - User details found for username: anwer
2026-08-02 15:04:04 [http-nio-8080-exec-9] DEBUG c.i.backend.security.JwtService - Validating JWT token for username: anwer
2026-08-02 15:04:04 [http-nio-8080-exec-9] DEBUG c.i.backend.security.JwtService - Extracting username from JWT token
2026-08-02 15:04:04 [http-nio-8080-exec-9] DEBUG c.i.backend.security.JwtService - Extracting claim from JWT token
2026-08-02 15:04:04 [http-nio-8080-exec-9] DEBUG c.i.backend.security.JwtService - Retrieving signing key for JWT
2026-08-02 15:04:04 [http-nio-8080-exec-9] DEBUG c.i.backend.security.JwtService - Signing key retrieved successfully
2026-08-02 15:04:04 [http-nio-8080-exec-9] DEBUG c.i.backend.security.JwtService - Claims extracted successfully from JWT token
2026-08-02 15:04:04 [http-nio-8080-exec-9] DEBUG c.i.backend.security.JwtService - Username extracted successfully from JWT: anwer
2026-08-02 15:04:04 [http-nio-8080-exec-9] DEBUG c.i.backend.security.JwtService - Checking if JWT token is expired
2026-08-02 15:04:04 [http-nio-8080-exec-9] DEBUG c.i.backend.security.JwtService - Extracting expiration date from JWT token
2026-08-02 15:04:04 [http-nio-8080-exec-9] DEBUG c.i.backend.security.JwtService - Extracting claim from JWT token
2026-08-02 15:04:04 [http-nio-8080-exec-9] DEBUG c.i.backend.security.JwtService - Retrieving signing key for JWT
2026-08-02 15:04:04 [http-nio-8080-exec-9] DEBUG c.i.backend.security.JwtService - Signing key retrieved successfully
2026-08-02 15:04:04 [http-nio-8080-exec-9] DEBUG c.i.backend.security.JwtService - Claims extracted successfully from JWT token
2026-08-02 15:04:04 [http-nio-8080-exec-9] DEBUG c.i.backend.security.JwtService - Expiration date extracted: Mon Aug 03 14:51:08 EEST 2026
2026-08-02 15:04:04 [http-nio-8080-exec-9] DEBUG c.i.backend.security.JwtService - Token expiration check - Expiration Date: Mon Aug 03 14:51:08 EEST 2026, Current Date: Sun Aug 02 15:04:04 EEST 2026, Is Expired: false
2026-08-02 15:04:04 [http-nio-8080-exec-9] DEBUG c.i.backend.security.JwtService - Token validation details - Username: anwer, Username Match: true, Is Expired: false
2026-08-02 15:04:04 [http-nio-8080-exec-9] DEBUG c.i.backend.security.JwtService - JWT token validation successful for username: anwer
2026-08-02 15:04:04 [http-nio-8080-exec-9] DEBUG c.i.b.s.JwtAuthenticationFilter - JWT token validation successful for user: anwer
2026-08-02 15:04:04 [http-nio-8080-exec-9] INFO  c.i.b.s.JwtAuthenticationFilter - User authenticated successfully - Username: anwer, Request: GET /api/tasks/2
2026-08-02 15:04:04 [http-nio-8080-exec-9] INFO  c.i.b.controller.TaskController - Fetching task ID: 2 for user: anwer
2026-08-02 15:04:04 [http-nio-8080-exec-9] DEBUG c.i.backend.service.TaskService - Fetching task ID: 2 for user: anwer
2026-08-02 15:04:04 [http-nio-8080-exec-9] DEBUG c.i.backend.service.TaskService - Validating task access - Task ID: 2, User: anwer
2026-08-02 15:04:04 [http-nio-8080-exec-9] INFO  c.i.backend.service.TaskService - Task ID: 2 retrieved successfully for user: anwer
2026-08-02 15:04:04 [http-nio-8080-exec-9] INFO  c.i.b.controller.TaskController - Task ID: 2 fetched successfully for user: anwer - Duration: 9ms
2026-08-02 15:04:07 [http-nio-8080-exec-10] DEBUG c.i.b.s.JwtAuthenticationFilter - Processing request - Method: PUT, Path: /api/tasks/2
2026-08-02 15:04:07 [http-nio-8080-exec-10] DEBUG c.i.b.s.JwtAuthenticationFilter - JWT token extracted from Authorization header for request: PUT /api/tasks/2
2026-08-02 15:04:07 [http-nio-8080-exec-10] DEBUG c.i.backend.security.JwtService - Extracting username from JWT token
2026-08-02 15:04:07 [http-nio-8080-exec-10] DEBUG c.i.backend.security.JwtService - Extracting claim from JWT token
2026-08-02 15:04:07 [http-nio-8080-exec-10] DEBUG c.i.backend.security.JwtService - Retrieving signing key for JWT
2026-08-02 15:04:07 [http-nio-8080-exec-10] DEBUG c.i.backend.security.JwtService - Signing key retrieved successfully
2026-08-02 15:04:07 [http-nio-8080-exec-10] DEBUG c.i.backend.security.JwtService - Claims extracted successfully from JWT token
2026-08-02 15:04:07 [http-nio-8080-exec-10] DEBUG c.i.backend.security.JwtService - Username extracted successfully from JWT: anwer
2026-08-02 15:04:07 [http-nio-8080-exec-10] DEBUG c.i.b.s.JwtAuthenticationFilter - Username extracted from JWT: anwer
2026-08-02 15:04:07 [http-nio-8080-exec-10] DEBUG c.i.b.s.JwtAuthenticationFilter - Attempting to authenticate user: anwer for request: PUT /api/tasks/2
2026-08-02 15:04:07 [http-nio-8080-exec-10] DEBUG c.i.b.s.JwtAuthenticationFilter - User details found for username: anwer
2026-08-02 15:04:07 [http-nio-8080-exec-10] DEBUG c.i.backend.security.JwtService - Validating JWT token for username: anwer
2026-08-02 15:04:07 [http-nio-8080-exec-10] DEBUG c.i.backend.security.JwtService - Extracting username from JWT token
2026-08-02 15:04:07 [http-nio-8080-exec-10] DEBUG c.i.backend.security.JwtService - Extracting claim from JWT token
2026-08-02 15:04:07 [http-nio-8080-exec-10] DEBUG c.i.backend.security.JwtService - Retrieving signing key for JWT
2026-08-02 15:04:07 [http-nio-8080-exec-10] DEBUG c.i.backend.security.JwtService - Signing key retrieved successfully
2026-08-02 15:04:07 [http-nio-8080-exec-10] DEBUG c.i.backend.security.JwtService - Claims extracted successfully from JWT token
2026-08-02 15:04:07 [http-nio-8080-exec-10] DEBUG c.i.backend.security.JwtService - Username extracted successfully from JWT: anwer
2026-08-02 15:04:07 [http-nio-8080-exec-10] DEBUG c.i.backend.security.JwtService - Checking if JWT token is expired
2026-08-02 15:04:07 [http-nio-8080-exec-10] DEBUG c.i.backend.security.JwtService - Extracting expiration date from JWT token
2026-08-02 15:04:07 [http-nio-8080-exec-10] DEBUG c.i.backend.security.JwtService - Extracting claim from JWT token
2026-08-02 15:04:07 [http-nio-8080-exec-10] DEBUG c.i.backend.security.JwtService - Retrieving signing key for JWT
2026-08-02 15:04:07 [http-nio-8080-exec-10] DEBUG c.i.backend.security.JwtService - Signing key retrieved successfully
2026-08-02 15:04:07 [http-nio-8080-exec-10] DEBUG c.i.backend.security.JwtService - Claims extracted successfully from JWT token
2026-08-02 15:04:07 [http-nio-8080-exec-10] DEBUG c.i.backend.security.JwtService - Expiration date extracted: Mon Aug 03 14:51:08 EEST 2026
2026-08-02 15:04:07 [http-nio-8080-exec-10] DEBUG c.i.backend.security.JwtService - Token expiration check - Expiration Date: Mon Aug 03 14:51:08 EEST 2026, Current Date: Sun Aug 02 15:04:07 EEST 2026, Is Expired: false
2026-08-02 15:04:07 [http-nio-8080-exec-10] DEBUG c.i.backend.security.JwtService - Token validation details - Username: anwer, Username Match: true, Is Expired: false
2026-08-02 15:04:07 [http-nio-8080-exec-10] DEBUG c.i.backend.security.JwtService - JWT token validation successful for username: anwer
2026-08-02 15:04:07 [http-nio-8080-exec-10] DEBUG c.i.b.s.JwtAuthenticationFilter - JWT token validation successful for user: anwer
2026-08-02 15:04:07 [http-nio-8080-exec-10] INFO  c.i.b.s.JwtAuthenticationFilter - User authenticated successfully - Username: anwer, Request: PUT /api/tasks/2
2026-08-02 15:04:07 [http-nio-8080-exec-10] INFO  c.i.b.controller.TaskController - Updating task ID: 2 for user: anwer - New title: gggg
2026-08-02 15:04:07 [http-nio-8080-exec-10] DEBUG c.i.backend.service.TaskService - Updating task ID: 2 for user: anwer - New Title: 'gggg', New Priority: MEDIUM, New Status: IN_PROGRESS
2026-08-02 15:04:07 [http-nio-8080-exec-10] DEBUG c.i.backend.service.TaskService - Validating task access - Task ID: 2, User: anwer
2026-08-02 15:04:07 [http-nio-8080-exec-10] DEBUG c.i.backend.service.TaskService - Task retrieved for update - ID: 2, Current Title: 'gggg', Current Status: DONE
2026-08-02 15:04:07 [http-nio-8080-exec-10] DEBUG c.i.backend.service.TaskService - Task properties updated - ID: 2, Saving to database
2026-08-02 15:04:07 [http-nio-8080-exec-10] INFO  c.i.backend.service.TaskService - Task ID: 2 updated successfully for user: anwer
2026-08-02 15:04:07 [http-nio-8080-exec-10] DEBUG c.i.backend.service.TaskService - Task response DTO created for updated task ID: 2
2026-08-02 15:04:07 [http-nio-8080-exec-10] INFO  c.i.b.controller.TaskController - Task ID: 2 updated successfully for user: anwer - Duration: 26ms
2026-08-02 15:04:07 [http-nio-8080-exec-1] DEBUG c.i.b.s.JwtAuthenticationFilter - Processing request - Method: GET, Path: /api/tasks
2026-08-02 15:04:07 [http-nio-8080-exec-1] DEBUG c.i.b.s.JwtAuthenticationFilter - JWT token extracted from Authorization header for request: GET /api/tasks
2026-08-02 15:04:07 [http-nio-8080-exec-1] DEBUG c.i.backend.security.JwtService - Extracting username from JWT token
2026-08-02 15:04:07 [http-nio-8080-exec-1] DEBUG c.i.backend.security.JwtService - Extracting claim from JWT token
2026-08-02 15:04:07 [http-nio-8080-exec-1] DEBUG c.i.backend.security.JwtService - Retrieving signing key for JWT
2026-08-02 15:04:07 [http-nio-8080-exec-1] DEBUG c.i.backend.security.JwtService - Signing key retrieved successfully
2026-08-02 15:04:07 [http-nio-8080-exec-1] DEBUG c.i.backend.security.JwtService - Claims extracted successfully from JWT token
2026-08-02 15:04:07 [http-nio-8080-exec-1] DEBUG c.i.backend.security.JwtService - Username extracted successfully from JWT: anwer
2026-08-02 15:04:07 [http-nio-8080-exec-1] DEBUG c.i.b.s.JwtAuthenticationFilter - Username extracted from JWT: anwer
2026-08-02 15:04:07 [http-nio-8080-exec-1] DEBUG c.i.b.s.JwtAuthenticationFilter - Attempting to authenticate user: anwer for request: GET /api/tasks
2026-08-02 15:04:08 [http-nio-8080-exec-1] DEBUG c.i.b.s.JwtAuthenticationFilter - User details found for username: anwer
2026-08-02 15:04:08 [http-nio-8080-exec-1] DEBUG c.i.backend.security.JwtService - Validating JWT token for username: anwer
2026-08-02 15:04:08 [http-nio-8080-exec-1] DEBUG c.i.backend.security.JwtService - Extracting username from JWT token
2026-08-02 15:04:08 [http-nio-8080-exec-1] DEBUG c.i.backend.security.JwtService - Extracting claim from JWT token
2026-08-02 15:04:08 [http-nio-8080-exec-1] DEBUG c.i.backend.security.JwtService - Retrieving signing key for JWT
2026-08-02 15:04:08 [http-nio-8080-exec-1] DEBUG c.i.backend.security.JwtService - Signing key retrieved successfully
2026-08-02 15:04:08 [http-nio-8080-exec-1] DEBUG c.i.backend.security.JwtService - Claims extracted successfully from JWT token
2026-08-02 15:04:08 [http-nio-8080-exec-1] DEBUG c.i.backend.security.JwtService - Username extracted successfully from JWT: anwer
2026-08-02 15:04:08 [http-nio-8080-exec-1] DEBUG c.i.backend.security.JwtService - Checking if JWT token is expired
2026-08-02 15:04:08 [http-nio-8080-exec-1] DEBUG c.i.backend.security.JwtService - Extracting expiration date from JWT token
2026-08-02 15:04:08 [http-nio-8080-exec-1] DEBUG c.i.backend.security.JwtService - Extracting claim from JWT token
2026-08-02 15:04:08 [http-nio-8080-exec-1] DEBUG c.i.backend.security.JwtService - Retrieving signing key for JWT
2026-08-02 15:04:08 [http-nio-8080-exec-1] DEBUG c.i.backend.security.JwtService - Signing key retrieved successfully
2026-08-02 15:04:08 [http-nio-8080-exec-1] DEBUG c.i.backend.security.JwtService - Claims extracted successfully from JWT token
2026-08-02 15:04:08 [http-nio-8080-exec-1] DEBUG c.i.backend.security.JwtService - Expiration date extracted: Mon Aug 03 14:51:08 EEST 2026
2026-08-02 15:04:08 [http-nio-8080-exec-1] DEBUG c.i.backend.security.JwtService - Token expiration check - Expiration Date: Mon Aug 03 14:51:08 EEST 2026, Current Date: Sun Aug 02 15:04:08 EEST 2026, Is Expired: false
2026-08-02 15:04:08 [http-nio-8080-exec-1] DEBUG c.i.backend.security.JwtService - Token validation details - Username: anwer, Username Match: true, Is Expired: false
2026-08-02 15:04:08 [http-nio-8080-exec-1] DEBUG c.i.backend.security.JwtService - JWT token validation successful for username: anwer
2026-08-02 15:04:08 [http-nio-8080-exec-1] DEBUG c.i.b.s.JwtAuthenticationFilter - JWT token validation successful for user: anwer
2026-08-02 15:04:08 [http-nio-8080-exec-1] INFO  c.i.b.s.JwtAuthenticationFilter - User authenticated successfully - Username: anwer, Request: GET /api/tasks
2026-08-02 15:04:08 [http-nio-8080-exec-1] INFO  c.i.b.controller.TaskController - Fetching tasks for user: anwer - Status filter: null, Priority filter: null
2026-08-02 15:04:08 [http-nio-8080-exec-1] DEBUG c.i.backend.service.TaskService - Fetching tasks for user: anwer - Status filter: null, Priority filter: null
2026-08-02 15:04:08 [http-nio-8080-exec-1] DEBUG c.i.backend.service.TaskService - Querying all tasks for user: anwer
2026-08-02 15:04:08 [http-nio-8080-exec-1] INFO  c.i.backend.service.TaskService - Retrieved 2 tasks for user: anwer
2026-08-02 15:04:08 [http-nio-8080-exec-1] DEBUG c.i.backend.service.TaskService - Converted 2 tasks to response DTOs for user: anwer
2026-08-02 15:04:08 [http-nio-8080-exec-1] INFO  c.i.b.controller.TaskController - Tasks fetched successfully for user: anwer - Count: 2 - Duration: 10ms
2026-08-02 15:04:10 [http-nio-8080-exec-2] DEBUG c.i.b.s.JwtAuthenticationFilter - Processing request - Method: GET, Path: /api/tasks/2
2026-08-02 15:04:10 [http-nio-8080-exec-2] DEBUG c.i.b.s.JwtAuthenticationFilter - JWT token extracted from Authorization header for request: GET /api/tasks/2
2026-08-02 15:04:10 [http-nio-8080-exec-2] DEBUG c.i.backend.security.JwtService - Extracting username from JWT token
2026-08-02 15:04:10 [http-nio-8080-exec-2] DEBUG c.i.backend.security.JwtService - Extracting claim from JWT token
2026-08-02 15:04:10 [http-nio-8080-exec-2] DEBUG c.i.backend.security.JwtService - Retrieving signing key for JWT
2026-08-02 15:04:10 [http-nio-8080-exec-2] DEBUG c.i.backend.security.JwtService - Signing key retrieved successfully
2026-08-02 15:04:10 [http-nio-8080-exec-2] DEBUG c.i.backend.security.JwtService - Claims extracted successfully from JWT token
2026-08-02 15:04:10 [http-nio-8080-exec-2] DEBUG c.i.backend.security.JwtService - Username extracted successfully from JWT: anwer
2026-08-02 15:04:10 [http-nio-8080-exec-2] DEBUG c.i.b.s.JwtAuthenticationFilter - Username extracted from JWT: anwer
2026-08-02 15:04:10 [http-nio-8080-exec-2] DEBUG c.i.b.s.JwtAuthenticationFilter - Attempting to authenticate user: anwer for request: GET /api/tasks/2
2026-08-02 15:04:10 [http-nio-8080-exec-2] DEBUG c.i.b.s.JwtAuthenticationFilter - User details found for username: anwer
2026-08-02 15:04:10 [http-nio-8080-exec-2] DEBUG c.i.backend.security.JwtService - Validating JWT token for username: anwer
2026-08-02 15:04:10 [http-nio-8080-exec-2] DEBUG c.i.backend.security.JwtService - Extracting username from JWT token
2026-08-02 15:04:10 [http-nio-8080-exec-2] DEBUG c.i.backend.security.JwtService - Extracting claim from JWT token
2026-08-02 15:04:10 [http-nio-8080-exec-2] DEBUG c.i.backend.security.JwtService - Retrieving signing key for JWT
2026-08-02 15:04:10 [http-nio-8080-exec-2] DEBUG c.i.backend.security.JwtService - Signing key retrieved successfully
2026-08-02 15:04:10 [http-nio-8080-exec-2] DEBUG c.i.backend.security.JwtService - Claims extracted successfully from JWT token
2026-08-02 15:04:10 [http-nio-8080-exec-2] DEBUG c.i.backend.security.JwtService - Username extracted successfully from JWT: anwer
2026-08-02 15:04:10 [http-nio-8080-exec-2] DEBUG c.i.backend.security.JwtService - Checking if JWT token is expired
2026-08-02 15:04:10 [http-nio-8080-exec-2] DEBUG c.i.backend.security.JwtService - Extracting expiration date from JWT token
2026-08-02 15:04:10 [http-nio-8080-exec-2] DEBUG c.i.backend.security.JwtService - Extracting claim from JWT token
2026-08-02 15:04:10 [http-nio-8080-exec-2] DEBUG c.i.backend.security.JwtService - Retrieving signing key for JWT
2026-08-02 15:04:10 [http-nio-8080-exec-2] DEBUG c.i.backend.security.JwtService - Signing key retrieved successfully
2026-08-02 15:04:10 [http-nio-8080-exec-2] DEBUG c.i.backend.security.JwtService - Claims extracted successfully from JWT token
2026-08-02 15:04:10 [http-nio-8080-exec-2] DEBUG c.i.backend.security.JwtService - Expiration date extracted: Mon Aug 03 14:51:08 EEST 2026
2026-08-02 15:04:10 [http-nio-8080-exec-2] DEBUG c.i.backend.security.JwtService - Token expiration check - Expiration Date: Mon Aug 03 14:51:08 EEST 2026, Current Date: Sun Aug 02 15:04:10 EEST 2026, Is Expired: false
2026-08-02 15:04:10 [http-nio-8080-exec-2] DEBUG c.i.backend.security.JwtService - Token validation details - Username: anwer, Username Match: true, Is Expired: false
2026-08-02 15:04:10 [http-nio-8080-exec-2] DEBUG c.i.backend.security.JwtService - JWT token validation successful for username: anwer
2026-08-02 15:04:10 [http-nio-8080-exec-2] DEBUG c.i.b.s.JwtAuthenticationFilter - JWT token validation successful for user: anwer
2026-08-02 15:04:10 [http-nio-8080-exec-2] INFO  c.i.b.s.JwtAuthenticationFilter - User authenticated successfully - Username: anwer, Request: GET /api/tasks/2
2026-08-02 15:04:10 [http-nio-8080-exec-2] INFO  c.i.b.controller.TaskController - Fetching task ID: 2 for user: anwer
2026-08-02 15:04:10 [http-nio-8080-exec-2] DEBUG c.i.backend.service.TaskService - Fetching task ID: 2 for user: anwer
2026-08-02 15:04:10 [http-nio-8080-exec-2] DEBUG c.i.backend.service.TaskService - Validating task access - Task ID: 2, User: anwer
2026-08-02 15:04:10 [http-nio-8080-exec-2] INFO  c.i.backend.service.TaskService - Task ID: 2 retrieved successfully for user: anwer
2026-08-02 15:04:10 [http-nio-8080-exec-2] INFO  c.i.b.controller.TaskController - Task ID: 2 fetched successfully for user: anwer - Duration: 11ms
2026-08-02 15:04:13 [http-nio-8080-exec-7] DEBUG c.i.b.s.JwtAuthenticationFilter - Processing request - Method: PUT, Path: /api/tasks/2
2026-08-02 15:04:13 [http-nio-8080-exec-7] DEBUG c.i.b.s.JwtAuthenticationFilter - JWT token extracted from Authorization header for request: PUT /api/tasks/2
2026-08-02 15:04:13 [http-nio-8080-exec-7] DEBUG c.i.backend.security.JwtService - Extracting username from JWT token
2026-08-02 15:04:13 [http-nio-8080-exec-7] DEBUG c.i.backend.security.JwtService - Extracting claim from JWT token
2026-08-02 15:04:13 [http-nio-8080-exec-7] DEBUG c.i.backend.security.JwtService - Retrieving signing key for JWT
2026-08-02 15:04:13 [http-nio-8080-exec-7] DEBUG c.i.backend.security.JwtService - Signing key retrieved successfully
2026-08-02 15:04:13 [http-nio-8080-exec-7] DEBUG c.i.backend.security.JwtService - Claims extracted successfully from JWT token
2026-08-02 15:04:13 [http-nio-8080-exec-7] DEBUG c.i.backend.security.JwtService - Username extracted successfully from JWT: anwer
2026-08-02 15:04:13 [http-nio-8080-exec-7] DEBUG c.i.b.s.JwtAuthenticationFilter - Username extracted from JWT: anwer
2026-08-02 15:04:13 [http-nio-8080-exec-7] DEBUG c.i.b.s.JwtAuthenticationFilter - Attempting to authenticate user: anwer for request: PUT /api/tasks/2
2026-08-02 15:04:13 [http-nio-8080-exec-7] DEBUG c.i.b.s.JwtAuthenticationFilter - User details found for username: anwer
2026-08-02 15:04:13 [http-nio-8080-exec-7] DEBUG c.i.backend.security.JwtService - Validating JWT token for username: anwer
2026-08-02 15:04:13 [http-nio-8080-exec-7] DEBUG c.i.backend.security.JwtService - Extracting username from JWT token
2026-08-02 15:04:13 [http-nio-8080-exec-7] DEBUG c.i.backend.security.JwtService - Extracting claim from JWT token
2026-08-02 15:04:13 [http-nio-8080-exec-7] DEBUG c.i.backend.security.JwtService - Retrieving signing key for JWT
2026-08-02 15:04:13 [http-nio-8080-exec-7] DEBUG c.i.backend.security.JwtService - Signing key retrieved successfully
2026-08-02 15:04:13 [http-nio-8080-exec-7] DEBUG c.i.backend.security.JwtService - Claims extracted successfully from JWT token
2026-08-02 15:04:13 [http-nio-8080-exec-7] DEBUG c.i.backend.security.JwtService - Username extracted successfully from JWT: anwer
2026-08-02 15:04:13 [http-nio-8080-exec-7] DEBUG c.i.backend.security.JwtService - Checking if JWT token is expired
2026-08-02 15:04:13 [http-nio-8080-exec-7] DEBUG c.i.backend.security.JwtService - Extracting expiration date from JWT token
2026-08-02 15:04:13 [http-nio-8080-exec-7] DEBUG c.i.backend.security.JwtService - Extracting claim from JWT token
2026-08-02 15:04:13 [http-nio-8080-exec-7] DEBUG c.i.backend.security.JwtService - Retrieving signing key for JWT
2026-08-02 15:04:13 [http-nio-8080-exec-7] DEBUG c.i.backend.security.JwtService - Signing key retrieved successfully
2026-08-02 15:04:13 [http-nio-8080-exec-7] DEBUG c.i.backend.security.JwtService - Claims extracted successfully from JWT token
2026-08-02 15:04:13 [http-nio-8080-exec-7] DEBUG c.i.backend.security.JwtService - Expiration date extracted: Mon Aug 03 14:51:08 EEST 2026
2026-08-02 15:04:13 [http-nio-8080-exec-7] DEBUG c.i.backend.security.JwtService - Token expiration check - Expiration Date: Mon Aug 03 14:51:08 EEST 2026, Current Date: Sun Aug 02 15:04:13 EEST 2026, Is Expired: false
2026-08-02 15:04:13 [http-nio-8080-exec-7] DEBUG c.i.backend.security.JwtService - Token validation details - Username: anwer, Username Match: true, Is Expired: false
2026-08-02 15:04:13 [http-nio-8080-exec-7] DEBUG c.i.backend.security.JwtService - JWT token validation successful for username: anwer
2026-08-02 15:04:13 [http-nio-8080-exec-7] DEBUG c.i.b.s.JwtAuthenticationFilter - JWT token validation successful for user: anwer
2026-08-02 15:04:13 [http-nio-8080-exec-7] INFO  c.i.b.s.JwtAuthenticationFilter - User authenticated successfully - Username: anwer, Request: PUT /api/tasks/2
2026-08-02 15:04:13 [http-nio-8080-exec-7] INFO  c.i.b.controller.TaskController - Updating task ID: 2 for user: anwer - New title: gggg
2026-08-02 15:04:13 [http-nio-8080-exec-7] DEBUG c.i.backend.service.TaskService - Updating task ID: 2 for user: anwer - New Title: 'gggg', New Priority: MEDIUM, New Status: TODO
2026-08-02 15:04:13 [http-nio-8080-exec-7] DEBUG c.i.backend.service.TaskService - Validating task access - Task ID: 2, User: anwer
2026-08-02 15:04:13 [http-nio-8080-exec-7] DEBUG c.i.backend.service.TaskService - Task retrieved for update - ID: 2, Current Title: 'gggg', Current Status: IN_PROGRESS
2026-08-02 15:04:13 [http-nio-8080-exec-7] DEBUG c.i.backend.service.TaskService - Task properties updated - ID: 2, Saving to database
2026-08-02 15:04:13 [http-nio-8080-exec-7] INFO  c.i.backend.service.TaskService - Task ID: 2 updated successfully for user: anwer
2026-08-02 15:04:13 [http-nio-8080-exec-7] DEBUG c.i.backend.service.TaskService - Task response DTO created for updated task ID: 2
2026-08-02 15:04:13 [http-nio-8080-exec-7] INFO  c.i.b.controller.TaskController - Task ID: 2 updated successfully for user: anwer - Duration: 30ms
2026-08-02 15:04:13 [http-nio-8080-exec-3] DEBUG c.i.b.s.JwtAuthenticationFilter - Processing request - Method: GET, Path: /api/tasks
2026-08-02 15:04:13 [http-nio-8080-exec-3] DEBUG c.i.b.s.JwtAuthenticationFilter - JWT token extracted from Authorization header for request: GET /api/tasks
2026-08-02 15:04:13 [http-nio-8080-exec-3] DEBUG c.i.backend.security.JwtService - Extracting username from JWT token
2026-08-02 15:04:13 [http-nio-8080-exec-3] DEBUG c.i.backend.security.JwtService - Extracting claim from JWT token
2026-08-02 15:04:13 [http-nio-8080-exec-3] DEBUG c.i.backend.security.JwtService - Retrieving signing key for JWT
2026-08-02 15:04:13 [http-nio-8080-exec-3] DEBUG c.i.backend.security.JwtService - Signing key retrieved successfully
2026-08-02 15:04:13 [http-nio-8080-exec-3] DEBUG c.i.backend.security.JwtService - Claims extracted successfully from JWT token
2026-08-02 15:04:13 [http-nio-8080-exec-3] DEBUG c.i.backend.security.JwtService - Username extracted successfully from JWT: anwer
2026-08-02 15:04:13 [http-nio-8080-exec-3] DEBUG c.i.b.s.JwtAuthenticationFilter - Username extracted from JWT: anwer
2026-08-02 15:04:13 [http-nio-8080-exec-3] DEBUG c.i.b.s.JwtAuthenticationFilter - Attempting to authenticate user: anwer for request: GET /api/tasks
2026-08-02 15:04:13 [http-nio-8080-exec-3] DEBUG c.i.b.s.JwtAuthenticationFilter - User details found for username: anwer
2026-08-02 15:04:13 [http-nio-8080-exec-3] DEBUG c.i.backend.security.JwtService - Validating JWT token for username: anwer
2026-08-02 15:04:13 [http-nio-8080-exec-3] DEBUG c.i.backend.security.JwtService - Extracting username from JWT token
2026-08-02 15:04:13 [http-nio-8080-exec-3] DEBUG c.i.backend.security.JwtService - Extracting claim from JWT token
2026-08-02 15:04:13 [http-nio-8080-exec-3] DEBUG c.i.backend.security.JwtService - Retrieving signing key for JWT
2026-08-02 15:04:13 [http-nio-8080-exec-3] DEBUG c.i.backend.security.JwtService - Signing key retrieved successfully
2026-08-02 15:04:13 [http-nio-8080-exec-3] DEBUG c.i.backend.security.JwtService - Claims extracted successfully from JWT token
2026-08-02 15:04:13 [http-nio-8080-exec-3] DEBUG c.i.backend.security.JwtService - Username extracted successfully from JWT: anwer
2026-08-02 15:04:13 [http-nio-8080-exec-3] DEBUG c.i.backend.security.JwtService - Checking if JWT token is expired
2026-08-02 15:04:13 [http-nio-8080-exec-3] DEBUG c.i.backend.security.JwtService - Extracting expiration date from JWT token
2026-08-02 15:04:13 [http-nio-8080-exec-3] DEBUG c.i.backend.security.JwtService - Extracting claim from JWT token
2026-08-02 15:04:13 [http-nio-8080-exec-3] DEBUG c.i.backend.security.JwtService - Retrieving signing key for JWT
2026-08-02 15:04:13 [http-nio-8080-exec-3] DEBUG c.i.backend.security.JwtService - Signing key retrieved successfully
2026-08-02 15:04:13 [http-nio-8080-exec-3] DEBUG c.i.backend.security.JwtService - Claims extracted successfully from JWT token
2026-08-02 15:04:13 [http-nio-8080-exec-3] DEBUG c.i.backend.security.JwtService - Expiration date extracted: Mon Aug 03 14:51:08 EEST 2026
2026-08-02 15:04:13 [http-nio-8080-exec-3] DEBUG c.i.backend.security.JwtService - Token expiration check - Expiration Date: Mon Aug 03 14:51:08 EEST 2026, Current Date: Sun Aug 02 15:04:13 EEST 2026, Is Expired: false
2026-08-02 15:04:13 [http-nio-8080-exec-3] DEBUG c.i.backend.security.JwtService - Token validation details - Username: anwer, Username Match: true, Is Expired: false
2026-08-02 15:04:13 [http-nio-8080-exec-3] DEBUG c.i.backend.security.JwtService - JWT token validation successful for username: anwer
2026-08-02 15:04:13 [http-nio-8080-exec-3] DEBUG c.i.b.s.JwtAuthenticationFilter - JWT token validation successful for user: anwer
2026-08-02 15:04:13 [http-nio-8080-exec-3] INFO  c.i.b.s.JwtAuthenticationFilter - User authenticated successfully - Username: anwer, Request: GET /api/tasks
2026-08-02 15:04:13 [http-nio-8080-exec-3] INFO  c.i.b.controller.TaskController - Fetching tasks for user: anwer - Status filter: null, Priority filter: null
2026-08-02 15:04:13 [http-nio-8080-exec-3] DEBUG c.i.backend.service.TaskService - Fetching tasks for user: anwer - Status filter: null, Priority filter: null
2026-08-02 15:04:13 [http-nio-8080-exec-3] DEBUG c.i.backend.service.TaskService - Querying all tasks for user: anwer
2026-08-02 15:04:13 [http-nio-8080-exec-3] INFO  c.i.backend.service.TaskService - Retrieved 2 tasks for user: anwer
2026-08-02 15:04:13 [http-nio-8080-exec-3] DEBUG c.i.backend.service.TaskService - Converted 2 tasks to response DTOs for user: anwer
2026-08-02 15:04:13 [http-nio-8080-exec-3] INFO  c.i.b.controller.TaskController - Tasks fetched successfully for user: anwer - Count: 2 - Duration: 10ms
2026-08-02 15:04:17 [http-nio-8080-exec-5] DEBUG c.i.b.s.JwtAuthenticationFilter - Processing request - Method: GET, Path: /api/tasks
2026-08-02 15:04:17 [http-nio-8080-exec-5] DEBUG c.i.b.s.JwtAuthenticationFilter - JWT token extracted from Authorization header for request: GET /api/tasks
2026-08-02 15:04:17 [http-nio-8080-exec-5] DEBUG c.i.backend.security.JwtService - Extracting username from JWT token
2026-08-02 15:04:17 [http-nio-8080-exec-5] DEBUG c.i.backend.security.JwtService - Extracting claim from JWT token
2026-08-02 15:04:17 [http-nio-8080-exec-5] DEBUG c.i.backend.security.JwtService - Retrieving signing key for JWT
2026-08-02 15:04:17 [http-nio-8080-exec-5] DEBUG c.i.backend.security.JwtService - Signing key retrieved successfully
2026-08-02 15:04:17 [http-nio-8080-exec-5] DEBUG c.i.backend.security.JwtService - Claims extracted successfully from JWT token
2026-08-02 15:04:17 [http-nio-8080-exec-5] DEBUG c.i.backend.security.JwtService - Username extracted successfully from JWT: anwer
2026-08-02 15:04:17 [http-nio-8080-exec-5] DEBUG c.i.b.s.JwtAuthenticationFilter - Username extracted from JWT: anwer
2026-08-02 15:04:17 [http-nio-8080-exec-5] DEBUG c.i.b.s.JwtAuthenticationFilter - Attempting to authenticate user: anwer for request: GET /api/tasks
2026-08-02 15:04:17 [http-nio-8080-exec-5] DEBUG c.i.b.s.JwtAuthenticationFilter - User details found for username: anwer
2026-08-02 15:04:17 [http-nio-8080-exec-5] DEBUG c.i.backend.security.JwtService - Validating JWT token for username: anwer
2026-08-02 15:04:17 [http-nio-8080-exec-5] DEBUG c.i.backend.security.JwtService - Extracting username from JWT token
2026-08-02 15:04:17 [http-nio-8080-exec-5] DEBUG c.i.backend.security.JwtService - Extracting claim from JWT token
2026-08-02 15:04:17 [http-nio-8080-exec-5] DEBUG c.i.backend.security.JwtService - Retrieving signing key for JWT
2026-08-02 15:04:17 [http-nio-8080-exec-5] DEBUG c.i.backend.security.JwtService - Signing key retrieved successfully
2026-08-02 15:04:17 [http-nio-8080-exec-5] DEBUG c.i.backend.security.JwtService - Claims extracted successfully from JWT token
2026-08-02 15:04:17 [http-nio-8080-exec-5] DEBUG c.i.backend.security.JwtService - Username extracted successfully from JWT: anwer
2026-08-02 15:04:17 [http-nio-8080-exec-5] DEBUG c.i.backend.security.JwtService - Checking if JWT token is expired
2026-08-02 15:04:17 [http-nio-8080-exec-5] DEBUG c.i.backend.security.JwtService - Extracting expiration date from JWT token
2026-08-02 15:04:17 [http-nio-8080-exec-5] DEBUG c.i.backend.security.JwtService - Extracting claim from JWT token
2026-08-02 15:04:17 [http-nio-8080-exec-5] DEBUG c.i.backend.security.JwtService - Retrieving signing key for JWT
2026-08-02 15:04:17 [http-nio-8080-exec-5] DEBUG c.i.backend.security.JwtService - Signing key retrieved successfully
2026-08-02 15:04:17 [http-nio-8080-exec-5] DEBUG c.i.backend.security.JwtService - Claims extracted successfully from JWT token
2026-08-02 15:04:17 [http-nio-8080-exec-5] DEBUG c.i.backend.security.JwtService - Expiration date extracted: Mon Aug 03 14:51:08 EEST 2026
2026-08-02 15:04:17 [http-nio-8080-exec-5] DEBUG c.i.backend.security.JwtService - Token expiration check - Expiration Date: Mon Aug 03 14:51:08 EEST 2026, Current Date: Sun Aug 02 15:04:17 EEST 2026, Is Expired: false
2026-08-02 15:04:17 [http-nio-8080-exec-5] DEBUG c.i.backend.security.JwtService - Token validation details - Username: anwer, Username Match: true, Is Expired: false
2026-08-02 15:04:17 [http-nio-8080-exec-5] DEBUG c.i.backend.security.JwtService - JWT token validation successful for username: anwer
2026-08-02 15:04:17 [http-nio-8080-exec-5] DEBUG c.i.b.s.JwtAuthenticationFilter - JWT token validation successful for user: anwer
2026-08-02 15:04:17 [http-nio-8080-exec-5] INFO  c.i.b.s.JwtAuthenticationFilter - User authenticated successfully - Username: anwer, Request: GET /api/tasks
2026-08-02 15:04:17 [http-nio-8080-exec-5] INFO  c.i.b.controller.TaskController - Fetching tasks for user: anwer - Status filter: null, Priority filter: null
2026-08-02 15:04:17 [http-nio-8080-exec-5] DEBUG c.i.backend.service.TaskService - Fetching tasks for user: anwer - Status filter: null, Priority filter: null
2026-08-02 15:04:17 [http-nio-8080-exec-5] DEBUG c.i.backend.service.TaskService - Querying all tasks for user: anwer
2026-08-02 15:04:17 [http-nio-8080-exec-5] INFO  c.i.backend.service.TaskService - Retrieved 2 tasks for user: anwer
2026-08-02 15:04:17 [http-nio-8080-exec-5] DEBUG c.i.backend.service.TaskService - Converted 2 tasks to response DTOs for user: anwer
2026-08-02 15:04:17 [http-nio-8080-exec-5] INFO  c.i.b.controller.TaskController - Tasks fetched successfully for user: anwer - Count: 2 - Duration: 8ms
2026-08-02 15:04:18 [http-nio-8080-exec-6] DEBUG c.i.b.s.JwtAuthenticationFilter - Processing request - Method: GET, Path: /api/tasks
2026-08-02 15:04:18 [http-nio-8080-exec-6] DEBUG c.i.b.s.JwtAuthenticationFilter - JWT token extracted from Authorization header for request: GET /api/tasks
2026-08-02 15:04:18 [http-nio-8080-exec-6] DEBUG c.i.backend.security.JwtService - Extracting username from JWT token
2026-08-02 15:04:18 [http-nio-8080-exec-6] DEBUG c.i.backend.security.JwtService - Extracting claim from JWT token
2026-08-02 15:04:18 [http-nio-8080-exec-6] DEBUG c.i.backend.security.JwtService - Retrieving signing key for JWT
2026-08-02 15:04:18 [http-nio-8080-exec-6] DEBUG c.i.backend.security.JwtService - Signing key retrieved successfully
2026-08-02 15:04:18 [http-nio-8080-exec-6] DEBUG c.i.backend.security.JwtService - Claims extracted successfully from JWT token
2026-08-02 15:04:18 [http-nio-8080-exec-6] DEBUG c.i.backend.security.JwtService - Username extracted successfully from JWT: anwer
2026-08-02 15:04:18 [http-nio-8080-exec-6] DEBUG c.i.b.s.JwtAuthenticationFilter - Username extracted from JWT: anwer
2026-08-02 15:04:18 [http-nio-8080-exec-6] DEBUG c.i.b.s.JwtAuthenticationFilter - Attempting to authenticate user: anwer for request: GET /api/tasks
2026-08-02 15:04:18 [http-nio-8080-exec-6] DEBUG c.i.b.s.JwtAuthenticationFilter - User details found for username: anwer
2026-08-02 15:04:18 [http-nio-8080-exec-6] DEBUG c.i.backend.security.JwtService - Validating JWT token for username: anwer
2026-08-02 15:04:18 [http-nio-8080-exec-6] DEBUG c.i.backend.security.JwtService - Extracting username from JWT token
2026-08-02 15:04:18 [http-nio-8080-exec-6] DEBUG c.i.backend.security.JwtService - Extracting claim from JWT token
2026-08-02 15:04:18 [http-nio-8080-exec-6] DEBUG c.i.backend.security.JwtService - Retrieving signing key for JWT
2026-08-02 15:04:18 [http-nio-8080-exec-6] DEBUG c.i.backend.security.JwtService - Signing key retrieved successfully
2026-08-02 15:04:18 [http-nio-8080-exec-6] DEBUG c.i.backend.security.JwtService - Claims extracted successfully from JWT token
2026-08-02 15:04:18 [http-nio-8080-exec-6] DEBUG c.i.backend.security.JwtService - Username extracted successfully from JWT: anwer
2026-08-02 15:04:18 [http-nio-8080-exec-6] DEBUG c.i.backend.security.JwtService - Checking if JWT token is expired
2026-08-02 15:04:18 [http-nio-8080-exec-6] DEBUG c.i.backend.security.JwtService - Extracting expiration date from JWT token
2026-08-02 15:04:18 [http-nio-8080-exec-6] DEBUG c.i.backend.security.JwtService - Extracting claim from JWT token
2026-08-02 15:04:18 [http-nio-8080-exec-6] DEBUG c.i.backend.security.JwtService - Retrieving signing key for JWT
2026-08-02 15:04:18 [http-nio-8080-exec-6] DEBUG c.i.backend.security.JwtService - Signing key retrieved successfully
2026-08-02 15:04:18 [http-nio-8080-exec-6] DEBUG c.i.backend.security.JwtService - Claims extracted successfully from JWT token
2026-08-02 15:04:18 [http-nio-8080-exec-6] DEBUG c.i.backend.security.JwtService - Expiration date extracted: Mon Aug 03 14:51:08 EEST 2026
2026-08-02 15:04:18 [http-nio-8080-exec-6] DEBUG c.i.backend.security.JwtService - Token expiration check - Expiration Date: Mon Aug 03 14:51:08 EEST 2026, Current Date: Sun Aug 02 15:04:18 EEST 2026, Is Expired: false
2026-08-02 15:04:18 [http-nio-8080-exec-6] DEBUG c.i.backend.security.JwtService - Token validation details - Username: anwer, Username Match: true, Is Expired: false
2026-08-02 15:04:18 [http-nio-8080-exec-6] DEBUG c.i.backend.security.JwtService - JWT token validation successful for username: anwer
2026-08-02 15:04:18 [http-nio-8080-exec-6] DEBUG c.i.b.s.JwtAuthenticationFilter - JWT token validation successful for user: anwer
2026-08-02 15:04:18 [http-nio-8080-exec-6] INFO  c.i.b.s.JwtAuthenticationFilter - User authenticated successfully - Username: anwer, Request: GET /api/tasks
2026-08-02 15:04:18 [http-nio-8080-exec-6] INFO  c.i.b.controller.TaskController - Fetching tasks for user: anwer - Status filter: null, Priority filter: null
2026-08-02 15:04:18 [http-nio-8080-exec-6] DEBUG c.i.backend.service.TaskService - Fetching tasks for user: anwer - Status filter: null, Priority filter: null
2026-08-02 15:04:18 [http-nio-8080-exec-6] DEBUG c.i.backend.service.TaskService - Querying all tasks for user: anwer
2026-08-02 15:04:18 [http-nio-8080-exec-6] INFO  c.i.backend.service.TaskService - Retrieved 2 tasks for user: anwer
2026-08-02 15:04:18 [http-nio-8080-exec-6] DEBUG c.i.backend.service.TaskService - Converted 2 tasks to response DTOs for user: anwer
2026-08-02 15:04:18 [http-nio-8080-exec-6] INFO  c.i.b.controller.TaskController - Tasks fetched successfully for user: anwer - Count: 2 - Duration: 5ms
2026-08-02 15:04:20 [http-nio-8080-exec-4] DEBUG c.i.b.s.JwtAuthenticationFilter - Processing request - Method: GET, Path: /api/tasks
2026-08-02 15:04:20 [http-nio-8080-exec-4] DEBUG c.i.b.s.JwtAuthenticationFilter - JWT token extracted from Authorization header for request: GET /api/tasks
2026-08-02 15:04:20 [http-nio-8080-exec-4] DEBUG c.i.backend.security.JwtService - Extracting username from JWT token
2026-08-02 15:04:20 [http-nio-8080-exec-4] DEBUG c.i.backend.security.JwtService - Extracting claim from JWT token
2026-08-02 15:04:20 [http-nio-8080-exec-4] DEBUG c.i.backend.security.JwtService - Retrieving signing key for JWT
2026-08-02 15:04:20 [http-nio-8080-exec-4] DEBUG c.i.backend.security.JwtService - Signing key retrieved successfully
2026-08-02 15:04:20 [http-nio-8080-exec-4] DEBUG c.i.backend.security.JwtService - Claims extracted successfully from JWT token
2026-08-02 15:04:20 [http-nio-8080-exec-4] DEBUG c.i.backend.security.JwtService - Username extracted successfully from JWT: anwer
2026-08-02 15:04:20 [http-nio-8080-exec-4] DEBUG c.i.b.s.JwtAuthenticationFilter - Username extracted from JWT: anwer
2026-08-02 15:04:20 [http-nio-8080-exec-4] DEBUG c.i.b.s.JwtAuthenticationFilter - Attempting to authenticate user: anwer for request: GET /api/tasks
2026-08-02 15:04:20 [http-nio-8080-exec-4] DEBUG c.i.b.s.JwtAuthenticationFilter - User details found for username: anwer
2026-08-02 15:04:20 [http-nio-8080-exec-4] DEBUG c.i.backend.security.JwtService - Validating JWT token for username: anwer
2026-08-02 15:04:20 [http-nio-8080-exec-4] DEBUG c.i.backend.security.JwtService - Extracting username from JWT token
2026-08-02 15:04:20 [http-nio-8080-exec-4] DEBUG c.i.backend.security.JwtService - Extracting claim from JWT token
2026-08-02 15:04:20 [http-nio-8080-exec-4] DEBUG c.i.backend.security.JwtService - Retrieving signing key for JWT
2026-08-02 15:04:20 [http-nio-8080-exec-4] DEBUG c.i.backend.security.JwtService - Signing key retrieved successfully
2026-08-02 15:04:20 [http-nio-8080-exec-4] DEBUG c.i.backend.security.JwtService - Claims extracted successfully from JWT token
2026-08-02 15:04:20 [http-nio-8080-exec-4] DEBUG c.i.backend.security.JwtService - Username extracted successfully from JWT: anwer
2026-08-02 15:04:20 [http-nio-8080-exec-4] DEBUG c.i.backend.security.JwtService - Checking if JWT token is expired
2026-08-02 15:04:20 [http-nio-8080-exec-4] DEBUG c.i.backend.security.JwtService - Extracting expiration date from JWT token
2026-08-02 15:04:20 [http-nio-8080-exec-4] DEBUG c.i.backend.security.JwtService - Extracting claim from JWT token
2026-08-02 15:04:20 [http-nio-8080-exec-4] DEBUG c.i.backend.security.JwtService - Retrieving signing key for JWT
2026-08-02 15:04:20 [http-nio-8080-exec-4] DEBUG c.i.backend.security.JwtService - Signing key retrieved successfully
2026-08-02 15:04:20 [http-nio-8080-exec-4] DEBUG c.i.backend.security.JwtService - Claims extracted successfully from JWT token
2026-08-02 15:04:20 [http-nio-8080-exec-4] DEBUG c.i.backend.security.JwtService - Expiration date extracted: Mon Aug 03 14:51:08 EEST 2026
2026-08-02 15:04:20 [http-nio-8080-exec-4] DEBUG c.i.backend.security.JwtService - Token expiration check - Expiration Date: Mon Aug 03 14:51:08 EEST 2026, Current Date: Sun Aug 02 15:04:20 EEST 2026, Is Expired: false
2026-08-02 15:04:20 [http-nio-8080-exec-4] DEBUG c.i.backend.security.JwtService - Token validation details - Username: anwer, Username Match: true, Is Expired: false
2026-08-02 15:04:20 [http-nio-8080-exec-4] DEBUG c.i.backend.security.JwtService - JWT token validation successful for username: anwer
2026-08-02 15:04:20 [http-nio-8080-exec-4] DEBUG c.i.b.s.JwtAuthenticationFilter - JWT token validation successful for user: anwer
2026-08-02 15:04:20 [http-nio-8080-exec-4] INFO  c.i.b.s.JwtAuthenticationFilter - User authenticated successfully - Username: anwer, Request: GET /api/tasks
2026-08-02 15:04:20 [http-nio-8080-exec-4] INFO  c.i.b.controller.TaskController - Fetching tasks for user: anwer - Status filter: IN_PROGRESS, Priority filter: null
2026-08-02 15:04:20 [http-nio-8080-exec-4] DEBUG c.i.backend.service.TaskService - Fetching tasks for user: anwer - Status filter: IN_PROGRESS, Priority filter: null
2026-08-02 15:04:20 [http-nio-8080-exec-4] DEBUG c.i.backend.service.TaskService - Querying tasks with status filter for user: anwer
2026-08-02 15:04:20 [http-nio-8080-exec-4] INFO  c.i.backend.service.TaskService - Retrieved 1 tasks for user: anwer
2026-08-02 15:04:20 [http-nio-8080-exec-4] DEBUG c.i.backend.service.TaskService - Converted 1 tasks to response DTOs for user: anwer
2026-08-02 15:04:20 [http-nio-8080-exec-4] INFO  c.i.b.controller.TaskController - Tasks fetched successfully for user: anwer - Count: 1 - Duration: 9ms
2026-08-02 15:04:34 [http-nio-8080-exec-8] DEBUG c.i.b.s.JwtAuthenticationFilter - Processing request - Method: POST, Path: /api/auth/login
2026-08-02 15:04:34 [http-nio-8080-exec-8] DEBUG c.i.b.s.JwtAuthenticationFilter - No valid Authorization header found for request: POST /api/auth/login
2026-08-02 15:04:34 [http-nio-8080-exec-8] INFO  c.i.b.controller.AuthController - Processing login request for username: anwer
2026-08-02 15:04:34 [http-nio-8080-exec-8] DEBUG c.i.backend.service.AuthService - Starting login process for username: anwer
2026-08-02 15:04:34 [http-nio-8080-exec-8] DEBUG c.i.backend.service.AuthService - Authenticating credentials for username: anwer
2026-08-02 15:04:34 [http-nio-8080-exec-8] DEBUG c.i.backend.service.AuthService - Authentication successful for username: anwer
2026-08-02 15:04:34 [http-nio-8080-exec-8] DEBUG c.i.backend.service.AuthService - Fetching user details from database for username: anwer
2026-08-02 15:04:34 [http-nio-8080-exec-8] DEBUG c.i.backend.service.AuthService - User details fetched successfully for username: anwer
2026-08-02 15:04:34 [http-nio-8080-exec-8] DEBUG c.i.backend.service.AuthService - Generating JWT token for login - username: anwer
2026-08-02 15:04:34 [http-nio-8080-exec-8] DEBUG c.i.backend.security.JwtService - Generating JWT token for username: anwer
2026-08-02 15:04:34 [http-nio-8080-exec-8] DEBUG c.i.backend.security.JwtService - Retrieving signing key for JWT
2026-08-02 15:04:34 [http-nio-8080-exec-8] DEBUG c.i.backend.security.JwtService - Signing key retrieved successfully
2026-08-02 15:04:34 [http-nio-8080-exec-8] INFO  c.i.backend.security.JwtService - JWT token generated successfully for username: anwer - Expiration: Mon Aug 03 15:04:34 EEST 2026
2026-08-02 15:04:34 [http-nio-8080-exec-8] DEBUG c.i.backend.security.JwtService - JWT token length: 152 characters
2026-08-02 15:04:34 [http-nio-8080-exec-8] DEBUG c.i.backend.service.AuthService - JWT token generated successfully for login - username: anwer
2026-08-02 15:04:34 [http-nio-8080-exec-8] INFO  c.i.backend.service.AuthService - Login completed successfully for username: anwer
2026-08-02 15:04:34 [http-nio-8080-exec-8] INFO  c.i.b.controller.AuthController - Login successful for username: anwer - Duration: 275ms
2026-08-02 15:04:34 [http-nio-8080-exec-9] DEBUG c.i.b.s.JwtAuthenticationFilter - Processing request - Method: GET, Path: /api/tasks
2026-08-02 15:04:34 [http-nio-8080-exec-9] DEBUG c.i.b.s.JwtAuthenticationFilter - JWT token extracted from Authorization header for request: GET /api/tasks
2026-08-02 15:04:34 [http-nio-8080-exec-9] DEBUG c.i.backend.security.JwtService - Extracting username from JWT token
2026-08-02 15:04:34 [http-nio-8080-exec-9] DEBUG c.i.backend.security.JwtService - Extracting claim from JWT token
2026-08-02 15:04:34 [http-nio-8080-exec-9] DEBUG c.i.backend.security.JwtService - Retrieving signing key for JWT
2026-08-02 15:04:34 [http-nio-8080-exec-9] DEBUG c.i.backend.security.JwtService - Signing key retrieved successfully
2026-08-02 15:04:34 [http-nio-8080-exec-9] DEBUG c.i.backend.security.JwtService - Claims extracted successfully from JWT token
2026-08-02 15:04:34 [http-nio-8080-exec-9] DEBUG c.i.backend.security.JwtService - Username extracted successfully from JWT: anwer
2026-08-02 15:04:34 [http-nio-8080-exec-9] DEBUG c.i.b.s.JwtAuthenticationFilter - Username extracted from JWT: anwer
2026-08-02 15:04:34 [http-nio-8080-exec-9] DEBUG c.i.b.s.JwtAuthenticationFilter - Attempting to authenticate user: anwer for request: GET /api/tasks
2026-08-02 15:04:34 [http-nio-8080-exec-9] DEBUG c.i.b.s.JwtAuthenticationFilter - User details found for username: anwer
2026-08-02 15:04:34 [http-nio-8080-exec-9] DEBUG c.i.backend.security.JwtService - Validating JWT token for username: anwer
2026-08-02 15:04:34 [http-nio-8080-exec-9] DEBUG c.i.backend.security.JwtService - Extracting username from JWT token
2026-08-02 15:04:34 [http-nio-8080-exec-9] DEBUG c.i.backend.security.JwtService - Extracting claim from JWT token
2026-08-02 15:04:34 [http-nio-8080-exec-9] DEBUG c.i.backend.security.JwtService - Retrieving signing key for JWT
2026-08-02 15:04:34 [http-nio-8080-exec-9] DEBUG c.i.backend.security.JwtService - Signing key retrieved successfully
2026-08-02 15:04:34 [http-nio-8080-exec-9] DEBUG c.i.backend.security.JwtService - Claims extracted successfully from JWT token
2026-08-02 15:04:34 [http-nio-8080-exec-9] DEBUG c.i.backend.security.JwtService - Username extracted successfully from JWT: anwer
2026-08-02 15:04:34 [http-nio-8080-exec-9] DEBUG c.i.backend.security.JwtService - Checking if JWT token is expired
2026-08-02 15:04:34 [http-nio-8080-exec-9] DEBUG c.i.backend.security.JwtService - Extracting expiration date from JWT token
2026-08-02 15:04:34 [http-nio-8080-exec-9] DEBUG c.i.backend.security.JwtService - Extracting claim from JWT token
2026-08-02 15:04:34 [http-nio-8080-exec-9] DEBUG c.i.backend.security.JwtService - Retrieving signing key for JWT
2026-08-02 15:04:34 [http-nio-8080-exec-9] DEBUG c.i.backend.security.JwtService - Signing key retrieved successfully
2026-08-02 15:04:34 [http-nio-8080-exec-9] DEBUG c.i.backend.security.JwtService - Claims extracted successfully from JWT token
2026-08-02 15:04:34 [http-nio-8080-exec-9] DEBUG c.i.backend.security.JwtService - Expiration date extracted: Mon Aug 03 15:04:34 EEST 2026
2026-08-02 15:04:34 [http-nio-8080-exec-9] DEBUG c.i.backend.security.JwtService - Token expiration check - Expiration Date: Mon Aug 03 15:04:34 EEST 2026, Current Date: Sun Aug 02 15:04:34 EEST 2026, Is Expired: false
2026-08-02 15:04:34 [http-nio-8080-exec-9] DEBUG c.i.backend.security.JwtService - Token validation details - Username: anwer, Username Match: true, Is Expired: false
2026-08-02 15:04:34 [http-nio-8080-exec-9] DEBUG c.i.backend.security.JwtService - JWT token validation successful for username: anwer
2026-08-02 15:04:34 [http-nio-8080-exec-9] DEBUG c.i.b.s.JwtAuthenticationFilter - JWT token validation successful for user: anwer
2026-08-02 15:04:34 [http-nio-8080-exec-9] INFO  c.i.b.s.JwtAuthenticationFilter - User authenticated successfully - Username: anwer, Request: GET /api/tasks
2026-08-02 15:04:34 [http-nio-8080-exec-9] INFO  c.i.b.controller.TaskController - Fetching tasks for user: anwer - Status filter: null, Priority filter: null
2026-08-02 15:04:34 [http-nio-8080-exec-9] DEBUG c.i.backend.service.TaskService - Fetching tasks for user: anwer - Status filter: null, Priority filter: null
2026-08-02 15:04:34 [http-nio-8080-exec-9] DEBUG c.i.backend.service.TaskService - Querying all tasks for user: anwer
2026-08-02 15:04:34 [http-nio-8080-exec-9] INFO  c.i.backend.service.TaskService - Retrieved 2 tasks for user: anwer
2026-08-02 15:04:34 [http-nio-8080-exec-9] DEBUG c.i.backend.service.TaskService - Converted 2 tasks to response DTOs for user: anwer
2026-08-02 15:04:34 [http-nio-8080-exec-9] INFO  c.i.b.controller.TaskController - Tasks fetched successfully for user: anwer - Count: 2 - Duration: 11ms
2026-08-02 15:04:44 [http-nio-8080-exec-10] DEBUG c.i.b.s.JwtAuthenticationFilter - Processing request - Method: POST, Path: /api/auth/login
2026-08-02 15:04:44 [http-nio-8080-exec-10] DEBUG c.i.b.s.JwtAuthenticationFilter - No valid Authorization header found for request: POST /api/auth/login
2026-08-02 15:04:44 [http-nio-8080-exec-10] INFO  c.i.b.controller.AuthController - Processing login request for username: ahmed
2026-08-02 15:04:44 [http-nio-8080-exec-10] DEBUG c.i.backend.service.AuthService - Starting login process for username: ahmed
2026-08-02 15:04:44 [http-nio-8080-exec-10] DEBUG c.i.backend.service.AuthService - Authenticating credentials for username: ahmed
2026-08-02 15:04:44 [http-nio-8080-exec-10] WARN  c.i.backend.service.AuthService - Authentication failed for username: ahmed - Error: Bad credentials
2026-08-02 15:04:44 [http-nio-8080-exec-10] ERROR c.i.b.controller.AuthController - Unexpected error during login for username: ahmed - Duration: 299ms
org.springframework.security.authentication.BadCredentialsException: Bad credentials
	at org.springframework.security.authentication.dao.AbstractUserDetailsAuthenticationProvider.authenticate(AbstractUserDetailsAuthenticationProvider.java:154)
	at org.springframework.security.authentication.ProviderManager.authenticate(ProviderManager.java:183)
	at com.internship.backend.service.AuthService.login(AuthService.java:66)
	at com.internship.backend.controller.AuthController.login(AuthController.java:51)
	at java.base/jdk.internal.reflect.DirectMethodHandleAccessor.invoke(DirectMethodHandleAccessor.java:104)
	at java.base/java.lang.reflect.Method.invoke(Method.java:565)
	at org.springframework.web.method.support.InvocableHandlerMethod.doInvoke(InvocableHandlerMethod.java:252)
	at org.springframework.web.method.support.InvocableHandlerMethod.invokeForRequest(InvocableHandlerMethod.java:184)
	at org.springframework.web.servlet.mvc.method.annotation.ServletInvocableHandlerMethod.invokeAndHandle(ServletInvocableHandlerMethod.java:117)
	at org.springframework.web.servlet.mvc.method.annotation.RequestMappingHandlerAdapter.invokeHandlerMethod(RequestMappingHandlerAdapter.java:934)
	at org.springframework.web.servlet.mvc.method.annotation.RequestMappingHandlerAdapter.handleInternal(RequestMappingHandlerAdapter.java:853)
	at org.springframework.web.servlet.mvc.method.AbstractHandlerMethodAdapter.handle(AbstractHandlerMethodAdapter.java:86)
	at org.springframework.web.servlet.DispatcherServlet.doDispatch(DispatcherServlet.java:963)
	at org.springframework.web.servlet.DispatcherServlet.doService(DispatcherServlet.java:866)
	at org.springframework.web.servlet.FrameworkServlet.processRequest(FrameworkServlet.java:1000)
	at org.springframework.web.servlet.FrameworkServlet.doPost(FrameworkServlet.java:903)
	at jakarta.servlet.http.HttpServlet.service(HttpServlet.java:649)
	at org.springframework.web.servlet.FrameworkServlet.service(FrameworkServlet.java:874)
	at jakarta.servlet.http.HttpServlet.service(HttpServlet.java:710)
	at org.apache.catalina.core.ApplicationFilterChain.doFilter(ApplicationFilterChain.java:128)
	at org.apache.tomcat.websocket.server.WsFilter.doFilter(WsFilter.java:53)
	at org.apache.catalina.core.ApplicationFilterChain.doFilter(ApplicationFilterChain.java:107)
	at org.springframework.web.filter.OncePerRequestFilter.doFilter(OncePerRequestFilter.java:110)
	at org.apache.catalina.core.ApplicationFilterChain.doFilter(ApplicationFilterChain.java:107)
	at org.springframework.web.filter.CompositeFilter$VirtualFilterChain.doFilter(CompositeFilter.java:108)
	at org.springframework.security.web.FilterChainProxy.lambda$doFilterInternal$2(FilterChainProxy.java:235)
	at org.springframework.security.web.FilterChainProxy$VirtualFilterChain.doFilter(FilterChainProxy.java:376)
	at org.springframework.security.web.access.intercept.AuthorizationFilter.doFilter(AuthorizationFilter.java:101)
	at org.springframework.security.web.FilterChainProxy$VirtualFilterChain.doFilter(FilterChainProxy.java:385)
	at org.springframework.security.web.access.ExceptionTranslationFilter.doFilter(ExceptionTranslationFilter.java:126)
	at org.springframework.security.web.access.ExceptionTranslationFilter.doFilter(ExceptionTranslationFilter.java:120)
	at org.springframework.security.web.FilterChainProxy$VirtualFilterChain.doFilter(FilterChainProxy.java:385)
	at org.springframework.security.web.session.SessionManagementFilter.doFilter(SessionManagementFilter.java:132)
	at org.springframework.security.web.session.SessionManagementFilter.doFilter(SessionManagementFilter.java:86)
	at org.springframework.security.web.FilterChainProxy$VirtualFilterChain.doFilter(FilterChainProxy.java:385)
	at org.springframework.security.web.authentication.AnonymousAuthenticationFilter.doFilter(AnonymousAuthenticationFilter.java:100)
	at org.springframework.security.web.FilterChainProxy$VirtualFilterChain.doFilter(FilterChainProxy.java:385)
	at org.springframework.security.web.servletapi.SecurityContextHolderAwareRequestFilter.doFilter(SecurityContextHolderAwareRequestFilter.java:181)
	at org.springframework.security.web.FilterChainProxy$VirtualFilterChain.doFilter(FilterChainProxy.java:385)
	at org.springframework.security.web.savedrequest.RequestCacheAwareFilter.doFilter(RequestCacheAwareFilter.java:63)
	at org.springframework.security.web.FilterChainProxy$VirtualFilterChain.doFilter(FilterChainProxy.java:385)
	at com.internship.backend.security.JwtAuthenticationFilter.doFilterInternal(JwtAuthenticationFilter.java:45)
	at org.springframework.web.filter.OncePerRequestFilter.doFilter(OncePerRequestFilter.java:116)
	at org.springframework.security.web.FilterChainProxy$VirtualFilterChain.doFilter(FilterChainProxy.java:385)
	at org.springframework.security.web.authentication.logout.LogoutFilter.doFilter(LogoutFilter.java:110)
	at org.springframework.security.web.authentication.logout.LogoutFilter.doFilter(LogoutFilter.java:96)
	at org.springframework.security.web.FilterChainProxy$VirtualFilterChain.doFilter(FilterChainProxy.java:385)
	at org.springframework.web.filter.CorsFilter.doFilterInternal(CorsFilter.java:91)
	at org.springframework.web.filter.OncePerRequestFilter.doFilter(OncePerRequestFilter.java:116)
	at org.springframework.security.web.FilterChainProxy$VirtualFilterChain.doFilter(FilterChainProxy.java:385)
	at org.springframework.security.web.header.HeaderWriterFilter.doHeadersAfter(HeaderWriterFilter.java:90)
	at org.springframework.security.web.header.HeaderWriterFilter.doFilterInternal(HeaderWriterFilter.java:75)
	at org.springframework.web.filter.OncePerRequestFilter.doFilter(OncePerRequestFilter.java:116)
	at org.springframework.security.web.FilterChainProxy$VirtualFilterChain.doFilter(FilterChainProxy.java:385)
	at org.springframework.security.web.context.SecurityContextHolderFilter.doFilter(SecurityContextHolderFilter.java:82)
	at org.springframework.security.web.context.SecurityContextHolderFilter.doFilter(SecurityContextHolderFilter.java:69)
	at org.springframework.security.web.FilterChainProxy$VirtualFilterChain.doFilter(FilterChainProxy.java:385)
	at org.springframework.security.web.context.request.async.WebAsyncManagerIntegrationFilter.doFilterInternal(WebAsyncManagerIntegrationFilter.java:62)
	at org.springframework.web.filter.OncePerRequestFilter.doFilter(OncePerRequestFilter.java:116)
	at org.springframework.security.web.FilterChainProxy$VirtualFilterChain.doFilter(FilterChainProxy.java:385)
	at org.springframework.security.web.session.DisableEncodeUrlFilter.doFilterInternal(DisableEncodeUrlFilter.java:42)
	at org.springframework.web.filter.OncePerRequestFilter.doFilter(OncePerRequestFilter.java:116)
	at org.springframework.security.web.FilterChainProxy$VirtualFilterChain.doFilter(FilterChainProxy.java:385)
	at org.springframework.security.web.FilterChainProxy.doFilterInternal(FilterChainProxy.java:237)
	at org.springframework.security.web.FilterChainProxy.doFilter(FilterChainProxy.java:195)
	at org.springframework.web.filter.CompositeFilter$VirtualFilterChain.doFilter(CompositeFilter.java:113)
	at org.springframework.web.filter.ServletRequestPathFilter.doFilter(ServletRequestPathFilter.java:52)
	at org.springframework.web.filter.CompositeFilter$VirtualFilterChain.doFilter(CompositeFilter.java:113)
	at org.springframework.web.filter.CompositeFilter.doFilter(CompositeFilter.java:74)
	at org.springframework.security.config.annotation.web.configuration.WebSecurityConfiguration$CompositeFilterChainProxy.doFilter(WebSecurityConfiguration.java:317)
	at org.springframework.web.filter.DelegatingFilterProxy.invokeDelegate(DelegatingFilterProxy.java:355)
	at org.springframework.web.filter.DelegatingFilterProxy.doFilter(DelegatingFilterProxy.java:272)
	at org.apache.catalina.core.ApplicationFilterChain.doFilter(ApplicationFilterChain.java:107)
	at org.springframework.web.filter.RequestContextFilter.doFilterInternal(RequestContextFilter.java:100)
	at org.springframework.web.filter.OncePerRequestFilter.doFilter(OncePerRequestFilter.java:116)
	at org.apache.catalina.core.ApplicationFilterChain.doFilter(ApplicationFilterChain.java:107)
	at org.springframework.web.filter.FormContentFilter.doFilterInternal(FormContentFilter.java:93)
	at org.springframework.web.filter.OncePerRequestFilter.doFilter(OncePerRequestFilter.java:116)
	at org.apache.catalina.core.ApplicationFilterChain.doFilter(ApplicationFilterChain.java:107)
	at org.springframework.web.filter.CharacterEncodingFilter.doFilterInternal(CharacterEncodingFilter.java:199)
	at org.springframework.web.filter.OncePerRequestFilter.doFilter(OncePerRequestFilter.java:116)
	at org.apache.catalina.core.ApplicationFilterChain.doFilter(ApplicationFilterChain.java:107)
	at org.apache.catalina.core.StandardWrapperValve.invoke(StandardWrapperValve.java:165)
	at org.apache.catalina.core.StandardContextValve.invoke(StandardContextValve.java:77)
	at org.apache.catalina.authenticator.AuthenticatorBase.invoke(AuthenticatorBase.java:492)
	at org.apache.catalina.core.StandardHostValve.invoke(StandardHostValve.java:113)
	at org.apache.catalina.valves.ErrorReportValve.invoke(ErrorReportValve.java:83)
	at org.apache.catalina.core.StandardEngineValve.invoke(StandardEngineValve.java:72)
	at org.apache.catalina.connector.CoyoteAdapter.service(CoyoteAdapter.java:341)
	at org.apache.coyote.http11.Http11Processor.service(Http11Processor.java:397)
	at org.apache.coyote.AbstractProcessorLight.process(AbstractProcessorLight.java:63)
	at org.apache.coyote.AbstractProtocol$ConnectionHandler.process(AbstractProtocol.java:1272)
	at org.apache.tomcat.util.net.NioEndpoint$SocketProcessor.doRun(NioEndpoint.java:1801)
	at org.apache.tomcat.util.net.SocketProcessorBase.run(SocketProcessorBase.java:52)
	at org.apache.tomcat.util.threads.ThreadPoolExecutor.runWorker(ThreadPoolExecutor.java:946)
	at org.apache.tomcat.util.threads.ThreadPoolExecutor$Worker.run(ThreadPoolExecutor.java:480)
	at org.apache.tomcat.util.threads.TaskThread$WrappingRunnable.run(TaskThread.java:57)
	at java.base/java.lang.Thread.run(Thread.java:1474)
Caused by: org.springframework.security.core.userdetails.UsernameNotFoundException: User not found
	at com.internship.backend.security.SecurityConfig.lambda$userDetailsService$1(SecurityConfig.java:38)
	at java.base/java.util.Optional.orElseThrow(Optional.java:403)
	at com.internship.backend.security.SecurityConfig.lambda$userDetailsService$0(SecurityConfig.java:38)
	at org.springframework.security.authentication.dao.DaoAuthenticationProvider.retrieveUser(DaoAuthenticationProvider.java:106)
	at org.springframework.security.authentication.dao.AbstractUserDetailsAuthenticationProvider.authenticate(AbstractUserDetailsAuthenticationProvider.java:145)
	... 97 common frames omitted
2026-08-02 15:04:54 [http-nio-8080-exec-1] DEBUG c.i.b.s.JwtAuthenticationFilter - Processing request - Method: POST, Path: /api/auth/register
2026-08-02 15:04:54 [http-nio-8080-exec-1] DEBUG c.i.b.s.JwtAuthenticationFilter - No valid Authorization header found for request: POST /api/auth/register
2026-08-02 15:04:54 [http-nio-8080-exec-1] INFO  c.i.b.controller.AuthController - Processing registration request for username: ahmed
2026-08-02 15:04:54 [http-nio-8080-exec-1] DEBUG c.i.backend.service.AuthService - Starting registration process for username: ahmed
2026-08-02 15:04:54 [http-nio-8080-exec-1] DEBUG c.i.backend.service.AuthService - Username availability check passed for: ahmed
2026-08-02 15:04:54 [http-nio-8080-exec-1] DEBUG c.i.backend.service.AuthService - Encrypting password for username: ahmed
2026-08-02 15:04:54 [http-nio-8080-exec-1] DEBUG c.i.backend.service.AuthService - Saving user to database: ahmed
2026-08-02 15:04:54 [http-nio-8080-exec-1] INFO  c.i.backend.service.AuthService - User saved successfully to database: ahmed
2026-08-02 15:04:54 [http-nio-8080-exec-1] DEBUG c.i.backend.service.AuthService - Generating JWT token for username: ahmed
2026-08-02 15:04:54 [http-nio-8080-exec-1] DEBUG c.i.backend.security.JwtService - Generating JWT token for username: ahmed
2026-08-02 15:04:54 [http-nio-8080-exec-1] DEBUG c.i.backend.security.JwtService - Retrieving signing key for JWT
2026-08-02 15:04:54 [http-nio-8080-exec-1] DEBUG c.i.backend.security.JwtService - Signing key retrieved successfully
2026-08-02 15:04:54 [http-nio-8080-exec-1] INFO  c.i.backend.security.JwtService - JWT token generated successfully for username: ahmed - Expiration: Mon Aug 03 15:04:54 EEST 2026
2026-08-02 15:04:54 [http-nio-8080-exec-1] DEBUG c.i.backend.security.JwtService - JWT token length: 152 characters
2026-08-02 15:04:54 [http-nio-8080-exec-1] DEBUG c.i.backend.service.AuthService - JWT token generated successfully for username: ahmed
2026-08-02 15:04:54 [http-nio-8080-exec-1] INFO  c.i.backend.service.AuthService - Registration completed successfully for username: ahmed
2026-08-02 15:04:54 [http-nio-8080-exec-1] INFO  c.i.b.controller.AuthController - Registration successful for username: ahmed - Duration: 318ms
2026-08-02 15:05:02 [http-nio-8080-exec-2] DEBUG c.i.b.s.JwtAuthenticationFilter - Processing request - Method: POST, Path: /api/auth/login
2026-08-02 15:05:02 [http-nio-8080-exec-2] DEBUG c.i.b.s.JwtAuthenticationFilter - No valid Authorization header found for request: POST /api/auth/login
2026-08-02 15:05:02 [http-nio-8080-exec-2] INFO  c.i.b.controller.AuthController - Processing login request for username: ahmed
2026-08-02 15:05:02 [http-nio-8080-exec-2] DEBUG c.i.backend.service.AuthService - Starting login process for username: ahmed
2026-08-02 15:05:02 [http-nio-8080-exec-2] DEBUG c.i.backend.service.AuthService - Authenticating credentials for username: ahmed
2026-08-02 15:05:03 [http-nio-8080-exec-2] DEBUG c.i.backend.service.AuthService - Authentication successful for username: ahmed
2026-08-02 15:05:03 [http-nio-8080-exec-2] DEBUG c.i.backend.service.AuthService - Fetching user details from database for username: ahmed
2026-08-02 15:05:03 [http-nio-8080-exec-2] DEBUG c.i.backend.service.AuthService - User details fetched successfully for username: ahmed
2026-08-02 15:05:03 [http-nio-8080-exec-2] DEBUG c.i.backend.service.AuthService - Generating JWT token for login - username: ahmed
2026-08-02 15:05:03 [http-nio-8080-exec-2] DEBUG c.i.backend.security.JwtService - Generating JWT token for username: ahmed
2026-08-02 15:05:03 [http-nio-8080-exec-2] DEBUG c.i.backend.security.JwtService - Retrieving signing key for JWT
2026-08-02 15:05:03 [http-nio-8080-exec-2] DEBUG c.i.backend.security.JwtService - Signing key retrieved successfully
2026-08-02 15:05:03 [http-nio-8080-exec-2] INFO  c.i.backend.security.JwtService - JWT token generated successfully for username: ahmed - Expiration: Mon Aug 03 15:05:03 EEST 2026
2026-08-02 15:05:03 [http-nio-8080-exec-2] DEBUG c.i.backend.security.JwtService - JWT token length: 152 characters
2026-08-02 15:05:03 [http-nio-8080-exec-2] DEBUG c.i.backend.service.AuthService - JWT token generated successfully for login - username: ahmed
2026-08-02 15:05:03 [http-nio-8080-exec-2] INFO  c.i.backend.service.AuthService - Login completed successfully for username: ahmed
2026-08-02 15:05:03 [http-nio-8080-exec-2] INFO  c.i.b.controller.AuthController - Login successful for username: ahmed - Duration: 278ms
2026-08-02 15:05:03 [http-nio-8080-exec-7] DEBUG c.i.b.s.JwtAuthenticationFilter - Processing request - Method: GET, Path: /api/tasks
2026-08-02 15:05:03 [http-nio-8080-exec-7] DEBUG c.i.b.s.JwtAuthenticationFilter - JWT token extracted from Authorization header for request: GET /api/tasks
2026-08-02 15:05:03 [http-nio-8080-exec-7] DEBUG c.i.backend.security.JwtService - Extracting username from JWT token
2026-08-02 15:05:03 [http-nio-8080-exec-7] DEBUG c.i.backend.security.JwtService - Extracting claim from JWT token
2026-08-02 15:05:03 [http-nio-8080-exec-7] DEBUG c.i.backend.security.JwtService - Retrieving signing key for JWT
2026-08-02 15:05:03 [http-nio-8080-exec-7] DEBUG c.i.backend.security.JwtService - Signing key retrieved successfully
2026-08-02 15:05:03 [http-nio-8080-exec-7] DEBUG c.i.backend.security.JwtService - Claims extracted successfully from JWT token
2026-08-02 15:05:03 [http-nio-8080-exec-7] DEBUG c.i.backend.security.JwtService - Username extracted successfully from JWT: ahmed
2026-08-02 15:05:03 [http-nio-8080-exec-7] DEBUG c.i.b.s.JwtAuthenticationFilter - Username extracted from JWT: ahmed
2026-08-02 15:05:03 [http-nio-8080-exec-7] DEBUG c.i.b.s.JwtAuthenticationFilter - Attempting to authenticate user: ahmed for request: GET /api/tasks
2026-08-02 15:05:03 [http-nio-8080-exec-7] DEBUG c.i.b.s.JwtAuthenticationFilter - User details found for username: ahmed
2026-08-02 15:05:03 [http-nio-8080-exec-7] DEBUG c.i.backend.security.JwtService - Validating JWT token for username: ahmed
2026-08-02 15:05:03 [http-nio-8080-exec-7] DEBUG c.i.backend.security.JwtService - Extracting username from JWT token
2026-08-02 15:05:03 [http-nio-8080-exec-7] DEBUG c.i.backend.security.JwtService - Extracting claim from JWT token
2026-08-02 15:05:03 [http-nio-8080-exec-7] DEBUG c.i.backend.security.JwtService - Retrieving signing key for JWT
2026-08-02 15:05:03 [http-nio-8080-exec-7] DEBUG c.i.backend.security.JwtService - Signing key retrieved successfully
2026-08-02 15:05:03 [http-nio-8080-exec-7] DEBUG c.i.backend.security.JwtService - Claims extracted successfully from JWT token
2026-08-02 15:05:03 [http-nio-8080-exec-7] DEBUG c.i.backend.security.JwtService - Username extracted successfully from JWT: ahmed
2026-08-02 15:05:03 [http-nio-8080-exec-7] DEBUG c.i.backend.security.JwtService - Checking if JWT token is expired
2026-08-02 15:05:03 [http-nio-8080-exec-7] DEBUG c.i.backend.security.JwtService - Extracting expiration date from JWT token
2026-08-02 15:05:03 [http-nio-8080-exec-7] DEBUG c.i.backend.security.JwtService - Extracting claim from JWT token
2026-08-02 15:05:03 [http-nio-8080-exec-7] DEBUG c.i.backend.security.JwtService - Retrieving signing key for JWT
2026-08-02 15:05:03 [http-nio-8080-exec-7] DEBUG c.i.backend.security.JwtService - Signing key retrieved successfully
2026-08-02 15:05:03 [http-nio-8080-exec-7] DEBUG c.i.backend.security.JwtService - Claims extracted successfully from JWT token
2026-08-02 15:05:03 [http-nio-8080-exec-7] DEBUG c.i.backend.security.JwtService - Expiration date extracted: Mon Aug 03 15:05:03 EEST 2026
2026-08-02 15:05:03 [http-nio-8080-exec-7] DEBUG c.i.backend.security.JwtService - Token expiration check - Expiration Date: Mon Aug 03 15:05:03 EEST 2026, Current Date: Sun Aug 02 15:05:03 EEST 2026, Is Expired: false
2026-08-02 15:05:03 [http-nio-8080-exec-7] DEBUG c.i.backend.security.JwtService - Token validation details - Username: ahmed, Username Match: true, Is Expired: false
2026-08-02 15:05:03 [http-nio-8080-exec-7] DEBUG c.i.backend.security.JwtService - JWT token validation successful for username: ahmed
2026-08-02 15:05:03 [http-nio-8080-exec-7] DEBUG c.i.b.s.JwtAuthenticationFilter - JWT token validation successful for user: ahmed
2026-08-02 15:05:03 [http-nio-8080-exec-7] INFO  c.i.b.s.JwtAuthenticationFilter - User authenticated successfully - Username: ahmed, Request: GET /api/tasks
2026-08-02 15:05:03 [http-nio-8080-exec-7] INFO  c.i.b.controller.TaskController - Fetching tasks for user: ahmed - Status filter: null, Priority filter: null
2026-08-02 15:05:03 [http-nio-8080-exec-7] DEBUG c.i.backend.service.TaskService - Fetching tasks for user: ahmed - Status filter: null, Priority filter: null
2026-08-02 15:05:03 [http-nio-8080-exec-7] DEBUG c.i.backend.service.TaskService - Querying all tasks for user: ahmed
2026-08-02 15:05:03 [http-nio-8080-exec-7] INFO  c.i.backend.service.TaskService - Retrieved 0 tasks for user: ahmed
2026-08-02 15:05:03 [http-nio-8080-exec-7] DEBUG c.i.backend.service.TaskService - Converted 0 tasks to response DTOs for user: ahmed
2026-08-02 15:05:03 [http-nio-8080-exec-7] INFO  c.i.b.controller.TaskController - Tasks fetched successfully for user: ahmed - Count: 0 - Duration: 7ms
2026-08-02 15:06:53 [SpringApplicationShutdownHook] INFO  o.s.boot.tomcat.GracefulShutdown - Commencing graceful shutdown. Waiting for active requests to complete
2026-08-02 15:06:53 [tomcat-shutdown] INFO  o.s.boot.tomcat.GracefulShutdown - Graceful shutdown complete
2026-08-02 15:06:53 [SpringApplicationShutdownHook] INFO  o.s.o.j.LocalContainerEntityManagerFactoryBean - Closing JPA EntityManagerFactory for persistence unit 'default'
2026-08-02 15:06:53 [SpringApplicationShutdownHook] INFO  com.zaxxer.hikari.HikariDataSource - HikariPool-1 - Shutdown initiated...
2026-08-02 15:06:53 [SpringApplicationShutdownHook] INFO  com.zaxxer.hikari.HikariDataSource - HikariPool-1 - Shutdown completed.
2026-08-02 15:13:03 [main] INFO  c.i.backend.BackendApplication - Starting BackendApplication using Java 25.0.2 with PID 30652 (C:\internship\mini project\Task-Management\backend\target\classes started by LoQ in C:\internship\mini project\Task-Management)
2026-08-02 15:13:03 [main] DEBUG c.i.backend.BackendApplication - Running with Spring Boot v4.1.0, Spring v7.0.8
2026-08-02 15:13:03 [main] INFO  c.i.backend.BackendApplication - No active profile set, falling back to 1 default profile: "default"
2026-08-02 15:13:04 [main] INFO  o.s.d.r.c.RepositoryConfigurationDelegate - Bootstrapping Spring Data JPA repositories in DEFAULT mode.
2026-08-02 15:13:04 [main] INFO  o.s.d.r.c.RepositoryConfigurationDelegate - Finished Spring Data repository scanning in 36 ms. Found 2 JPA repository interfaces.
2026-08-02 15:13:04 [main] INFO  o.s.boot.tomcat.TomcatWebServer - Tomcat initialized with port 8080 (http)
2026-08-02 15:13:04 [main] INFO  o.s.b.w.c.s.WebApplicationContextInitializer - Root WebApplicationContext: initialization completed in 1047 ms
2026-08-02 15:13:04 [main] INFO  org.hibernate.orm.jpa - HHH008540: Processing PersistenceUnitInfo [name: default]
2026-08-02 15:13:04 [main] INFO  org.hibernate.orm.core - HHH000001: Hibernate ORM core version 7.4.1.Final
2026-08-02 15:13:05 [main] INFO  o.s.o.j.p.SpringPersistenceUnitInfo - No LoadTimeWeaver setup: ignoring JPA class transformer
2026-08-02 15:13:05 [main] INFO  com.zaxxer.hikari.HikariDataSource - HikariPool-1 - Starting...
2026-08-02 15:13:05 [main] INFO  com.zaxxer.hikari.pool.HikariPool - HikariPool-1 - Added connection org.postgresql.jdbc.PgConnection@1b25d695
2026-08-02 15:13:05 [main] INFO  com.zaxxer.hikari.HikariDataSource - HikariPool-1 - Start completed.
2026-08-02 15:13:05 [main] WARN  org.hibernate.orm.deprecation - HHH90000025: PostgreSQLDialect does not need to be specified explicitly using 'hibernate.dialect' (remove the property setting and it will be selected by default)
2026-08-02 15:13:05 [main] INFO  o.hibernate.orm.connections.pooling - HHH10001005: Database info:
	Database JDBC URL [jdbc:postgresql://localhost:5432/task_management_db]
	Database driver: PostgreSQL JDBC Driver
	Database dialect: PostgreSQLDialect
	Database version: 16.14
	Default catalog/schema: task_management_db/public
	Autocommit mode: undefined/unknown
	Isolation level: READ_COMMITTED [default READ_COMMITTED]
	JDBC fetch size: none
	Pool: DataSourceConnectionProvider
	Minimum pool size: undefined/unknown
	Maximum pool size: undefined/unknown
2026-08-02 15:13:06 [main] INFO  org.hibernate.orm.core - HHH000489: No JTA platform available (set 'hibernate.transaction.jta.platform' to enable JTA platform integration)
2026-08-02 15:13:06 [main] INFO  o.s.o.j.LocalContainerEntityManagerFactoryBean - Initialized JPA EntityManagerFactory for persistence unit 'default'
2026-08-02 15:13:06 [main] INFO  o.s.d.j.r.q.QueryEnhancerFactories - Hibernate is in classpath; If applicable, HQL parser will be used.
2026-08-02 15:13:06 [main] DEBUG c.i.b.s.JwtAuthenticationFilter - Filter 'jwtAuthenticationFilter' configured for use
2026-08-02 15:13:06 [main] INFO  o.s.s.c.a.a.c.InitializeAuthenticationProviderBeanManagerConfigurer$InitializeAuthenticationProviderManagerConfigurer - Global AuthenticationManager configured with AuthenticationProvider bean with name authenticationProvider
2026-08-02 15:13:06 [main] WARN  o.s.s.c.a.a.c.InitializeUserDetailsBeanManagerConfigurer$InitializeUserDetailsManagerConfigurer - Global AuthenticationManager configured with an AuthenticationProvider bean. UserDetailsService beans will not be used by Spring Security for automatically configuring username/password login. Consider removing the AuthenticationProvider bean. Alternatively, consider using the UserDetailsService in a manually instantiated DaoAuthenticationProvider. If the current configuration is intentional, to turn off this warning, increase the logging level of 'org.springframework.security.config.annotation.authentication.configuration.InitializeUserDetailsBeanManagerConfigurer' to ERROR
2026-08-02 15:13:06 [main] WARN  o.s.b.j.a.JpaBaseConfiguration$JpaWebConfiguration - spring.jpa.open-in-view is enabled by default. Therefore, database queries may be performed during view rendering. Explicitly configure spring.jpa.open-in-view to disable this warning
2026-08-02 15:13:07 [main] INFO  o.s.boot.tomcat.TomcatWebServer - Tomcat started on port 8080 (http) with context path '/'
2026-08-02 15:13:07 [main] INFO  c.i.backend.BackendApplication - Started BackendApplication in 3.849 seconds (process running for 4.242)
2026-08-02 15:13:07 [SpringApplicationShutdownHook] INFO  o.s.boot.tomcat.GracefulShutdown - Commencing graceful shutdown. Waiting for active requests to complete
2026-08-02 15:13:07 [tomcat-shutdown] INFO  o.s.boot.tomcat.GracefulShutdown - Graceful shutdown complete
2026-08-02 15:13:07 [SpringApplicationShutdownHook] INFO  o.s.o.j.LocalContainerEntityManagerFactoryBean - Closing JPA EntityManagerFactory for persistence unit 'default'
2026-08-02 15:13:07 [SpringApplicationShutdownHook] INFO  com.zaxxer.hikari.HikariDataSource - HikariPool-1 - Shutdown initiated...
2026-08-02 15:13:07 [SpringApplicationShutdownHook] INFO  com.zaxxer.hikari.HikariDataSource - HikariPool-1 - Shutdown completed.
2026-08-02 15:13:53 [main] INFO  c.i.backend.BackendApplication - Starting BackendApplication using Java 25.0.2 with PID 20384 (C:\internship\mini project\Task-Management\backend\target\classes started by LoQ in C:\internship\mini project\Task-Management)
2026-08-02 15:13:53 [main] DEBUG c.i.backend.BackendApplication - Running with Spring Boot v4.1.0, Spring v7.0.8
2026-08-02 15:13:53 [main] INFO  c.i.backend.BackendApplication - No active profile set, falling back to 1 default profile: "default"
2026-08-02 15:13:53 [main] INFO  o.s.d.r.c.RepositoryConfigurationDelegate - Bootstrapping Spring Data JPA repositories in DEFAULT mode.
2026-08-02 15:13:53 [main] INFO  o.s.d.r.c.RepositoryConfigurationDelegate - Finished Spring Data repository scanning in 52 ms. Found 2 JPA repository interfaces.
2026-08-02 15:13:54 [main] INFO  o.s.boot.tomcat.TomcatWebServer - Tomcat initialized with port 8080 (http)
2026-08-02 15:13:54 [main] INFO  o.a.catalina.core.StandardService - Starting service [Tomcat]
2026-08-02 15:13:54 [main] INFO  o.a.catalina.core.StandardEngine - Starting Servlet engine: [Apache Tomcat/11.0.22]
2026-08-02 15:13:54 [main] INFO  o.s.b.w.c.s.WebApplicationContextInitializer - Root WebApplicationContext: initialization completed in 1195 ms
2026-08-02 15:13:54 [main] INFO  org.hibernate.orm.jpa - HHH008540: Processing PersistenceUnitInfo [name: default]
2026-08-02 15:13:54 [main] INFO  org.hibernate.orm.core - HHH000001: Hibernate ORM core version 7.4.1.Final
2026-08-02 15:13:54 [main] INFO  o.s.o.j.p.SpringPersistenceUnitInfo - No LoadTimeWeaver setup: ignoring JPA class transformer
2026-08-02 15:13:55 [main] INFO  com.zaxxer.hikari.HikariDataSource - HikariPool-1 - Starting...
2026-08-02 15:13:55 [main] INFO  com.zaxxer.hikari.pool.HikariPool - HikariPool-1 - Added connection org.postgresql.jdbc.PgConnection@75e4fe3c
2026-08-02 15:13:55 [main] INFO  com.zaxxer.hikari.HikariDataSource - HikariPool-1 - Start completed.
2026-08-02 15:13:55 [main] WARN  org.hibernate.orm.deprecation - HHH90000025: PostgreSQLDialect does not need to be specified explicitly using 'hibernate.dialect' (remove the property setting and it will be selected by default)
2026-08-02 15:13:55 [main] INFO  o.hibernate.orm.connections.pooling - HHH10001005: Database info:
	Database JDBC URL [jdbc:postgresql://localhost:5432/task_management_db]
	Database driver: PostgreSQL JDBC Driver
	Database dialect: PostgreSQLDialect
	Database version: 16.14
	Default catalog/schema: task_management_db/public
	Autocommit mode: undefined/unknown
	Isolation level: READ_COMMITTED [default READ_COMMITTED]
	JDBC fetch size: none
	Pool: DataSourceConnectionProvider
	Minimum pool size: undefined/unknown
	Maximum pool size: undefined/unknown
2026-08-02 15:13:56 [main] INFO  org.hibernate.orm.core - HHH000489: No JTA platform available (set 'hibernate.transaction.jta.platform' to enable JTA platform integration)
2026-08-02 15:13:56 [main] INFO  o.s.o.j.LocalContainerEntityManagerFactoryBean - Initialized JPA EntityManagerFactory for persistence unit 'default'
2026-08-02 15:13:56 [main] INFO  o.s.d.j.r.q.QueryEnhancerFactories - Hibernate is in classpath; If applicable, HQL parser will be used.
2026-08-02 15:13:56 [main] DEBUG c.i.b.s.JwtAuthenticationFilter - Filter 'jwtAuthenticationFilter' configured for use
2026-08-02 15:13:56 [main] INFO  o.s.s.c.a.a.c.InitializeAuthenticationProviderBeanManagerConfigurer$InitializeAuthenticationProviderManagerConfigurer - Global AuthenticationManager configured with AuthenticationProvider bean with name authenticationProvider
2026-08-02 15:13:56 [main] WARN  o.s.s.c.a.a.c.InitializeUserDetailsBeanManagerConfigurer$InitializeUserDetailsManagerConfigurer - Global AuthenticationManager configured with an AuthenticationProvider bean. UserDetailsService beans will not be used by Spring Security for automatically configuring username/password login. Consider removing the AuthenticationProvider bean. Alternatively, consider using the UserDetailsService in a manually instantiated DaoAuthenticationProvider. If the current configuration is intentional, to turn off this warning, increase the logging level of 'org.springframework.security.config.annotation.authentication.configuration.InitializeUserDetailsBeanManagerConfigurer' to ERROR
2026-08-02 15:13:56 [main] WARN  o.s.b.j.a.JpaBaseConfiguration$JpaWebConfiguration - spring.jpa.open-in-view is enabled by default. Therefore, database queries may be performed during view rendering. Explicitly configure spring.jpa.open-in-view to disable this warning
2026-08-02 15:13:56 [main] INFO  o.s.boot.tomcat.TomcatWebServer - Tomcat started on port 8080 (http) with context path '/'
2026-08-02 15:13:56 [main] INFO  c.i.backend.BackendApplication - Started BackendApplication in 3.994 seconds (process running for 4.372)
2026-08-02 15:14:34 [http-nio-8080-exec-1] INFO  o.a.c.c.C.[Tomcat].[localhost].[/] - Initializing Spring DispatcherServlet 'dispatcherServlet'
2026-08-02 15:14:34 [http-nio-8080-exec-1] INFO  o.s.web.servlet.DispatcherServlet - Initializing Servlet 'dispatcherServlet'
2026-08-02 15:14:34 [http-nio-8080-exec-1] INFO  o.s.web.servlet.DispatcherServlet - Completed initialization in 1 ms
2026-08-02 15:14:34 [http-nio-8080-exec-9] DEBUG c.i.b.s.JwtAuthenticationFilter - Processing request - Method: POST, Path: /api/auth/login
2026-08-02 15:14:34 [http-nio-8080-exec-9] DEBUG c.i.b.s.JwtAuthenticationFilter - JWT token extracted from Authorization header for request: POST /api/auth/login
2026-08-02 15:14:34 [http-nio-8080-exec-9] DEBUG c.i.backend.security.JwtService - Extracting username from JWT token
2026-08-02 15:14:34 [http-nio-8080-exec-9] DEBUG c.i.backend.security.JwtService - Extracting claim from JWT token
2026-08-02 15:14:34 [http-nio-8080-exec-9] DEBUG c.i.backend.security.JwtService - Retrieving signing key for JWT
2026-08-02 15:14:34 [http-nio-8080-exec-9] DEBUG c.i.backend.security.JwtService - Signing key retrieved successfully
2026-08-02 15:14:34 [http-nio-8080-exec-9] DEBUG c.i.backend.security.JwtService - Claims extracted successfully from JWT token
2026-08-02 15:14:34 [http-nio-8080-exec-9] DEBUG c.i.backend.security.JwtService - Username extracted successfully from JWT: ahmed
2026-08-02 15:14:34 [http-nio-8080-exec-9] DEBUG c.i.b.s.JwtAuthenticationFilter - Username extracted from JWT: ahmed
2026-08-02 15:14:34 [http-nio-8080-exec-9] DEBUG c.i.b.s.JwtAuthenticationFilter - Attempting to authenticate user: ahmed for request: POST /api/auth/login
2026-08-02 15:14:35 [http-nio-8080-exec-9] WARN  c.i.b.s.JwtAuthenticationFilter - User details not found in database for username extracted from JWT: ahmed
2026-08-02 15:14:35 [http-nio-8080-exec-9] INFO  c.i.b.controller.AuthController - Processing login request for username: ahmed
2026-08-02 15:14:35 [http-nio-8080-exec-9] DEBUG c.i.backend.service.AuthService - Starting login process for username: ahmed
2026-08-02 15:14:35 [http-nio-8080-exec-9] DEBUG c.i.backend.service.AuthService - Authenticating credentials for username: ahmed
2026-08-02 15:14:35 [http-nio-8080-exec-9] WARN  c.i.backend.service.AuthService - Authentication failed for username: ahmed - Error: Bad credentials
2026-08-02 15:14:35 [http-nio-8080-exec-9] ERROR c.i.b.controller.AuthController - Unexpected error during login for username: ahmed - Duration: 190ms
org.springframework.security.authentication.BadCredentialsException: Bad credentials
	at org.springframework.security.authentication.dao.AbstractUserDetailsAuthenticationProvider.authenticate(AbstractUserDetailsAuthenticationProvider.java:154)
	at org.springframework.security.authentication.ProviderManager.authenticate(ProviderManager.java:183)
	at com.internship.backend.service.AuthService.login(AuthService.java:66)
	at com.internship.backend.controller.AuthController.login(AuthController.java:51)
	at java.base/jdk.internal.reflect.DirectMethodHandleAccessor.invoke(DirectMethodHandleAccessor.java:104)
	at java.base/java.lang.reflect.Method.invoke(Method.java:565)
	at org.springframework.web.method.support.InvocableHandlerMethod.doInvoke(InvocableHandlerMethod.java:252)
	at org.springframework.web.method.support.InvocableHandlerMethod.invokeForRequest(InvocableHandlerMethod.java:184)
	at org.springframework.web.servlet.mvc.method.annotation.ServletInvocableHandlerMethod.invokeAndHandle(ServletInvocableHandlerMethod.java:117)
	at org.springframework.web.servlet.mvc.method.annotation.RequestMappingHandlerAdapter.invokeHandlerMethod(RequestMappingHandlerAdapter.java:934)
	at org.springframework.web.servlet.mvc.method.annotation.RequestMappingHandlerAdapter.handleInternal(RequestMappingHandlerAdapter.java:853)
	at org.springframework.web.servlet.mvc.method.AbstractHandlerMethodAdapter.handle(AbstractHandlerMethodAdapter.java:86)
	at org.springframework.web.servlet.DispatcherServlet.doDispatch(DispatcherServlet.java:963)
	at org.springframework.web.servlet.DispatcherServlet.doService(DispatcherServlet.java:866)
	at org.springframework.web.servlet.FrameworkServlet.processRequest(FrameworkServlet.java:1000)
	at org.springframework.web.servlet.FrameworkServlet.doPost(FrameworkServlet.java:903)
	at jakarta.servlet.http.HttpServlet.service(HttpServlet.java:649)
	at org.springframework.web.servlet.FrameworkServlet.service(FrameworkServlet.java:874)
	at jakarta.servlet.http.HttpServlet.service(HttpServlet.java:710)
	at org.apache.catalina.core.ApplicationFilterChain.doFilter(ApplicationFilterChain.java:128)
	at org.apache.tomcat.websocket.server.WsFilter.doFilter(WsFilter.java:53)
	at org.apache.catalina.core.ApplicationFilterChain.doFilter(ApplicationFilterChain.java:107)
	at org.springframework.web.filter.OncePerRequestFilter.doFilter(OncePerRequestFilter.java:110)
	at org.apache.catalina.core.ApplicationFilterChain.doFilter(ApplicationFilterChain.java:107)
	at org.springframework.web.filter.CompositeFilter$VirtualFilterChain.doFilter(CompositeFilter.java:108)
	at org.springframework.security.web.FilterChainProxy.lambda$doFilterInternal$2(FilterChainProxy.java:235)
	at org.springframework.security.web.FilterChainProxy$VirtualFilterChain.doFilter(FilterChainProxy.java:376)
	at org.springframework.security.web.access.intercept.AuthorizationFilter.doFilter(AuthorizationFilter.java:101)
	at org.springframework.security.web.FilterChainProxy$VirtualFilterChain.doFilter(FilterChainProxy.java:385)
	at org.springframework.security.web.access.ExceptionTranslationFilter.doFilter(ExceptionTranslationFilter.java:126)
	at org.springframework.security.web.access.ExceptionTranslationFilter.doFilter(ExceptionTranslationFilter.java:120)
	at org.springframework.security.web.FilterChainProxy$VirtualFilterChain.doFilter(FilterChainProxy.java:385)
	at org.springframework.security.web.session.SessionManagementFilter.doFilter(SessionManagementFilter.java:132)
	at org.springframework.security.web.session.SessionManagementFilter.doFilter(SessionManagementFilter.java:86)
	at org.springframework.security.web.FilterChainProxy$VirtualFilterChain.doFilter(FilterChainProxy.java:385)
	at org.springframework.security.web.authentication.AnonymousAuthenticationFilter.doFilter(AnonymousAuthenticationFilter.java:100)
	at org.springframework.security.web.FilterChainProxy$VirtualFilterChain.doFilter(FilterChainProxy.java:385)
	at org.springframework.security.web.servletapi.SecurityContextHolderAwareRequestFilter.doFilter(SecurityContextHolderAwareRequestFilter.java:181)
	at org.springframework.security.web.FilterChainProxy$VirtualFilterChain.doFilter(FilterChainProxy.java:385)
	at org.springframework.security.web.savedrequest.RequestCacheAwareFilter.doFilter(RequestCacheAwareFilter.java:63)
	at org.springframework.security.web.FilterChainProxy$VirtualFilterChain.doFilter(FilterChainProxy.java:385)
	at com.internship.backend.security.JwtAuthenticationFilter.doFilterInternal(JwtAuthenticationFilter.java:88)
	at org.springframework.web.filter.OncePerRequestFilter.doFilter(OncePerRequestFilter.java:116)
	at org.springframework.security.web.FilterChainProxy$VirtualFilterChain.doFilter(FilterChainProxy.java:385)
	at org.springframework.security.web.authentication.logout.LogoutFilter.doFilter(LogoutFilter.java:110)
	at org.springframework.security.web.authentication.logout.LogoutFilter.doFilter(LogoutFilter.java:96)
	at org.springframework.security.web.FilterChainProxy$VirtualFilterChain.doFilter(FilterChainProxy.java:385)
	at org.springframework.web.filter.CorsFilter.doFilterInternal(CorsFilter.java:91)
	at org.springframework.web.filter.OncePerRequestFilter.doFilter(OncePerRequestFilter.java:116)
	at org.springframework.security.web.FilterChainProxy$VirtualFilterChain.doFilter(FilterChainProxy.java:385)
	at org.springframework.security.web.header.HeaderWriterFilter.doHeadersAfter(HeaderWriterFilter.java:90)
	at org.springframework.security.web.header.HeaderWriterFilter.doFilterInternal(HeaderWriterFilter.java:75)
	at org.springframework.web.filter.OncePerRequestFilter.doFilter(OncePerRequestFilter.java:116)
	at org.springframework.security.web.FilterChainProxy$VirtualFilterChain.doFilter(FilterChainProxy.java:385)
	at org.springframework.security.web.context.SecurityContextHolderFilter.doFilter(SecurityContextHolderFilter.java:82)
	at org.springframework.security.web.context.SecurityContextHolderFilter.doFilter(SecurityContextHolderFilter.java:69)
	at org.springframework.security.web.FilterChainProxy$VirtualFilterChain.doFilter(FilterChainProxy.java:385)
	at org.springframework.security.web.context.request.async.WebAsyncManagerIntegrationFilter.doFilterInternal(WebAsyncManagerIntegrationFilter.java:62)
	at org.springframework.web.filter.OncePerRequestFilter.doFilter(OncePerRequestFilter.java:116)
	at org.springframework.security.web.FilterChainProxy$VirtualFilterChain.doFilter(FilterChainProxy.java:385)
	at org.springframework.security.web.session.DisableEncodeUrlFilter.doFilterInternal(DisableEncodeUrlFilter.java:42)
	at org.springframework.web.filter.OncePerRequestFilter.doFilter(OncePerRequestFilter.java:116)
	at org.springframework.security.web.FilterChainProxy$VirtualFilterChain.doFilter(FilterChainProxy.java:385)
	at org.springframework.security.web.FilterChainProxy.doFilterInternal(FilterChainProxy.java:237)
	at org.springframework.security.web.FilterChainProxy.doFilter(FilterChainProxy.java:195)
	at org.springframework.web.filter.CompositeFilter$VirtualFilterChain.doFilter(CompositeFilter.java:113)
	at org.springframework.web.filter.ServletRequestPathFilter.doFilter(ServletRequestPathFilter.java:52)
	at org.springframework.web.filter.CompositeFilter$VirtualFilterChain.doFilter(CompositeFilter.java:113)
	at org.springframework.web.filter.CompositeFilter.doFilter(CompositeFilter.java:74)
	at org.springframework.security.config.annotation.web.configuration.WebSecurityConfiguration$CompositeFilterChainProxy.doFilter(WebSecurityConfiguration.java:317)
	at org.springframework.web.filter.DelegatingFilterProxy.invokeDelegate(DelegatingFilterProxy.java:355)
	at org.springframework.web.filter.DelegatingFilterProxy.doFilter(DelegatingFilterProxy.java:272)
	at org.apache.catalina.core.ApplicationFilterChain.doFilter(ApplicationFilterChain.java:107)
	at org.springframework.web.filter.RequestContextFilter.doFilterInternal(RequestContextFilter.java:100)
	at org.springframework.web.filter.OncePerRequestFilter.doFilter(OncePerRequestFilter.java:116)
	at org.apache.catalina.core.ApplicationFilterChain.doFilter(ApplicationFilterChain.java:107)
	at org.springframework.web.filter.FormContentFilter.doFilterInternal(FormContentFilter.java:93)
	at org.springframework.web.filter.OncePerRequestFilter.doFilter(OncePerRequestFilter.java:116)
	at org.apache.catalina.core.ApplicationFilterChain.doFilter(ApplicationFilterChain.java:107)
	at org.springframework.web.filter.CharacterEncodingFilter.doFilterInternal(CharacterEncodingFilter.java:199)
	at org.springframework.web.filter.OncePerRequestFilter.doFilter(OncePerRequestFilter.java:116)
	at org.apache.catalina.core.ApplicationFilterChain.doFilter(ApplicationFilterChain.java:107)
	at org.apache.catalina.core.StandardWrapperValve.invoke(StandardWrapperValve.java:165)
	at org.apache.catalina.core.StandardContextValve.invoke(StandardContextValve.java:77)
	at org.apache.catalina.authenticator.AuthenticatorBase.invoke(AuthenticatorBase.java:492)
	at org.apache.catalina.core.StandardHostValve.invoke(StandardHostValve.java:113)
	at org.apache.catalina.valves.ErrorReportValve.invoke(ErrorReportValve.java:83)
	at org.apache.catalina.core.StandardEngineValve.invoke(StandardEngineValve.java:72)
	at org.apache.catalina.connector.CoyoteAdapter.service(CoyoteAdapter.java:341)
	at org.apache.coyote.http11.Http11Processor.service(Http11Processor.java:397)
	at org.apache.coyote.AbstractProcessorLight.process(AbstractProcessorLight.java:63)
	at org.apache.coyote.AbstractProtocol$ConnectionHandler.process(AbstractProtocol.java:1272)
	at org.apache.tomcat.util.net.NioEndpoint$SocketProcessor.doRun(NioEndpoint.java:1801)
	at org.apache.tomcat.util.net.SocketProcessorBase.run(SocketProcessorBase.java:52)
	at org.apache.tomcat.util.threads.ThreadPoolExecutor.runWorker(ThreadPoolExecutor.java:946)
	at org.apache.tomcat.util.threads.ThreadPoolExecutor$Worker.run(ThreadPoolExecutor.java:480)
	at org.apache.tomcat.util.threads.TaskThread$WrappingRunnable.run(TaskThread.java:57)
	at java.base/java.lang.Thread.run(Thread.java:1474)
Caused by: org.springframework.security.core.userdetails.UsernameNotFoundException: User not found
	at com.internship.backend.security.SecurityConfig.lambda$userDetailsService$1(SecurityConfig.java:38)
	at java.base/java.util.Optional.orElseThrow(Optional.java:403)
	at com.internship.backend.security.SecurityConfig.lambda$userDetailsService$0(SecurityConfig.java:38)
	at org.springframework.security.authentication.dao.DaoAuthenticationProvider.retrieveUser(DaoAuthenticationProvider.java:106)
	at org.springframework.security.authentication.dao.AbstractUserDetailsAuthenticationProvider.authenticate(AbstractUserDetailsAuthenticationProvider.java:145)
	... 97 common frames omitted
2026-08-02 15:14:45 [http-nio-8080-exec-5] DEBUG c.i.b.s.JwtAuthenticationFilter - Processing request - Method: POST, Path: /api/auth/login
2026-08-02 15:14:45 [http-nio-8080-exec-5] DEBUG c.i.b.s.JwtAuthenticationFilter - JWT token extracted from Authorization header for request: POST /api/auth/login
2026-08-02 15:14:45 [http-nio-8080-exec-5] DEBUG c.i.backend.security.JwtService - Extracting username from JWT token
2026-08-02 15:14:45 [http-nio-8080-exec-5] DEBUG c.i.backend.security.JwtService - Extracting claim from JWT token
2026-08-02 15:14:45 [http-nio-8080-exec-5] DEBUG c.i.backend.security.JwtService - Retrieving signing key for JWT
2026-08-02 15:14:45 [http-nio-8080-exec-5] DEBUG c.i.backend.security.JwtService - Signing key retrieved successfully
2026-08-02 15:14:45 [http-nio-8080-exec-5] DEBUG c.i.backend.security.JwtService - Claims extracted successfully from JWT token
2026-08-02 15:14:45 [http-nio-8080-exec-5] DEBUG c.i.backend.security.JwtService - Username extracted successfully from JWT: ahmed
2026-08-02 15:14:45 [http-nio-8080-exec-5] DEBUG c.i.b.s.JwtAuthenticationFilter - Username extracted from JWT: ahmed
2026-08-02 15:14:45 [http-nio-8080-exec-5] DEBUG c.i.b.s.JwtAuthenticationFilter - Attempting to authenticate user: ahmed for request: POST /api/auth/login
2026-08-02 15:14:45 [http-nio-8080-exec-5] WARN  c.i.b.s.JwtAuthenticationFilter - User details not found in database for username extracted from JWT: ahmed
2026-08-02 15:14:45 [http-nio-8080-exec-5] INFO  c.i.b.controller.AuthController - Processing login request for username: anwer
2026-08-02 15:14:45 [http-nio-8080-exec-5] DEBUG c.i.backend.service.AuthService - Starting login process for username: anwer
2026-08-02 15:14:45 [http-nio-8080-exec-5] DEBUG c.i.backend.service.AuthService - Authenticating credentials for username: anwer
2026-08-02 15:14:45 [http-nio-8080-exec-5] WARN  c.i.backend.service.AuthService - Authentication failed for username: anwer - Error: Bad credentials
2026-08-02 15:14:45 [http-nio-8080-exec-5] ERROR c.i.b.controller.AuthController - Unexpected error during login for username: anwer - Duration: 93ms
org.springframework.security.authentication.BadCredentialsException: Bad credentials
	at org.springframework.security.authentication.dao.AbstractUserDetailsAuthenticationProvider.authenticate(AbstractUserDetailsAuthenticationProvider.java:154)
	at org.springframework.security.authentication.ProviderManager.authenticate(ProviderManager.java:183)
	at com.internship.backend.service.AuthService.login(AuthService.java:66)
	at com.internship.backend.controller.AuthController.login(AuthController.java:51)
	at java.base/jdk.internal.reflect.DirectMethodHandleAccessor.invoke(DirectMethodHandleAccessor.java:104)
	at java.base/java.lang.reflect.Method.invoke(Method.java:565)
	at org.springframework.web.method.support.InvocableHandlerMethod.doInvoke(InvocableHandlerMethod.java:252)
	at org.springframework.web.method.support.InvocableHandlerMethod.invokeForRequest(InvocableHandlerMethod.java:184)
	at org.springframework.web.servlet.mvc.method.annotation.ServletInvocableHandlerMethod.invokeAndHandle(ServletInvocableHandlerMethod.java:117)
	at org.springframework.web.servlet.mvc.method.annotation.RequestMappingHandlerAdapter.invokeHandlerMethod(RequestMappingHandlerAdapter.java:934)
	at org.springframework.web.servlet.mvc.method.annotation.RequestMappingHandlerAdapter.handleInternal(RequestMappingHandlerAdapter.java:853)
	at org.springframework.web.servlet.mvc.method.AbstractHandlerMethodAdapter.handle(AbstractHandlerMethodAdapter.java:86)
	at org.springframework.web.servlet.DispatcherServlet.doDispatch(DispatcherServlet.java:963)
	at org.springframework.web.servlet.DispatcherServlet.doService(DispatcherServlet.java:866)
	at org.springframework.web.servlet.FrameworkServlet.processRequest(FrameworkServlet.java:1000)
	at org.springframework.web.servlet.FrameworkServlet.doPost(FrameworkServlet.java:903)
	at jakarta.servlet.http.HttpServlet.service(HttpServlet.java:649)
	at org.springframework.web.servlet.FrameworkServlet.service(FrameworkServlet.java:874)
	at jakarta.servlet.http.HttpServlet.service(HttpServlet.java:710)
	at org.apache.catalina.core.ApplicationFilterChain.doFilter(ApplicationFilterChain.java:128)
	at org.apache.tomcat.websocket.server.WsFilter.doFilter(WsFilter.java:53)
	at org.apache.catalina.core.ApplicationFilterChain.doFilter(ApplicationFilterChain.java:107)
	at org.springframework.web.filter.OncePerRequestFilter.doFilter(OncePerRequestFilter.java:110)
	at org.apache.catalina.core.ApplicationFilterChain.doFilter(ApplicationFilterChain.java:107)
	at org.springframework.web.filter.CompositeFilter$VirtualFilterChain.doFilter(CompositeFilter.java:108)
	at org.springframework.security.web.FilterChainProxy.lambda$doFilterInternal$2(FilterChainProxy.java:235)
	at org.springframework.security.web.FilterChainProxy$VirtualFilterChain.doFilter(FilterChainProxy.java:376)
	at org.springframework.security.web.access.intercept.AuthorizationFilter.doFilter(AuthorizationFilter.java:101)
	at org.springframework.security.web.FilterChainProxy$VirtualFilterChain.doFilter(FilterChainProxy.java:385)
	at org.springframework.security.web.access.ExceptionTranslationFilter.doFilter(ExceptionTranslationFilter.java:126)
	at org.springframework.security.web.access.ExceptionTranslationFilter.doFilter(ExceptionTranslationFilter.java:120)
	at org.springframework.security.web.FilterChainProxy$VirtualFilterChain.doFilter(FilterChainProxy.java:385)
	at org.springframework.security.web.session.SessionManagementFilter.doFilter(SessionManagementFilter.java:132)
	at org.springframework.security.web.session.SessionManagementFilter.doFilter(SessionManagementFilter.java:86)
	at org.springframework.security.web.FilterChainProxy$VirtualFilterChain.doFilter(FilterChainProxy.java:385)
	at org.springframework.security.web.authentication.AnonymousAuthenticationFilter.doFilter(AnonymousAuthenticationFilter.java:100)
	at org.springframework.security.web.FilterChainProxy$VirtualFilterChain.doFilter(FilterChainProxy.java:385)
	at org.springframework.security.web.servletapi.SecurityContextHolderAwareRequestFilter.doFilter(SecurityContextHolderAwareRequestFilter.java:181)
	at org.springframework.security.web.FilterChainProxy$VirtualFilterChain.doFilter(FilterChainProxy.java:385)
	at org.springframework.security.web.savedrequest.RequestCacheAwareFilter.doFilter(RequestCacheAwareFilter.java:63)
	at org.springframework.security.web.FilterChainProxy$VirtualFilterChain.doFilter(FilterChainProxy.java:385)
	at com.internship.backend.security.JwtAuthenticationFilter.doFilterInternal(JwtAuthenticationFilter.java:88)
	at org.springframework.web.filter.OncePerRequestFilter.doFilter(OncePerRequestFilter.java:116)
	at org.springframework.security.web.FilterChainProxy$VirtualFilterChain.doFilter(FilterChainProxy.java:385)
	at org.springframework.security.web.authentication.logout.LogoutFilter.doFilter(LogoutFilter.java:110)
	at org.springframework.security.web.authentication.logout.LogoutFilter.doFilter(LogoutFilter.java:96)
	at org.springframework.security.web.FilterChainProxy$VirtualFilterChain.doFilter(FilterChainProxy.java:385)
	at org.springframework.web.filter.CorsFilter.doFilterInternal(CorsFilter.java:91)
	at org.springframework.web.filter.OncePerRequestFilter.doFilter(OncePerRequestFilter.java:116)
	at org.springframework.security.web.FilterChainProxy$VirtualFilterChain.doFilter(FilterChainProxy.java:385)
	at org.springframework.security.web.header.HeaderWriterFilter.doHeadersAfter(HeaderWriterFilter.java:90)
	at org.springframework.security.web.header.HeaderWriterFilter.doFilterInternal(HeaderWriterFilter.java:75)
	at org.springframework.web.filter.OncePerRequestFilter.doFilter(OncePerRequestFilter.java:116)
	at org.springframework.security.web.FilterChainProxy$VirtualFilterChain.doFilter(FilterChainProxy.java:385)
	at org.springframework.security.web.context.SecurityContextHolderFilter.doFilter(SecurityContextHolderFilter.java:82)
	at org.springframework.security.web.context.SecurityContextHolderFilter.doFilter(SecurityContextHolderFilter.java:69)
	at org.springframework.security.web.FilterChainProxy$VirtualFilterChain.doFilter(FilterChainProxy.java:385)
	at org.springframework.security.web.context.request.async.WebAsyncManagerIntegrationFilter.doFilterInternal(WebAsyncManagerIntegrationFilter.java:62)
	at org.springframework.web.filter.OncePerRequestFilter.doFilter(OncePerRequestFilter.java:116)
	at org.springframework.security.web.FilterChainProxy$VirtualFilterChain.doFilter(FilterChainProxy.java:385)
	at org.springframework.security.web.session.DisableEncodeUrlFilter.doFilterInternal(DisableEncodeUrlFilter.java:42)
	at org.springframework.web.filter.OncePerRequestFilter.doFilter(OncePerRequestFilter.java:116)
	at org.springframework.security.web.FilterChainProxy$VirtualFilterChain.doFilter(FilterChainProxy.java:385)
	at org.springframework.security.web.FilterChainProxy.doFilterInternal(FilterChainProxy.java:237)
	at org.springframework.security.web.FilterChainProxy.doFilter(FilterChainProxy.java:195)
	at org.springframework.web.filter.CompositeFilter$VirtualFilterChain.doFilter(CompositeFilter.java:113)
	at org.springframework.web.filter.ServletRequestPathFilter.doFilter(ServletRequestPathFilter.java:52)
	at org.springframework.web.filter.CompositeFilter$VirtualFilterChain.doFilter(CompositeFilter.java:113)
	at org.springframework.web.filter.CompositeFilter.doFilter(CompositeFilter.java:74)
	at org.springframework.security.config.annotation.web.configuration.WebSecurityConfiguration$CompositeFilterChainProxy.doFilter(WebSecurityConfiguration.java:317)
	at org.springframework.web.filter.DelegatingFilterProxy.invokeDelegate(DelegatingFilterProxy.java:355)
	at org.springframework.web.filter.DelegatingFilterProxy.doFilter(DelegatingFilterProxy.java:272)
	at org.apache.catalina.core.ApplicationFilterChain.doFilter(ApplicationFilterChain.java:107)
	at org.springframework.web.filter.RequestContextFilter.doFilterInternal(RequestContextFilter.java:100)
	at org.springframework.web.filter.OncePerRequestFilter.doFilter(OncePerRequestFilter.java:116)
	at org.apache.catalina.core.ApplicationFilterChain.doFilter(ApplicationFilterChain.java:107)
	at org.springframework.web.filter.FormContentFilter.doFilterInternal(FormContentFilter.java:93)
	at org.springframework.web.filter.OncePerRequestFilter.doFilter(OncePerRequestFilter.java:116)
	at org.apache.catalina.core.ApplicationFilterChain.doFilter(ApplicationFilterChain.java:107)
	at org.springframework.web.filter.CharacterEncodingFilter.doFilterInternal(CharacterEncodingFilter.java:199)
	at org.springframework.web.filter.OncePerRequestFilter.doFilter(OncePerRequestFilter.java:116)
	at org.apache.catalina.core.ApplicationFilterChain.doFilter(ApplicationFilterChain.java:107)
	at org.apache.catalina.core.StandardWrapperValve.invoke(StandardWrapperValve.java:165)
	at org.apache.catalina.core.StandardContextValve.invoke(StandardContextValve.java:77)
	at org.apache.catalina.authenticator.AuthenticatorBase.invoke(AuthenticatorBase.java:492)
	at org.apache.catalina.core.StandardHostValve.invoke(StandardHostValve.java:113)
	at org.apache.catalina.valves.ErrorReportValve.invoke(ErrorReportValve.java:83)
	at org.apache.catalina.core.StandardEngineValve.invoke(StandardEngineValve.java:72)
	at org.apache.catalina.connector.CoyoteAdapter.service(CoyoteAdapter.java:341)
	at org.apache.coyote.http11.Http11Processor.service(Http11Processor.java:397)
	at org.apache.coyote.AbstractProcessorLight.process(AbstractProcessorLight.java:63)
	at org.apache.coyote.AbstractProtocol$ConnectionHandler.process(AbstractProtocol.java:1272)
	at org.apache.tomcat.util.net.NioEndpoint$SocketProcessor.doRun(NioEndpoint.java:1801)
	at org.apache.tomcat.util.net.SocketProcessorBase.run(SocketProcessorBase.java:52)
	at org.apache.tomcat.util.threads.ThreadPoolExecutor.runWorker(ThreadPoolExecutor.java:946)
	at org.apache.tomcat.util.threads.ThreadPoolExecutor$Worker.run(ThreadPoolExecutor.java:480)
	at org.apache.tomcat.util.threads.TaskThread$WrappingRunnable.run(TaskThread.java:57)
	at java.base/java.lang.Thread.run(Thread.java:1474)
Caused by: org.springframework.security.core.userdetails.UsernameNotFoundException: User not found
	at com.internship.backend.security.SecurityConfig.lambda$userDetailsService$1(SecurityConfig.java:38)
	at java.base/java.util.Optional.orElseThrow(Optional.java:403)
	at com.internship.backend.security.SecurityConfig.lambda$userDetailsService$0(SecurityConfig.java:38)
	at org.springframework.security.authentication.dao.DaoAuthenticationProvider.retrieveUser(DaoAuthenticationProvider.java:106)
	at org.springframework.security.authentication.dao.AbstractUserDetailsAuthenticationProvider.authenticate(AbstractUserDetailsAuthenticationProvider.java:145)
	... 97 common frames omitted
2026-08-02 15:14:54 [http-nio-8080-exec-6] DEBUG c.i.b.s.JwtAuthenticationFilter - Processing request - Method: POST, Path: /api/auth/login
2026-08-02 15:14:54 [http-nio-8080-exec-6] DEBUG c.i.b.s.JwtAuthenticationFilter - JWT token extracted from Authorization header for request: POST /api/auth/login
2026-08-02 15:14:54 [http-nio-8080-exec-6] DEBUG c.i.backend.security.JwtService - Extracting username from JWT token
2026-08-02 15:14:54 [http-nio-8080-exec-6] DEBUG c.i.backend.security.JwtService - Extracting claim from JWT token
2026-08-02 15:14:54 [http-nio-8080-exec-6] DEBUG c.i.backend.security.JwtService - Retrieving signing key for JWT
2026-08-02 15:14:54 [http-nio-8080-exec-6] DEBUG c.i.backend.security.JwtService - Signing key retrieved successfully
2026-08-02 15:14:54 [http-nio-8080-exec-6] DEBUG c.i.backend.security.JwtService - Claims extracted successfully from JWT token
2026-08-02 15:14:54 [http-nio-8080-exec-6] DEBUG c.i.backend.security.JwtService - Username extracted successfully from JWT: ahmed
2026-08-02 15:14:54 [http-nio-8080-exec-6] DEBUG c.i.b.s.JwtAuthenticationFilter - Username extracted from JWT: ahmed
2026-08-02 15:14:54 [http-nio-8080-exec-6] DEBUG c.i.b.s.JwtAuthenticationFilter - Attempting to authenticate user: ahmed for request: POST /api/auth/login
2026-08-02 15:14:54 [http-nio-8080-exec-6] WARN  c.i.b.s.JwtAuthenticationFilter - User details not found in database for username extracted from JWT: ahmed
2026-08-02 15:14:54 [http-nio-8080-exec-6] INFO  c.i.b.controller.AuthController - Processing login request for username: anwer
2026-08-02 15:14:54 [http-nio-8080-exec-6] DEBUG c.i.backend.service.AuthService - Starting login process for username: anwer
2026-08-02 15:14:54 [http-nio-8080-exec-6] DEBUG c.i.backend.service.AuthService - Authenticating credentials for username: anwer
2026-08-02 15:14:54 [http-nio-8080-exec-6] WARN  c.i.backend.service.AuthService - Authentication failed for username: anwer - Error: Bad credentials
2026-08-02 15:14:54 [http-nio-8080-exec-6] ERROR c.i.b.controller.AuthController - Unexpected error during login for username: anwer - Duration: 86ms
org.springframework.security.authentication.BadCredentialsException: Bad credentials
	at org.springframework.security.authentication.dao.AbstractUserDetailsAuthenticationProvider.authenticate(AbstractUserDetailsAuthenticationProvider.java:154)
	at org.springframework.security.authentication.ProviderManager.authenticate(ProviderManager.java:183)
	at com.internship.backend.service.AuthService.login(AuthService.java:66)
	at com.internship.backend.controller.AuthController.login(AuthController.java:51)
	at java.base/jdk.internal.reflect.DirectMethodHandleAccessor.invoke(DirectMethodHandleAccessor.java:104)
	at java.base/java.lang.reflect.Method.invoke(Method.java:565)
	at org.springframework.web.method.support.InvocableHandlerMethod.doInvoke(InvocableHandlerMethod.java:252)
	at org.springframework.web.method.support.InvocableHandlerMethod.invokeForRequest(InvocableHandlerMethod.java:184)
	at org.springframework.web.servlet.mvc.method.annotation.ServletInvocableHandlerMethod.invokeAndHandle(ServletInvocableHandlerMethod.java:117)
	at org.springframework.web.servlet.mvc.method.annotation.RequestMappingHandlerAdapter.invokeHandlerMethod(RequestMappingHandlerAdapter.java:934)
	at org.springframework.web.servlet.mvc.method.annotation.RequestMappingHandlerAdapter.handleInternal(RequestMappingHandlerAdapter.java:853)
	at org.springframework.web.servlet.mvc.method.AbstractHandlerMethodAdapter.handle(AbstractHandlerMethodAdapter.java:86)
	at org.springframework.web.servlet.DispatcherServlet.doDispatch(DispatcherServlet.java:963)
	at org.springframework.web.servlet.DispatcherServlet.doService(DispatcherServlet.java:866)
	at org.springframework.web.servlet.FrameworkServlet.processRequest(FrameworkServlet.java:1000)
	at org.springframework.web.servlet.FrameworkServlet.doPost(FrameworkServlet.java:903)
	at jakarta.servlet.http.HttpServlet.service(HttpServlet.java:649)
	at org.springframework.web.servlet.FrameworkServlet.service(FrameworkServlet.java:874)
	at jakarta.servlet.http.HttpServlet.service(HttpServlet.java:710)
	at org.apache.catalina.core.ApplicationFilterChain.doFilter(ApplicationFilterChain.java:128)
	at org.apache.tomcat.websocket.server.WsFilter.doFilter(WsFilter.java:53)
	at org.apache.catalina.core.ApplicationFilterChain.doFilter(ApplicationFilterChain.java:107)
	at org.springframework.web.filter.OncePerRequestFilter.doFilter(OncePerRequestFilter.java:110)
	at org.apache.catalina.core.ApplicationFilterChain.doFilter(ApplicationFilterChain.java:107)
	at org.springframework.web.filter.CompositeFilter$VirtualFilterChain.doFilter(CompositeFilter.java:108)
	at org.springframework.security.web.FilterChainProxy.lambda$doFilterInternal$2(FilterChainProxy.java:235)
	at org.springframework.security.web.FilterChainProxy$VirtualFilterChain.doFilter(FilterChainProxy.java:376)
	at org.springframework.security.web.access.intercept.AuthorizationFilter.doFilter(AuthorizationFilter.java:101)
	at org.springframework.security.web.FilterChainProxy$VirtualFilterChain.doFilter(FilterChainProxy.java:385)
	at org.springframework.security.web.access.ExceptionTranslationFilter.doFilter(ExceptionTranslationFilter.java:126)
	at org.springframework.security.web.access.ExceptionTranslationFilter.doFilter(ExceptionTranslationFilter.java:120)
	at org.springframework.security.web.FilterChainProxy$VirtualFilterChain.doFilter(FilterChainProxy.java:385)
	at org.springframework.security.web.session.SessionManagementFilter.doFilter(SessionManagementFilter.java:132)
	at org.springframework.security.web.session.SessionManagementFilter.doFilter(SessionManagementFilter.java:86)
	at org.springframework.security.web.FilterChainProxy$VirtualFilterChain.doFilter(FilterChainProxy.java:385)
	at org.springframework.security.web.authentication.AnonymousAuthenticationFilter.doFilter(AnonymousAuthenticationFilter.java:100)
	at org.springframework.security.web.FilterChainProxy$VirtualFilterChain.doFilter(FilterChainProxy.java:385)
	at org.springframework.security.web.servletapi.SecurityContextHolderAwareRequestFilter.doFilter(SecurityContextHolderAwareRequestFilter.java:181)
	at org.springframework.security.web.FilterChainProxy$VirtualFilterChain.doFilter(FilterChainProxy.java:385)
	at org.springframework.security.web.savedrequest.RequestCacheAwareFilter.doFilter(RequestCacheAwareFilter.java:63)
	at org.springframework.security.web.FilterChainProxy$VirtualFilterChain.doFilter(FilterChainProxy.java:385)
	at com.internship.backend.security.JwtAuthenticationFilter.doFilterInternal(JwtAuthenticationFilter.java:88)
	at org.springframework.web.filter.OncePerRequestFilter.doFilter(OncePerRequestFilter.java:116)
	at org.springframework.security.web.FilterChainProxy$VirtualFilterChain.doFilter(FilterChainProxy.java:385)
	at org.springframework.security.web.authentication.logout.LogoutFilter.doFilter(LogoutFilter.java:110)
	at org.springframework.security.web.authentication.logout.LogoutFilter.doFilter(LogoutFilter.java:96)
	at org.springframework.security.web.FilterChainProxy$VirtualFilterChain.doFilter(FilterChainProxy.java:385)
	at org.springframework.web.filter.CorsFilter.doFilterInternal(CorsFilter.java:91)
	at org.springframework.web.filter.OncePerRequestFilter.doFilter(OncePerRequestFilter.java:116)
	at org.springframework.security.web.FilterChainProxy$VirtualFilterChain.doFilter(FilterChainProxy.java:385)
	at org.springframework.security.web.header.HeaderWriterFilter.doHeadersAfter(HeaderWriterFilter.java:90)
	at org.springframework.security.web.header.HeaderWriterFilter.doFilterInternal(HeaderWriterFilter.java:75)
	at org.springframework.web.filter.OncePerRequestFilter.doFilter(OncePerRequestFilter.java:116)
	at org.springframework.security.web.FilterChainProxy$VirtualFilterChain.doFilter(FilterChainProxy.java:385)
	at org.springframework.security.web.context.SecurityContextHolderFilter.doFilter(SecurityContextHolderFilter.java:82)
	at org.springframework.security.web.context.SecurityContextHolderFilter.doFilter(SecurityContextHolderFilter.java:69)
	at org.springframework.security.web.FilterChainProxy$VirtualFilterChain.doFilter(FilterChainProxy.java:385)
	at org.springframework.security.web.context.request.async.WebAsyncManagerIntegrationFilter.doFilterInternal(WebAsyncManagerIntegrationFilter.java:62)
	at org.springframework.web.filter.OncePerRequestFilter.doFilter(OncePerRequestFilter.java:116)
	at org.springframework.security.web.FilterChainProxy$VirtualFilterChain.doFilter(FilterChainProxy.java:385)
	at org.springframework.security.web.session.DisableEncodeUrlFilter.doFilterInternal(DisableEncodeUrlFilter.java:42)
	at org.springframework.web.filter.OncePerRequestFilter.doFilter(OncePerRequestFilter.java:116)
	at org.springframework.security.web.FilterChainProxy$VirtualFilterChain.doFilter(FilterChainProxy.java:385)
	at org.springframework.security.web.FilterChainProxy.doFilterInternal(FilterChainProxy.java:237)
	at org.springframework.security.web.FilterChainProxy.doFilter(FilterChainProxy.java:195)
	at org.springframework.web.filter.CompositeFilter$VirtualFilterChain.doFilter(CompositeFilter.java:113)
	at org.springframework.web.filter.ServletRequestPathFilter.doFilter(ServletRequestPathFilter.java:52)
	at org.springframework.web.filter.CompositeFilter$VirtualFilterChain.doFilter(CompositeFilter.java:113)
	at org.springframework.web.filter.CompositeFilter.doFilter(CompositeFilter.java:74)
	at org.springframework.security.config.annotation.web.configuration.WebSecurityConfiguration$CompositeFilterChainProxy.doFilter(WebSecurityConfiguration.java:317)
	at org.springframework.web.filter.DelegatingFilterProxy.invokeDelegate(DelegatingFilterProxy.java:355)
	at org.springframework.web.filter.DelegatingFilterProxy.doFilter(DelegatingFilterProxy.java:272)
	at org.apache.catalina.core.ApplicationFilterChain.doFilter(ApplicationFilterChain.java:107)
	at org.springframework.web.filter.RequestContextFilter.doFilterInternal(RequestContextFilter.java:100)
	at org.springframework.web.filter.OncePerRequestFilter.doFilter(OncePerRequestFilter.java:116)
	at org.apache.catalina.core.ApplicationFilterChain.doFilter(ApplicationFilterChain.java:107)
	at org.springframework.web.filter.FormContentFilter.doFilterInternal(FormContentFilter.java:93)
	at org.springframework.web.filter.OncePerRequestFilter.doFilter(OncePerRequestFilter.java:116)
	at org.apache.catalina.core.ApplicationFilterChain.doFilter(ApplicationFilterChain.java:107)
	at org.springframework.web.filter.CharacterEncodingFilter.doFilterInternal(CharacterEncodingFilter.java:199)
	at org.springframework.web.filter.OncePerRequestFilter.doFilter(OncePerRequestFilter.java:116)
	at org.apache.catalina.core.ApplicationFilterChain.doFilter(ApplicationFilterChain.java:107)
	at org.apache.catalina.core.StandardWrapperValve.invoke(StandardWrapperValve.java:165)
	at org.apache.catalina.core.StandardContextValve.invoke(StandardContextValve.java:77)
	at org.apache.catalina.authenticator.AuthenticatorBase.invoke(AuthenticatorBase.java:492)
	at org.apache.catalina.core.StandardHostValve.invoke(StandardHostValve.java:113)
	at org.apache.catalina.valves.ErrorReportValve.invoke(ErrorReportValve.java:83)
	at org.apache.catalina.core.StandardEngineValve.invoke(StandardEngineValve.java:72)
	at org.apache.catalina.connector.CoyoteAdapter.service(CoyoteAdapter.java:341)
	at org.apache.coyote.http11.Http11Processor.service(Http11Processor.java:397)
	at org.apache.coyote.AbstractProcessorLight.process(AbstractProcessorLight.java:63)
	at org.apache.coyote.AbstractProtocol$ConnectionHandler.process(AbstractProtocol.java:1272)
	at org.apache.tomcat.util.net.NioEndpoint$SocketProcessor.doRun(NioEndpoint.java:1801)
	at org.apache.tomcat.util.net.SocketProcessorBase.run(SocketProcessorBase.java:52)
	at org.apache.tomcat.util.threads.ThreadPoolExecutor.runWorker(ThreadPoolExecutor.java:946)
	at org.apache.tomcat.util.threads.ThreadPoolExecutor$Worker.run(ThreadPoolExecutor.java:480)
	at org.apache.tomcat.util.threads.TaskThread$WrappingRunnable.run(TaskThread.java:57)
	at java.base/java.lang.Thread.run(Thread.java:1474)
Caused by: org.springframework.security.core.userdetails.UsernameNotFoundException: User not found
	at com.internship.backend.security.SecurityConfig.lambda$userDetailsService$1(SecurityConfig.java:38)
	at java.base/java.util.Optional.orElseThrow(Optional.java:403)
	at com.internship.backend.security.SecurityConfig.lambda$userDetailsService$0(SecurityConfig.java:38)
	at org.springframework.security.authentication.dao.DaoAuthenticationProvider.retrieveUser(DaoAuthenticationProvider.java:106)
	at org.springframework.security.authentication.dao.AbstractUserDetailsAuthenticationProvider.authenticate(AbstractUserDetailsAuthenticationProvider.java:145)
	... 97 common frames omitted
2026-08-02 15:15:21 [http-nio-8080-exec-3] DEBUG c.i.b.s.JwtAuthenticationFilter - Processing request - Method: GET, Path: /api/tasks
2026-08-02 15:15:21 [http-nio-8080-exec-3] DEBUG c.i.b.s.JwtAuthenticationFilter - JWT token extracted from Authorization header for request: GET /api/tasks
2026-08-02 15:15:21 [http-nio-8080-exec-3] DEBUG c.i.backend.security.JwtService - Extracting username from JWT token
2026-08-02 15:15:21 [http-nio-8080-exec-3] DEBUG c.i.backend.security.JwtService - Extracting claim from JWT token
2026-08-02 15:15:21 [http-nio-8080-exec-3] DEBUG c.i.backend.security.JwtService - Retrieving signing key for JWT
2026-08-02 15:15:21 [http-nio-8080-exec-3] DEBUG c.i.backend.security.JwtService - Signing key retrieved successfully
2026-08-02 15:15:21 [http-nio-8080-exec-3] DEBUG c.i.backend.security.JwtService - Claims extracted successfully from JWT token
2026-08-02 15:15:21 [http-nio-8080-exec-3] DEBUG c.i.backend.security.JwtService - Username extracted successfully from JWT: ahmed
2026-08-02 15:15:21 [http-nio-8080-exec-3] DEBUG c.i.b.s.JwtAuthenticationFilter - Username extracted from JWT: ahmed
2026-08-02 15:15:21 [http-nio-8080-exec-3] DEBUG c.i.b.s.JwtAuthenticationFilter - Attempting to authenticate user: ahmed for request: GET /api/tasks
2026-08-02 15:15:21 [http-nio-8080-exec-3] WARN  c.i.b.s.JwtAuthenticationFilter - User details not found in database for username extracted from JWT: ahmed
2026-08-02 15:15:44 [http-nio-8080-exec-4] DEBUG c.i.b.s.JwtAuthenticationFilter - Processing request - Method: POST, Path: /api/auth/register
2026-08-02 15:15:44 [http-nio-8080-exec-4] DEBUG c.i.b.s.JwtAuthenticationFilter - No valid Authorization header found for request: POST /api/auth/register
2026-08-02 15:15:44 [http-nio-8080-exec-4] INFO  c.i.b.controller.AuthController - Processing registration request for username: ahmed
2026-08-02 15:15:44 [http-nio-8080-exec-4] DEBUG c.i.backend.service.AuthService - Starting registration process for username: ahmed
2026-08-02 15:15:44 [http-nio-8080-exec-4] DEBUG c.i.backend.service.AuthService - Username availability check passed for: ahmed
2026-08-02 15:15:44 [http-nio-8080-exec-4] DEBUG c.i.backend.service.AuthService - Encrypting password for username: ahmed
2026-08-02 15:15:44 [http-nio-8080-exec-4] DEBUG c.i.backend.service.AuthService - Saving user to database: ahmed
2026-08-02 15:15:44 [http-nio-8080-exec-4] INFO  c.i.backend.service.AuthService - User saved successfully to database: ahmed
2026-08-02 15:15:44 [http-nio-8080-exec-4] DEBUG c.i.backend.service.AuthService - Generating JWT token for username: ahmed
2026-08-02 15:15:44 [http-nio-8080-exec-4] DEBUG c.i.backend.security.JwtService - Generating JWT token for username: ahmed
2026-08-02 15:15:44 [http-nio-8080-exec-4] DEBUG c.i.backend.security.JwtService - Retrieving signing key for JWT
2026-08-02 15:15:44 [http-nio-8080-exec-4] DEBUG c.i.backend.security.JwtService - Signing key retrieved successfully
2026-08-02 15:15:44 [http-nio-8080-exec-4] INFO  c.i.backend.security.JwtService - JWT token generated successfully for username: ahmed - Expiration: Mon Aug 03 15:15:44 EEST 2026
2026-08-02 15:15:44 [http-nio-8080-exec-4] DEBUG c.i.backend.security.JwtService - JWT token length: 152 characters
2026-08-02 15:15:44 [http-nio-8080-exec-4] DEBUG c.i.backend.service.AuthService - JWT token generated successfully for username: ahmed
2026-08-02 15:15:44 [http-nio-8080-exec-4] INFO  c.i.backend.service.AuthService - Registration completed successfully for username: ahmed
2026-08-02 15:15:44 [http-nio-8080-exec-4] INFO  c.i.b.controller.AuthController - Registration successful for username: ahmed - Duration: 205ms
2026-08-02 15:15:51 [http-nio-8080-exec-8] DEBUG c.i.b.s.JwtAuthenticationFilter - Processing request - Method: POST, Path: /api/auth/login
2026-08-02 15:15:51 [http-nio-8080-exec-8] DEBUG c.i.b.s.JwtAuthenticationFilter - No valid Authorization header found for request: POST /api/auth/login
2026-08-02 15:15:51 [http-nio-8080-exec-8] INFO  c.i.b.controller.AuthController - Processing login request for username: ahmed
2026-08-02 15:15:51 [http-nio-8080-exec-8] DEBUG c.i.backend.service.AuthService - Starting login process for username: ahmed
2026-08-02 15:15:51 [http-nio-8080-exec-8] DEBUG c.i.backend.service.AuthService - Authenticating credentials for username: ahmed
2026-08-02 15:15:51 [http-nio-8080-exec-8] DEBUG c.i.backend.service.AuthService - Authentication successful for username: ahmed
2026-08-02 15:15:51 [http-nio-8080-exec-8] DEBUG c.i.backend.service.AuthService - Fetching user details from database for username: ahmed
2026-08-02 15:15:52 [http-nio-8080-exec-8] DEBUG c.i.backend.service.AuthService - User details fetched successfully for username: ahmed
2026-08-02 15:15:52 [http-nio-8080-exec-8] DEBUG c.i.backend.service.AuthService - Generating JWT token for login - username: ahmed
2026-08-02 15:15:52 [http-nio-8080-exec-8] DEBUG c.i.backend.security.JwtService - Generating JWT token for username: ahmed
2026-08-02 15:15:52 [http-nio-8080-exec-8] DEBUG c.i.backend.security.JwtService - Retrieving signing key for JWT
2026-08-02 15:15:52 [http-nio-8080-exec-8] DEBUG c.i.backend.security.JwtService - Signing key retrieved successfully
2026-08-02 15:15:52 [http-nio-8080-exec-8] INFO  c.i.backend.security.JwtService - JWT token generated successfully for username: ahmed - Expiration: Mon Aug 03 15:15:52 EEST 2026
2026-08-02 15:15:52 [http-nio-8080-exec-8] DEBUG c.i.backend.security.JwtService - JWT token length: 152 characters
2026-08-02 15:15:52 [http-nio-8080-exec-8] DEBUG c.i.backend.service.AuthService - JWT token generated successfully for login - username: ahmed
2026-08-02 15:15:52 [http-nio-8080-exec-8] INFO  c.i.backend.service.AuthService - Login completed successfully for username: ahmed
2026-08-02 15:15:52 [http-nio-8080-exec-8] INFO  c.i.b.controller.AuthController - Login successful for username: ahmed - Duration: 123ms
2026-08-02 15:15:52 [http-nio-8080-exec-10] DEBUG c.i.b.s.JwtAuthenticationFilter - Processing request - Method: GET, Path: /api/tasks
2026-08-02 15:15:52 [http-nio-8080-exec-10] DEBUG c.i.b.s.JwtAuthenticationFilter - JWT token extracted from Authorization header for request: GET /api/tasks
2026-08-02 15:15:52 [http-nio-8080-exec-10] DEBUG c.i.backend.security.JwtService - Extracting username from JWT token
2026-08-02 15:15:52 [http-nio-8080-exec-10] DEBUG c.i.backend.security.JwtService - Extracting claim from JWT token
2026-08-02 15:15:52 [http-nio-8080-exec-10] DEBUG c.i.backend.security.JwtService - Retrieving signing key for JWT
2026-08-02 15:15:52 [http-nio-8080-exec-10] DEBUG c.i.backend.security.JwtService - Signing key retrieved successfully
2026-08-02 15:15:52 [http-nio-8080-exec-10] DEBUG c.i.backend.security.JwtService - Claims extracted successfully from JWT token
2026-08-02 15:15:52 [http-nio-8080-exec-10] DEBUG c.i.backend.security.JwtService - Username extracted successfully from JWT: ahmed
2026-08-02 15:15:52 [http-nio-8080-exec-10] DEBUG c.i.b.s.JwtAuthenticationFilter - Username extracted from JWT: ahmed
2026-08-02 15:15:52 [http-nio-8080-exec-10] DEBUG c.i.b.s.JwtAuthenticationFilter - Attempting to authenticate user: ahmed for request: GET /api/tasks
2026-08-02 15:15:52 [http-nio-8080-exec-10] DEBUG c.i.b.s.JwtAuthenticationFilter - User details found for username: ahmed
2026-08-02 15:15:52 [http-nio-8080-exec-10] DEBUG c.i.backend.security.JwtService - Validating JWT token for username: ahmed
2026-08-02 15:15:52 [http-nio-8080-exec-10] DEBUG c.i.backend.security.JwtService - Extracting username from JWT token
2026-08-02 15:15:52 [http-nio-8080-exec-10] DEBUG c.i.backend.security.JwtService - Extracting claim from JWT token
2026-08-02 15:15:52 [http-nio-8080-exec-10] DEBUG c.i.backend.security.JwtService - Retrieving signing key for JWT
2026-08-02 15:15:52 [http-nio-8080-exec-10] DEBUG c.i.backend.security.JwtService - Signing key retrieved successfully
2026-08-02 15:15:52 [http-nio-8080-exec-10] DEBUG c.i.backend.security.JwtService - Claims extracted successfully from JWT token
2026-08-02 15:15:52 [http-nio-8080-exec-10] DEBUG c.i.backend.security.JwtService - Username extracted successfully from JWT: ahmed
2026-08-02 15:15:52 [http-nio-8080-exec-10] DEBUG c.i.backend.security.JwtService - Checking if JWT token is expired
2026-08-02 15:15:52 [http-nio-8080-exec-10] DEBUG c.i.backend.security.JwtService - Extracting expiration date from JWT token
2026-08-02 15:15:52 [http-nio-8080-exec-10] DEBUG c.i.backend.security.JwtService - Extracting claim from JWT token
2026-08-02 15:15:52 [http-nio-8080-exec-10] DEBUG c.i.backend.security.JwtService - Retrieving signing key for JWT
2026-08-02 15:15:52 [http-nio-8080-exec-10] DEBUG c.i.backend.security.JwtService - Signing key retrieved successfully
2026-08-02 15:15:52 [http-nio-8080-exec-10] DEBUG c.i.backend.security.JwtService - Claims extracted successfully from JWT token
2026-08-02 15:15:52 [http-nio-8080-exec-10] DEBUG c.i.backend.security.JwtService - Expiration date extracted: Mon Aug 03 15:15:52 EEST 2026
2026-08-02 15:15:52 [http-nio-8080-exec-10] DEBUG c.i.backend.security.JwtService - Token expiration check - Expiration Date: Mon Aug 03 15:15:52 EEST 2026, Current Date: Sun Aug 02 15:15:52 EEST 2026, Is Expired: false
2026-08-02 15:15:52 [http-nio-8080-exec-10] DEBUG c.i.backend.security.JwtService - Token validation details - Username: ahmed, Username Match: true, Is Expired: false
2026-08-02 15:15:52 [http-nio-8080-exec-10] DEBUG c.i.backend.security.JwtService - JWT token validation successful for username: ahmed
2026-08-02 15:15:52 [http-nio-8080-exec-10] DEBUG c.i.b.s.JwtAuthenticationFilter - JWT token validation successful for user: ahmed
2026-08-02 15:15:52 [http-nio-8080-exec-10] INFO  c.i.b.s.JwtAuthenticationFilter - User authenticated successfully - Username: ahmed, Request: GET /api/tasks
2026-08-02 15:15:52 [http-nio-8080-exec-10] INFO  c.i.b.controller.TaskController - Fetching tasks for user: ahmed - Status filter: null, Priority filter: null
2026-08-02 15:15:52 [http-nio-8080-exec-10] DEBUG c.i.backend.service.TaskService - Fetching tasks for user: ahmed - Status filter: null, Priority filter: null
2026-08-02 15:15:52 [http-nio-8080-exec-10] DEBUG c.i.backend.service.TaskService - Querying all tasks for user: ahmed
2026-08-02 15:15:52 [http-nio-8080-exec-10] INFO  c.i.backend.service.TaskService - Retrieved 0 tasks for user: ahmed
2026-08-02 15:15:52 [http-nio-8080-exec-10] DEBUG c.i.backend.service.TaskService - Converted 0 tasks to response DTOs for user: ahmed
2026-08-02 15:15:52 [http-nio-8080-exec-10] INFO  c.i.b.controller.TaskController - Tasks fetched successfully for user: ahmed - Count: 0 - Duration: 23ms
2026-08-02 15:16:38 [http-nio-8080-exec-1] DEBUG c.i.b.s.JwtAuthenticationFilter - Processing request - Method: GET, Path: /api/tasks/null
2026-08-02 15:16:38 [http-nio-8080-exec-1] DEBUG c.i.b.s.JwtAuthenticationFilter - JWT token extracted from Authorization header for request: GET /api/tasks/null
2026-08-02 15:16:38 [http-nio-8080-exec-1] DEBUG c.i.backend.security.JwtService - Extracting username from JWT token
2026-08-02 15:16:38 [http-nio-8080-exec-1] DEBUG c.i.backend.security.JwtService - Extracting claim from JWT token
2026-08-02 15:16:38 [http-nio-8080-exec-1] DEBUG c.i.backend.security.JwtService - Retrieving signing key for JWT
2026-08-02 15:16:38 [http-nio-8080-exec-1] DEBUG c.i.backend.security.JwtService - Signing key retrieved successfully
2026-08-02 15:16:38 [http-nio-8080-exec-1] DEBUG c.i.backend.security.JwtService - Claims extracted successfully from JWT token
2026-08-02 15:16:38 [http-nio-8080-exec-1] DEBUG c.i.backend.security.JwtService - Username extracted successfully from JWT: ahmed
2026-08-02 15:16:38 [http-nio-8080-exec-1] DEBUG c.i.b.s.JwtAuthenticationFilter - Username extracted from JWT: ahmed
2026-08-02 15:16:38 [http-nio-8080-exec-1] DEBUG c.i.b.s.JwtAuthenticationFilter - Attempting to authenticate user: ahmed for request: GET /api/tasks/null
2026-08-02 15:16:38 [http-nio-8080-exec-1] DEBUG c.i.b.s.JwtAuthenticationFilter - User details found for username: ahmed
2026-08-02 15:16:38 [http-nio-8080-exec-1] DEBUG c.i.backend.security.JwtService - Validating JWT token for username: ahmed
2026-08-02 15:16:38 [http-nio-8080-exec-1] DEBUG c.i.backend.security.JwtService - Extracting username from JWT token
2026-08-02 15:16:38 [http-nio-8080-exec-1] DEBUG c.i.backend.security.JwtService - Extracting claim from JWT token
2026-08-02 15:16:38 [http-nio-8080-exec-1] DEBUG c.i.backend.security.JwtService - Retrieving signing key for JWT
2026-08-02 15:16:38 [http-nio-8080-exec-1] DEBUG c.i.backend.security.JwtService - Signing key retrieved successfully
2026-08-02 15:16:38 [http-nio-8080-exec-1] DEBUG c.i.backend.security.JwtService - Claims extracted successfully from JWT token
2026-08-02 15:16:38 [http-nio-8080-exec-1] DEBUG c.i.backend.security.JwtService - Username extracted successfully from JWT: ahmed
2026-08-02 15:16:38 [http-nio-8080-exec-1] DEBUG c.i.backend.security.JwtService - Checking if JWT token is expired
2026-08-02 15:16:38 [http-nio-8080-exec-1] DEBUG c.i.backend.security.JwtService - Extracting expiration date from JWT token
2026-08-02 15:16:38 [http-nio-8080-exec-1] DEBUG c.i.backend.security.JwtService - Extracting claim from JWT token
2026-08-02 15:16:38 [http-nio-8080-exec-1] DEBUG c.i.backend.security.JwtService - Retrieving signing key for JWT
2026-08-02 15:16:38 [http-nio-8080-exec-1] DEBUG c.i.backend.security.JwtService - Signing key retrieved successfully
2026-08-02 15:16:38 [http-nio-8080-exec-1] DEBUG c.i.backend.security.JwtService - Claims extracted successfully from JWT token
2026-08-02 15:16:38 [http-nio-8080-exec-1] DEBUG c.i.backend.security.JwtService - Expiration date extracted: Mon Aug 03 15:15:52 EEST 2026
2026-08-02 15:16:38 [http-nio-8080-exec-1] DEBUG c.i.backend.security.JwtService - Token expiration check - Expiration Date: Mon Aug 03 15:15:52 EEST 2026, Current Date: Sun Aug 02 15:16:38 EEST 2026, Is Expired: false
2026-08-02 15:16:38 [http-nio-8080-exec-1] DEBUG c.i.backend.security.JwtService - Token validation details - Username: ahmed, Username Match: true, Is Expired: false
2026-08-02 15:16:38 [http-nio-8080-exec-1] DEBUG c.i.backend.security.JwtService - JWT token validation successful for username: ahmed
2026-08-02 15:16:38 [http-nio-8080-exec-1] DEBUG c.i.b.s.JwtAuthenticationFilter - JWT token validation successful for user: ahmed
2026-08-02 15:16:38 [http-nio-8080-exec-1] INFO  c.i.b.s.JwtAuthenticationFilter - User authenticated successfully - Username: ahmed, Request: GET /api/tasks/null
2026-08-02 15:16:38 [http-nio-8080-exec-1] WARN  o.s.w.s.m.s.DefaultHandlerExceptionResolver - Resolved [org.springframework.web.method.annotation.MethodArgumentTypeMismatchException: Method parameter 'id': Failed to convert value of type 'java.lang.String' to required type 'java.lang.Long'; For input string: "null"]
2026-08-02 15:17:07 [http-nio-8080-exec-9] DEBUG c.i.b.s.JwtAuthenticationFilter - Processing request - Method: POST, Path: /api/auth/login
2026-08-02 15:17:07 [http-nio-8080-exec-9] DEBUG c.i.b.s.JwtAuthenticationFilter - No valid Authorization header found for request: POST /api/auth/login
2026-08-02 15:17:07 [http-nio-8080-exec-9] INFO  c.i.b.controller.AuthController - Processing login request for username: ahmed
2026-08-02 15:17:07 [http-nio-8080-exec-9] DEBUG c.i.backend.service.AuthService - Starting login process for username: ahmed
2026-08-02 15:17:07 [http-nio-8080-exec-9] DEBUG c.i.backend.service.AuthService - Authenticating credentials for username: ahmed
2026-08-02 15:17:07 [http-nio-8080-exec-9] DEBUG c.i.backend.service.AuthService - Authentication successful for username: ahmed
2026-08-02 15:17:07 [http-nio-8080-exec-9] DEBUG c.i.backend.service.AuthService - Fetching user details from database for username: ahmed
2026-08-02 15:17:07 [http-nio-8080-exec-9] DEBUG c.i.backend.service.AuthService - User details fetched successfully for username: ahmed
2026-08-02 15:17:07 [http-nio-8080-exec-9] DEBUG c.i.backend.service.AuthService - Generating JWT token for login - username: ahmed
2026-08-02 15:17:07 [http-nio-8080-exec-9] DEBUG c.i.backend.security.JwtService - Generating JWT token for username: ahmed
2026-08-02 15:17:07 [http-nio-8080-exec-9] DEBUG c.i.backend.security.JwtService - Retrieving signing key for JWT
2026-08-02 15:17:07 [http-nio-8080-exec-9] DEBUG c.i.backend.security.JwtService - Signing key retrieved successfully
2026-08-02 15:17:07 [http-nio-8080-exec-9] INFO  c.i.backend.security.JwtService - JWT token generated successfully for username: ahmed - Expiration: Mon Aug 03 15:17:07 EEST 2026
2026-08-02 15:17:07 [http-nio-8080-exec-9] DEBUG c.i.backend.security.JwtService - JWT token length: 152 characters
2026-08-02 15:17:07 [http-nio-8080-exec-9] DEBUG c.i.backend.service.AuthService - JWT token generated successfully for login - username: ahmed
2026-08-02 15:17:07 [http-nio-8080-exec-9] INFO  c.i.backend.service.AuthService - Login completed successfully for username: ahmed
2026-08-02 15:17:07 [http-nio-8080-exec-9] INFO  c.i.b.controller.AuthController - Login successful for username: ahmed - Duration: 103ms
2026-08-02 15:17:07 [http-nio-8080-exec-5] DEBUG c.i.b.s.JwtAuthenticationFilter - Processing request - Method: GET, Path: /api/tasks
2026-08-02 15:17:07 [http-nio-8080-exec-5] DEBUG c.i.b.s.JwtAuthenticationFilter - JWT token extracted from Authorization header for request: GET /api/tasks
2026-08-02 15:17:07 [http-nio-8080-exec-5] DEBUG c.i.backend.security.JwtService - Extracting username from JWT token
2026-08-02 15:17:07 [http-nio-8080-exec-5] DEBUG c.i.backend.security.JwtService - Extracting claim from JWT token
2026-08-02 15:17:07 [http-nio-8080-exec-5] DEBUG c.i.backend.security.JwtService - Retrieving signing key for JWT
2026-08-02 15:17:07 [http-nio-8080-exec-5] DEBUG c.i.backend.security.JwtService - Signing key retrieved successfully
2026-08-02 15:17:07 [http-nio-8080-exec-5] DEBUG c.i.backend.security.JwtService - Claims extracted successfully from JWT token
2026-08-02 15:17:07 [http-nio-8080-exec-5] DEBUG c.i.backend.security.JwtService - Username extracted successfully from JWT: ahmed
2026-08-02 15:17:07 [http-nio-8080-exec-5] DEBUG c.i.b.s.JwtAuthenticationFilter - Username extracted from JWT: ahmed
2026-08-02 15:17:07 [http-nio-8080-exec-5] DEBUG c.i.b.s.JwtAuthenticationFilter - Attempting to authenticate user: ahmed for request: GET /api/tasks
2026-08-02 15:17:07 [http-nio-8080-exec-5] DEBUG c.i.b.s.JwtAuthenticationFilter - User details found for username: ahmed
2026-08-02 15:17:07 [http-nio-8080-exec-5] DEBUG c.i.backend.security.JwtService - Validating JWT token for username: ahmed
2026-08-02 15:17:07 [http-nio-8080-exec-5] DEBUG c.i.backend.security.JwtService - Extracting username from JWT token
2026-08-02 15:17:07 [http-nio-8080-exec-5] DEBUG c.i.backend.security.JwtService - Extracting claim from JWT token
2026-08-02 15:17:07 [http-nio-8080-exec-5] DEBUG c.i.backend.security.JwtService - Retrieving signing key for JWT
2026-08-02 15:17:07 [http-nio-8080-exec-5] DEBUG c.i.backend.security.JwtService - Signing key retrieved successfully
2026-08-02 15:17:07 [http-nio-8080-exec-5] DEBUG c.i.backend.security.JwtService - Claims extracted successfully from JWT token
2026-08-02 15:17:07 [http-nio-8080-exec-5] DEBUG c.i.backend.security.JwtService - Username extracted successfully from JWT: ahmed
2026-08-02 15:17:07 [http-nio-8080-exec-5] DEBUG c.i.backend.security.JwtService - Checking if JWT token is expired
2026-08-02 15:17:07 [http-nio-8080-exec-5] DEBUG c.i.backend.security.JwtService - Extracting expiration date from JWT token
2026-08-02 15:17:07 [http-nio-8080-exec-5] DEBUG c.i.backend.security.JwtService - Extracting claim from JWT token
2026-08-02 15:17:07 [http-nio-8080-exec-5] DEBUG c.i.backend.security.JwtService - Retrieving signing key for JWT
2026-08-02 15:17:07 [http-nio-8080-exec-5] DEBUG c.i.backend.security.JwtService - Signing key retrieved successfully
2026-08-02 15:17:07 [http-nio-8080-exec-5] DEBUG c.i.backend.security.JwtService - Claims extracted successfully from JWT token
2026-08-02 15:17:07 [http-nio-8080-exec-5] DEBUG c.i.backend.security.JwtService - Expiration date extracted: Mon Aug 03 15:17:07 EEST 2026
2026-08-02 15:17:07 [http-nio-8080-exec-5] DEBUG c.i.backend.security.JwtService - Token expiration check - Expiration Date: Mon Aug 03 15:17:07 EEST 2026, Current Date: Sun Aug 02 15:17:07 EEST 2026, Is Expired: false
2026-08-02 15:17:07 [http-nio-8080-exec-5] DEBUG c.i.backend.security.JwtService - Token validation details - Username: ahmed, Username Match: true, Is Expired: false
2026-08-02 15:17:07 [http-nio-8080-exec-5] DEBUG c.i.backend.security.JwtService - JWT token validation successful for username: ahmed
2026-08-02 15:17:07 [http-nio-8080-exec-5] DEBUG c.i.b.s.JwtAuthenticationFilter - JWT token validation successful for user: ahmed
2026-08-02 15:17:07 [http-nio-8080-exec-5] INFO  c.i.b.s.JwtAuthenticationFilter - User authenticated successfully - Username: ahmed, Request: GET /api/tasks
2026-08-02 15:17:07 [http-nio-8080-exec-5] INFO  c.i.b.controller.TaskController - Fetching tasks for user: ahmed - Status filter: null, Priority filter: null
2026-08-02 15:17:07 [http-nio-8080-exec-5] DEBUG c.i.backend.service.TaskService - Fetching tasks for user: ahmed - Status filter: null, Priority filter: null
2026-08-02 15:17:07 [http-nio-8080-exec-5] DEBUG c.i.backend.service.TaskService - Querying all tasks for user: ahmed
2026-08-02 15:17:07 [http-nio-8080-exec-5] INFO  c.i.backend.service.TaskService - Retrieved 0 tasks for user: ahmed
2026-08-02 15:17:07 [http-nio-8080-exec-5] DEBUG c.i.backend.service.TaskService - Converted 0 tasks to response DTOs for user: ahmed
2026-08-02 15:17:07 [http-nio-8080-exec-5] INFO  c.i.b.controller.TaskController - Tasks fetched successfully for user: ahmed - Count: 0 - Duration: 15ms
2026-08-02 15:17:17 [http-nio-8080-exec-6] DEBUG c.i.b.s.JwtAuthenticationFilter - Processing request - Method: POST, Path: /api/auth/login
2026-08-02 15:17:17 [http-nio-8080-exec-6] DEBUG c.i.b.s.JwtAuthenticationFilter - No valid Authorization header found for request: POST /api/auth/login
2026-08-02 15:17:17 [http-nio-8080-exec-6] INFO  c.i.b.controller.AuthController - Processing login request for username: anwer
2026-08-02 15:17:17 [http-nio-8080-exec-6] DEBUG c.i.backend.service.AuthService - Starting login process for username: anwer
2026-08-02 15:17:17 [http-nio-8080-exec-6] DEBUG c.i.backend.service.AuthService - Authenticating credentials for username: anwer
2026-08-02 15:17:17 [http-nio-8080-exec-6] WARN  c.i.backend.service.AuthService - Authentication failed for username: anwer - Error: Bad credentials
2026-08-02 15:17:17 [http-nio-8080-exec-6] ERROR c.i.b.controller.AuthController - Unexpected error during login for username: anwer - Duration: 94ms
org.springframework.security.authentication.BadCredentialsException: Bad credentials
	at org.springframework.security.authentication.dao.AbstractUserDetailsAuthenticationProvider.authenticate(AbstractUserDetailsAuthenticationProvider.java:154)
	at org.springframework.security.authentication.ProviderManager.authenticate(ProviderManager.java:183)
	at com.internship.backend.service.AuthService.login(AuthService.java:66)
	at com.internship.backend.controller.AuthController.login(AuthController.java:51)
	at java.base/jdk.internal.reflect.DirectMethodHandleAccessor.invoke(DirectMethodHandleAccessor.java:104)
	at java.base/java.lang.reflect.Method.invoke(Method.java:565)
	at org.springframework.web.method.support.InvocableHandlerMethod.doInvoke(InvocableHandlerMethod.java:252)
	at org.springframework.web.method.support.InvocableHandlerMethod.invokeForRequest(InvocableHandlerMethod.java:184)
	at org.springframework.web.servlet.mvc.method.annotation.ServletInvocableHandlerMethod.invokeAndHandle(ServletInvocableHandlerMethod.java:117)
	at org.springframework.web.servlet.mvc.method.annotation.RequestMappingHandlerAdapter.invokeHandlerMethod(RequestMappingHandlerAdapter.java:934)
	at org.springframework.web.servlet.mvc.method.annotation.RequestMappingHandlerAdapter.handleInternal(RequestMappingHandlerAdapter.java:853)
	at org.springframework.web.servlet.mvc.method.AbstractHandlerMethodAdapter.handle(AbstractHandlerMethodAdapter.java:86)
	at org.springframework.web.servlet.DispatcherServlet.doDispatch(DispatcherServlet.java:963)
	at org.springframework.web.servlet.DispatcherServlet.doService(DispatcherServlet.java:866)
	at org.springframework.web.servlet.FrameworkServlet.processRequest(FrameworkServlet.java:1000)
	at org.springframework.web.servlet.FrameworkServlet.doPost(FrameworkServlet.java:903)
	at jakarta.servlet.http.HttpServlet.service(HttpServlet.java:649)
	at org.springframework.web.servlet.FrameworkServlet.service(FrameworkServlet.java:874)
	at jakarta.servlet.http.HttpServlet.service(HttpServlet.java:710)
	at org.apache.catalina.core.ApplicationFilterChain.doFilter(ApplicationFilterChain.java:128)
	at org.apache.tomcat.websocket.server.WsFilter.doFilter(WsFilter.java:53)
	at org.apache.catalina.core.ApplicationFilterChain.doFilter(ApplicationFilterChain.java:107)
	at org.springframework.web.filter.OncePerRequestFilter.doFilter(OncePerRequestFilter.java:110)
	at org.apache.catalina.core.ApplicationFilterChain.doFilter(ApplicationFilterChain.java:107)
	at org.springframework.web.filter.CompositeFilter$VirtualFilterChain.doFilter(CompositeFilter.java:108)
	at org.springframework.security.web.FilterChainProxy.lambda$doFilterInternal$2(FilterChainProxy.java:235)
	at org.springframework.security.web.FilterChainProxy$VirtualFilterChain.doFilter(FilterChainProxy.java:376)
	at org.springframework.security.web.access.intercept.AuthorizationFilter.doFilter(AuthorizationFilter.java:101)
	at org.springframework.security.web.FilterChainProxy$VirtualFilterChain.doFilter(FilterChainProxy.java:385)
	at org.springframework.security.web.access.ExceptionTranslationFilter.doFilter(ExceptionTranslationFilter.java:126)
	at org.springframework.security.web.access.ExceptionTranslationFilter.doFilter(ExceptionTranslationFilter.java:120)
	at org.springframework.security.web.FilterChainProxy$VirtualFilterChain.doFilter(FilterChainProxy.java:385)
	at org.springframework.security.web.session.SessionManagementFilter.doFilter(SessionManagementFilter.java:132)
	at org.springframework.security.web.session.SessionManagementFilter.doFilter(SessionManagementFilter.java:86)
	at org.springframework.security.web.FilterChainProxy$VirtualFilterChain.doFilter(FilterChainProxy.java:385)
	at org.springframework.security.web.authentication.AnonymousAuthenticationFilter.doFilter(AnonymousAuthenticationFilter.java:100)
	at org.springframework.security.web.FilterChainProxy$VirtualFilterChain.doFilter(FilterChainProxy.java:385)
	at org.springframework.security.web.servletapi.SecurityContextHolderAwareRequestFilter.doFilter(SecurityContextHolderAwareRequestFilter.java:181)
	at org.springframework.security.web.FilterChainProxy$VirtualFilterChain.doFilter(FilterChainProxy.java:385)
	at org.springframework.security.web.savedrequest.RequestCacheAwareFilter.doFilter(RequestCacheAwareFilter.java:63)
	at org.springframework.security.web.FilterChainProxy$VirtualFilterChain.doFilter(FilterChainProxy.java:385)
	at com.internship.backend.security.JwtAuthenticationFilter.doFilterInternal(JwtAuthenticationFilter.java:45)
	at org.springframework.web.filter.OncePerRequestFilter.doFilter(OncePerRequestFilter.java:116)
	at org.springframework.security.web.FilterChainProxy$VirtualFilterChain.doFilter(FilterChainProxy.java:385)
	at org.springframework.security.web.authentication.logout.LogoutFilter.doFilter(LogoutFilter.java:110)
	at org.springframework.security.web.authentication.logout.LogoutFilter.doFilter(LogoutFilter.java:96)
	at org.springframework.security.web.FilterChainProxy$VirtualFilterChain.doFilter(FilterChainProxy.java:385)
	at org.springframework.web.filter.CorsFilter.doFilterInternal(CorsFilter.java:91)
	at org.springframework.web.filter.OncePerRequestFilter.doFilter(OncePerRequestFilter.java:116)
	at org.springframework.security.web.FilterChainProxy$VirtualFilterChain.doFilter(FilterChainProxy.java:385)
	at org.springframework.security.web.header.HeaderWriterFilter.doHeadersAfter(HeaderWriterFilter.java:90)
	at org.springframework.security.web.header.HeaderWriterFilter.doFilterInternal(HeaderWriterFilter.java:75)
	at org.springframework.web.filter.OncePerRequestFilter.doFilter(OncePerRequestFilter.java:116)
	at org.springframework.security.web.FilterChainProxy$VirtualFilterChain.doFilter(FilterChainProxy.java:385)
	at org.springframework.security.web.context.SecurityContextHolderFilter.doFilter(SecurityContextHolderFilter.java:82)
	at org.springframework.security.web.context.SecurityContextHolderFilter.doFilter(SecurityContextHolderFilter.java:69)
	at org.springframework.security.web.FilterChainProxy$VirtualFilterChain.doFilter(FilterChainProxy.java:385)
	at org.springframework.security.web.context.request.async.WebAsyncManagerIntegrationFilter.doFilterInternal(WebAsyncManagerIntegrationFilter.java:62)
	at org.springframework.web.filter.OncePerRequestFilter.doFilter(OncePerRequestFilter.java:116)
	at org.springframework.security.web.FilterChainProxy$VirtualFilterChain.doFilter(FilterChainProxy.java:385)
	at org.springframework.security.web.session.DisableEncodeUrlFilter.doFilterInternal(DisableEncodeUrlFilter.java:42)
	at org.springframework.web.filter.OncePerRequestFilter.doFilter(OncePerRequestFilter.java:116)
	at org.springframework.security.web.FilterChainProxy$VirtualFilterChain.doFilter(FilterChainProxy.java:385)
	at org.springframework.security.web.FilterChainProxy.doFilterInternal(FilterChainProxy.java:237)
	at org.springframework.security.web.FilterChainProxy.doFilter(FilterChainProxy.java:195)
	at org.springframework.web.filter.CompositeFilter$VirtualFilterChain.doFilter(CompositeFilter.java:113)
	at org.springframework.web.filter.ServletRequestPathFilter.doFilter(ServletRequestPathFilter.java:52)
	at org.springframework.web.filter.CompositeFilter$VirtualFilterChain.doFilter(CompositeFilter.java:113)
	at org.springframework.web.filter.CompositeFilter.doFilter(CompositeFilter.java:74)
	at org.springframework.security.config.annotation.web.configuration.WebSecurityConfiguration$CompositeFilterChainProxy.doFilter(WebSecurityConfiguration.java:317)
	at org.springframework.web.filter.DelegatingFilterProxy.invokeDelegate(DelegatingFilterProxy.java:355)
	at org.springframework.web.filter.DelegatingFilterProxy.doFilter(DelegatingFilterProxy.java:272)
	at org.apache.catalina.core.ApplicationFilterChain.doFilter(ApplicationFilterChain.java:107)
	at org.springframework.web.filter.RequestContextFilter.doFilterInternal(RequestContextFilter.java:100)
	at org.springframework.web.filter.OncePerRequestFilter.doFilter(OncePerRequestFilter.java:116)
	at org.apache.catalina.core.ApplicationFilterChain.doFilter(ApplicationFilterChain.java:107)
	at org.springframework.web.filter.FormContentFilter.doFilterInternal(FormContentFilter.java:93)
	at org.springframework.web.filter.OncePerRequestFilter.doFilter(OncePerRequestFilter.java:116)
	at org.apache.catalina.core.ApplicationFilterChain.doFilter(ApplicationFilterChain.java:107)
	at org.springframework.web.filter.CharacterEncodingFilter.doFilterInternal(CharacterEncodingFilter.java:199)
	at org.springframework.web.filter.OncePerRequestFilter.doFilter(OncePerRequestFilter.java:116)
	at org.apache.catalina.core.ApplicationFilterChain.doFilter(ApplicationFilterChain.java:107)
	at org.apache.catalina.core.StandardWrapperValve.invoke(StandardWrapperValve.java:165)
	at org.apache.catalina.core.StandardContextValve.invoke(StandardContextValve.java:77)
	at org.apache.catalina.authenticator.AuthenticatorBase.invoke(AuthenticatorBase.java:492)
	at org.apache.catalina.core.StandardHostValve.invoke(StandardHostValve.java:113)
	at org.apache.catalina.valves.ErrorReportValve.invoke(ErrorReportValve.java:83)
	at org.apache.catalina.core.StandardEngineValve.invoke(StandardEngineValve.java:72)
	at org.apache.catalina.connector.CoyoteAdapter.service(CoyoteAdapter.java:341)
	at org.apache.coyote.http11.Http11Processor.service(Http11Processor.java:397)
	at org.apache.coyote.AbstractProcessorLight.process(AbstractProcessorLight.java:63)
	at org.apache.coyote.AbstractProtocol$ConnectionHandler.process(AbstractProtocol.java:1272)
	at org.apache.tomcat.util.net.NioEndpoint$SocketProcessor.doRun(NioEndpoint.java:1801)
	at org.apache.tomcat.util.net.SocketProcessorBase.run(SocketProcessorBase.java:52)
	at org.apache.tomcat.util.threads.ThreadPoolExecutor.runWorker(ThreadPoolExecutor.java:946)
	at org.apache.tomcat.util.threads.ThreadPoolExecutor$Worker.run(ThreadPoolExecutor.java:480)
	at org.apache.tomcat.util.threads.TaskThread$WrappingRunnable.run(TaskThread.java:57)
	at java.base/java.lang.Thread.run(Thread.java:1474)
Caused by: org.springframework.security.core.userdetails.UsernameNotFoundException: User not found
	at com.internship.backend.security.SecurityConfig.lambda$userDetailsService$1(SecurityConfig.java:38)
	at java.base/java.util.Optional.orElseThrow(Optional.java:403)
	at com.internship.backend.security.SecurityConfig.lambda$userDetailsService$0(SecurityConfig.java:38)
	at org.springframework.security.authentication.dao.DaoAuthenticationProvider.retrieveUser(DaoAuthenticationProvider.java:106)
	at org.springframework.security.authentication.dao.AbstractUserDetailsAuthenticationProvider.authenticate(AbstractUserDetailsAuthenticationProvider.java:145)
	... 97 common frames omitted
2026-08-02 15:17:52 [http-nio-8080-exec-2] DEBUG c.i.b.s.JwtAuthenticationFilter - Processing request - Method: POST, Path: /api/auth/register
2026-08-02 15:17:52 [http-nio-8080-exec-2] DEBUG c.i.b.s.JwtAuthenticationFilter - No valid Authorization header found for request: POST /api/auth/register
2026-08-02 15:17:52 [http-nio-8080-exec-2] INFO  c.i.b.controller.AuthController - Processing registration request for username: anwer
2026-08-02 15:17:52 [http-nio-8080-exec-2] DEBUG c.i.backend.service.AuthService - Starting registration process for username: anwer
2026-08-02 15:17:52 [http-nio-8080-exec-2] DEBUG c.i.backend.service.AuthService - Username availability check passed for: anwer
2026-08-02 15:17:52 [http-nio-8080-exec-2] DEBUG c.i.backend.service.AuthService - Encrypting password for username: anwer
2026-08-02 15:17:52 [http-nio-8080-exec-2] DEBUG c.i.backend.service.AuthService - Saving user to database: anwer
2026-08-02 15:17:52 [http-nio-8080-exec-2] INFO  c.i.backend.service.AuthService - User saved successfully to database: anwer
2026-08-02 15:17:52 [http-nio-8080-exec-2] DEBUG c.i.backend.service.AuthService - Generating JWT token for username: anwer
2026-08-02 15:17:52 [http-nio-8080-exec-2] DEBUG c.i.backend.security.JwtService - Generating JWT token for username: anwer
2026-08-02 15:17:52 [http-nio-8080-exec-2] DEBUG c.i.backend.security.JwtService - Retrieving signing key for JWT
2026-08-02 15:17:52 [http-nio-8080-exec-2] DEBUG c.i.backend.security.JwtService - Signing key retrieved successfully
2026-08-02 15:17:52 [http-nio-8080-exec-2] INFO  c.i.backend.security.JwtService - JWT token generated successfully for username: anwer - Expiration: Mon Aug 03 15:17:52 EEST 2026
2026-08-02 15:17:52 [http-nio-8080-exec-2] DEBUG c.i.backend.security.JwtService - JWT token length: 152 characters
2026-08-02 15:17:52 [http-nio-8080-exec-2] DEBUG c.i.backend.service.AuthService - JWT token generated successfully for username: anwer
2026-08-02 15:17:52 [http-nio-8080-exec-2] INFO  c.i.backend.service.AuthService - Registration completed successfully for username: anwer
2026-08-02 15:17:52 [http-nio-8080-exec-2] INFO  c.i.b.controller.AuthController - Registration successful for username: anwer - Duration: 114ms
2026-08-02 15:17:59 [http-nio-8080-exec-3] DEBUG c.i.b.s.JwtAuthenticationFilter - Processing request - Method: POST, Path: /api/auth/login
2026-08-02 15:17:59 [http-nio-8080-exec-3] DEBUG c.i.b.s.JwtAuthenticationFilter - No valid Authorization header found for request: POST /api/auth/login
2026-08-02 15:17:59 [http-nio-8080-exec-3] INFO  c.i.b.controller.AuthController - Processing login request for username: anwer
2026-08-02 15:17:59 [http-nio-8080-exec-3] DEBUG c.i.backend.service.AuthService - Starting login process for username: anwer
2026-08-02 15:17:59 [http-nio-8080-exec-3] DEBUG c.i.backend.service.AuthService - Authenticating credentials for username: anwer
2026-08-02 15:17:59 [http-nio-8080-exec-3] DEBUG c.i.backend.service.AuthService - Authentication successful for username: anwer
2026-08-02 15:17:59 [http-nio-8080-exec-3] DEBUG c.i.backend.service.AuthService - Fetching user details from database for username: anwer
2026-08-02 15:17:59 [http-nio-8080-exec-3] DEBUG c.i.backend.service.AuthService - User details fetched successfully for username: anwer
2026-08-02 15:17:59 [http-nio-8080-exec-3] DEBUG c.i.backend.service.AuthService - Generating JWT token for login - username: anwer
2026-08-02 15:17:59 [http-nio-8080-exec-3] DEBUG c.i.backend.security.JwtService - Generating JWT token for username: anwer
2026-08-02 15:17:59 [http-nio-8080-exec-3] DEBUG c.i.backend.security.JwtService - Retrieving signing key for JWT
2026-08-02 15:17:59 [http-nio-8080-exec-3] DEBUG c.i.backend.security.JwtService - Signing key retrieved successfully
2026-08-02 15:17:59 [http-nio-8080-exec-3] INFO  c.i.backend.security.JwtService - JWT token generated successfully for username: anwer - Expiration: Mon Aug 03 15:17:59 EEST 2026
2026-08-02 15:17:59 [http-nio-8080-exec-3] DEBUG c.i.backend.security.JwtService - JWT token length: 152 characters
2026-08-02 15:17:59 [http-nio-8080-exec-3] DEBUG c.i.backend.service.AuthService - JWT token generated successfully for login - username: anwer
2026-08-02 15:17:59 [http-nio-8080-exec-3] INFO  c.i.backend.service.AuthService - Login completed successfully for username: anwer
2026-08-02 15:17:59 [http-nio-8080-exec-3] INFO  c.i.b.controller.AuthController - Login successful for username: anwer - Duration: 109ms
2026-08-02 15:17:59 [http-nio-8080-exec-7] DEBUG c.i.b.s.JwtAuthenticationFilter - Processing request - Method: GET, Path: /api/tasks
2026-08-02 15:17:59 [http-nio-8080-exec-7] DEBUG c.i.b.s.JwtAuthenticationFilter - JWT token extracted from Authorization header for request: GET /api/tasks
2026-08-02 15:17:59 [http-nio-8080-exec-7] DEBUG c.i.backend.security.JwtService - Extracting username from JWT token
2026-08-02 15:17:59 [http-nio-8080-exec-7] DEBUG c.i.backend.security.JwtService - Extracting claim from JWT token
2026-08-02 15:17:59 [http-nio-8080-exec-7] DEBUG c.i.backend.security.JwtService - Retrieving signing key for JWT
2026-08-02 15:17:59 [http-nio-8080-exec-7] DEBUG c.i.backend.security.JwtService - Signing key retrieved successfully
2026-08-02 15:17:59 [http-nio-8080-exec-7] DEBUG c.i.backend.security.JwtService - Claims extracted successfully from JWT token
2026-08-02 15:17:59 [http-nio-8080-exec-7] DEBUG c.i.backend.security.JwtService - Username extracted successfully from JWT: anwer
2026-08-02 15:17:59 [http-nio-8080-exec-7] DEBUG c.i.b.s.JwtAuthenticationFilter - Username extracted from JWT: anwer
2026-08-02 15:17:59 [http-nio-8080-exec-7] DEBUG c.i.b.s.JwtAuthenticationFilter - Attempting to authenticate user: anwer for request: GET /api/tasks
2026-08-02 15:17:59 [http-nio-8080-exec-7] DEBUG c.i.b.s.JwtAuthenticationFilter - User details found for username: anwer
2026-08-02 15:17:59 [http-nio-8080-exec-7] DEBUG c.i.backend.security.JwtService - Validating JWT token for username: anwer
2026-08-02 15:17:59 [http-nio-8080-exec-7] DEBUG c.i.backend.security.JwtService - Extracting username from JWT token
2026-08-02 15:17:59 [http-nio-8080-exec-7] DEBUG c.i.backend.security.JwtService - Extracting claim from JWT token
2026-08-02 15:17:59 [http-nio-8080-exec-7] DEBUG c.i.backend.security.JwtService - Retrieving signing key for JWT
2026-08-02 15:17:59 [http-nio-8080-exec-7] DEBUG c.i.backend.security.JwtService - Signing key retrieved successfully
2026-08-02 15:17:59 [http-nio-8080-exec-7] DEBUG c.i.backend.security.JwtService - Claims extracted successfully from JWT token
2026-08-02 15:17:59 [http-nio-8080-exec-7] DEBUG c.i.backend.security.JwtService - Username extracted successfully from JWT: anwer
2026-08-02 15:17:59 [http-nio-8080-exec-7] DEBUG c.i.backend.security.JwtService - Checking if JWT token is expired
2026-08-02 15:17:59 [http-nio-8080-exec-7] DEBUG c.i.backend.security.JwtService - Extracting expiration date from JWT token
2026-08-02 15:17:59 [http-nio-8080-exec-7] DEBUG c.i.backend.security.JwtService - Extracting claim from JWT token
2026-08-02 15:17:59 [http-nio-8080-exec-7] DEBUG c.i.backend.security.JwtService - Retrieving signing key for JWT
2026-08-02 15:17:59 [http-nio-8080-exec-7] DEBUG c.i.backend.security.JwtService - Signing key retrieved successfully
2026-08-02 15:17:59 [http-nio-8080-exec-7] DEBUG c.i.backend.security.JwtService - Claims extracted successfully from JWT token
2026-08-02 15:17:59 [http-nio-8080-exec-7] DEBUG c.i.backend.security.JwtService - Expiration date extracted: Mon Aug 03 15:17:59 EEST 2026
2026-08-02 15:17:59 [http-nio-8080-exec-7] DEBUG c.i.backend.security.JwtService - Token expiration check - Expiration Date: Mon Aug 03 15:17:59 EEST 2026, Current Date: Sun Aug 02 15:17:59 EEST 2026, Is Expired: false
2026-08-02 15:17:59 [http-nio-8080-exec-7] DEBUG c.i.backend.security.JwtService - Token validation details - Username: anwer, Username Match: true, Is Expired: false
2026-08-02 15:17:59 [http-nio-8080-exec-7] DEBUG c.i.backend.security.JwtService - JWT token validation successful for username: anwer
2026-08-02 15:17:59 [http-nio-8080-exec-7] DEBUG c.i.b.s.JwtAuthenticationFilter - JWT token validation successful for user: anwer
2026-08-02 15:17:59 [http-nio-8080-exec-7] INFO  c.i.b.s.JwtAuthenticationFilter - User authenticated successfully - Username: anwer, Request: GET /api/tasks
2026-08-02 15:17:59 [http-nio-8080-exec-7] INFO  c.i.b.controller.TaskController - Fetching tasks for user: anwer - Status filter: null, Priority filter: null
2026-08-02 15:17:59 [http-nio-8080-exec-7] DEBUG c.i.backend.service.TaskService - Fetching tasks for user: anwer - Status filter: null, Priority filter: null
2026-08-02 15:17:59 [http-nio-8080-exec-7] DEBUG c.i.backend.service.TaskService - Querying all tasks for user: anwer
2026-08-02 15:17:59 [http-nio-8080-exec-7] INFO  c.i.backend.service.TaskService - Retrieved 0 tasks for user: anwer
2026-08-02 15:17:59 [http-nio-8080-exec-7] DEBUG c.i.backend.service.TaskService - Converted 0 tasks to response DTOs for user: anwer
2026-08-02 15:17:59 [http-nio-8080-exec-7] INFO  c.i.b.controller.TaskController - Tasks fetched successfully for user: anwer - Count: 0 - Duration: 7ms
2026-08-02 15:18:02 [http-nio-8080-exec-4] DEBUG c.i.b.s.JwtAuthenticationFilter - Processing request - Method: GET, Path: /api/tasks/null
2026-08-02 15:18:02 [http-nio-8080-exec-4] DEBUG c.i.b.s.JwtAuthenticationFilter - JWT token extracted from Authorization header for request: GET /api/tasks/null
2026-08-02 15:18:02 [http-nio-8080-exec-4] DEBUG c.i.backend.security.JwtService - Extracting username from JWT token
2026-08-02 15:18:02 [http-nio-8080-exec-4] DEBUG c.i.backend.security.JwtService - Extracting claim from JWT token
2026-08-02 15:18:02 [http-nio-8080-exec-4] DEBUG c.i.backend.security.JwtService - Retrieving signing key for JWT
2026-08-02 15:18:02 [http-nio-8080-exec-4] DEBUG c.i.backend.security.JwtService - Signing key retrieved successfully
2026-08-02 15:18:02 [http-nio-8080-exec-4] DEBUG c.i.backend.security.JwtService - Claims extracted successfully from JWT token
2026-08-02 15:18:02 [http-nio-8080-exec-4] DEBUG c.i.backend.security.JwtService - Username extracted successfully from JWT: anwer
2026-08-02 15:18:02 [http-nio-8080-exec-4] DEBUG c.i.b.s.JwtAuthenticationFilter - Username extracted from JWT: anwer
2026-08-02 15:18:02 [http-nio-8080-exec-4] DEBUG c.i.b.s.JwtAuthenticationFilter - Attempting to authenticate user: anwer for request: GET /api/tasks/null
2026-08-02 15:18:02 [http-nio-8080-exec-4] DEBUG c.i.b.s.JwtAuthenticationFilter - User details found for username: anwer
2026-08-02 15:18:02 [http-nio-8080-exec-4] DEBUG c.i.backend.security.JwtService - Validating JWT token for username: anwer
2026-08-02 15:18:02 [http-nio-8080-exec-4] DEBUG c.i.backend.security.JwtService - Extracting username from JWT token
2026-08-02 15:18:02 [http-nio-8080-exec-4] DEBUG c.i.backend.security.JwtService - Extracting claim from JWT token
2026-08-02 15:18:02 [http-nio-8080-exec-4] DEBUG c.i.backend.security.JwtService - Retrieving signing key for JWT
2026-08-02 15:18:02 [http-nio-8080-exec-4] DEBUG c.i.backend.security.JwtService - Signing key retrieved successfully
2026-08-02 15:18:02 [http-nio-8080-exec-4] DEBUG c.i.backend.security.JwtService - Claims extracted successfully from JWT token
2026-08-02 15:18:02 [http-nio-8080-exec-4] DEBUG c.i.backend.security.JwtService - Username extracted successfully from JWT: anwer
2026-08-02 15:18:02 [http-nio-8080-exec-4] DEBUG c.i.backend.security.JwtService - Checking if JWT token is expired
2026-08-02 15:18:02 [http-nio-8080-exec-4] DEBUG c.i.backend.security.JwtService - Extracting expiration date from JWT token
2026-08-02 15:18:02 [http-nio-8080-exec-4] DEBUG c.i.backend.security.JwtService - Extracting claim from JWT token
2026-08-02 15:18:02 [http-nio-8080-exec-4] DEBUG c.i.backend.security.JwtService - Retrieving signing key for JWT
2026-08-02 15:18:02 [http-nio-8080-exec-4] DEBUG c.i.backend.security.JwtService - Signing key retrieved successfully
2026-08-02 15:18:02 [http-nio-8080-exec-4] DEBUG c.i.backend.security.JwtService - Claims extracted successfully from JWT token
2026-08-02 15:18:02 [http-nio-8080-exec-4] DEBUG c.i.backend.security.JwtService - Expiration date extracted: Mon Aug 03 15:17:59 EEST 2026
2026-08-02 15:18:02 [http-nio-8080-exec-4] DEBUG c.i.backend.security.JwtService - Token expiration check - Expiration Date: Mon Aug 03 15:17:59 EEST 2026, Current Date: Sun Aug 02 15:18:02 EEST 2026, Is Expired: false
2026-08-02 15:18:02 [http-nio-8080-exec-4] DEBUG c.i.backend.security.JwtService - Token validation details - Username: anwer, Username Match: true, Is Expired: false
2026-08-02 15:18:02 [http-nio-8080-exec-4] DEBUG c.i.backend.security.JwtService - JWT token validation successful for username: anwer
2026-08-02 15:18:02 [http-nio-8080-exec-4] DEBUG c.i.b.s.JwtAuthenticationFilter - JWT token validation successful for user: anwer
2026-08-02 15:18:02 [http-nio-8080-exec-4] INFO  c.i.b.s.JwtAuthenticationFilter - User authenticated successfully - Username: anwer, Request: GET /api/tasks/null
2026-08-02 15:18:02 [http-nio-8080-exec-4] WARN  o.s.w.s.m.s.DefaultHandlerExceptionResolver - Resolved [org.springframework.web.method.annotation.MethodArgumentTypeMismatchException: Method parameter 'id': Failed to convert value of type 'java.lang.String' to required type 'java.lang.Long'; For input string: "null"]
2026-08-02 15:18:21 [http-nio-8080-exec-10] DEBUG c.i.b.s.JwtAuthenticationFilter - Processing request - Method: POST, Path: /api/tasks
2026-08-02 15:18:21 [http-nio-8080-exec-10] DEBUG c.i.b.s.JwtAuthenticationFilter - JWT token extracted from Authorization header for request: POST /api/tasks
2026-08-02 15:18:21 [http-nio-8080-exec-10] DEBUG c.i.backend.security.JwtService - Extracting username from JWT token
2026-08-02 15:18:21 [http-nio-8080-exec-10] DEBUG c.i.backend.security.JwtService - Extracting claim from JWT token
2026-08-02 15:18:21 [http-nio-8080-exec-10] DEBUG c.i.backend.security.JwtService - Retrieving signing key for JWT
2026-08-02 15:18:21 [http-nio-8080-exec-10] DEBUG c.i.backend.security.JwtService - Signing key retrieved successfully
2026-08-02 15:18:21 [http-nio-8080-exec-10] DEBUG c.i.backend.security.JwtService - Claims extracted successfully from JWT token
2026-08-02 15:18:21 [http-nio-8080-exec-10] DEBUG c.i.backend.security.JwtService - Username extracted successfully from JWT: anwer
2026-08-02 15:18:21 [http-nio-8080-exec-10] DEBUG c.i.b.s.JwtAuthenticationFilter - Username extracted from JWT: anwer
2026-08-02 15:18:21 [http-nio-8080-exec-10] DEBUG c.i.b.s.JwtAuthenticationFilter - Attempting to authenticate user: anwer for request: POST /api/tasks
2026-08-02 15:18:21 [http-nio-8080-exec-10] DEBUG c.i.b.s.JwtAuthenticationFilter - User details found for username: anwer
2026-08-02 15:18:21 [http-nio-8080-exec-10] DEBUG c.i.backend.security.JwtService - Validating JWT token for username: anwer
2026-08-02 15:18:21 [http-nio-8080-exec-10] DEBUG c.i.backend.security.JwtService - Extracting username from JWT token
2026-08-02 15:18:21 [http-nio-8080-exec-10] DEBUG c.i.backend.security.JwtService - Extracting claim from JWT token
2026-08-02 15:18:21 [http-nio-8080-exec-10] DEBUG c.i.backend.security.JwtService - Retrieving signing key for JWT
2026-08-02 15:18:21 [http-nio-8080-exec-10] DEBUG c.i.backend.security.JwtService - Signing key retrieved successfully
2026-08-02 15:18:21 [http-nio-8080-exec-10] DEBUG c.i.backend.security.JwtService - Claims extracted successfully from JWT token
2026-08-02 15:18:21 [http-nio-8080-exec-10] DEBUG c.i.backend.security.JwtService - Username extracted successfully from JWT: anwer
2026-08-02 15:18:21 [http-nio-8080-exec-10] DEBUG c.i.backend.security.JwtService - Checking if JWT token is expired
2026-08-02 15:18:21 [http-nio-8080-exec-10] DEBUG c.i.backend.security.JwtService - Extracting expiration date from JWT token
2026-08-02 15:18:21 [http-nio-8080-exec-10] DEBUG c.i.backend.security.JwtService - Extracting claim from JWT token
2026-08-02 15:18:21 [http-nio-8080-exec-10] DEBUG c.i.backend.security.JwtService - Retrieving signing key for JWT
2026-08-02 15:18:21 [http-nio-8080-exec-10] DEBUG c.i.backend.security.JwtService - Signing key retrieved successfully
2026-08-02 15:18:21 [http-nio-8080-exec-10] DEBUG c.i.backend.security.JwtService - Claims extracted successfully from JWT token
2026-08-02 15:18:21 [http-nio-8080-exec-10] DEBUG c.i.backend.security.JwtService - Expiration date extracted: Mon Aug 03 15:17:59 EEST 2026
2026-08-02 15:18:21 [http-nio-8080-exec-10] DEBUG c.i.backend.security.JwtService - Token expiration check - Expiration Date: Mon Aug 03 15:17:59 EEST 2026, Current Date: Sun Aug 02 15:18:21 EEST 2026, Is Expired: false
2026-08-02 15:18:21 [http-nio-8080-exec-10] DEBUG c.i.backend.security.JwtService - Token validation details - Username: anwer, Username Match: true, Is Expired: false
2026-08-02 15:18:21 [http-nio-8080-exec-10] DEBUG c.i.backend.security.JwtService - JWT token validation successful for username: anwer
2026-08-02 15:18:21 [http-nio-8080-exec-10] DEBUG c.i.b.s.JwtAuthenticationFilter - JWT token validation successful for user: anwer
2026-08-02 15:18:21 [http-nio-8080-exec-10] INFO  c.i.b.s.JwtAuthenticationFilter - User authenticated successfully - Username: anwer, Request: POST /api/tasks
2026-08-02 15:18:21 [http-nio-8080-exec-10] INFO  c.i.b.controller.TaskController - Creating new task for user: anwer - Title: reading a book
2026-08-02 15:18:21 [http-nio-8080-exec-10] DEBUG c.i.backend.service.TaskService - Creating new task for user: anwer - Title: 'reading a book', Priority: HIGH, Status: IN_PROGRESS
2026-08-02 15:18:21 [http-nio-8080-exec-10] DEBUG c.i.backend.service.TaskService - Built task object - preparing to save for user: anwer
2026-08-02 15:18:21 [http-nio-8080-exec-10] INFO  c.i.backend.service.TaskService - Task created and saved successfully - ID: 1, User: anwer
2026-08-02 15:18:21 [http-nio-8080-exec-10] DEBUG c.i.backend.service.TaskService - Task response DTO created for task ID: 1
2026-08-02 15:18:21 [http-nio-8080-exec-10] INFO  c.i.b.controller.TaskController - Task created successfully for user: anwer - Task ID: 1 - Duration: 38ms
2026-08-02 15:18:21 [http-nio-8080-exec-1] DEBUG c.i.b.s.JwtAuthenticationFilter - Processing request - Method: GET, Path: /api/tasks
2026-08-02 15:18:21 [http-nio-8080-exec-1] DEBUG c.i.b.s.JwtAuthenticationFilter - JWT token extracted from Authorization header for request: GET /api/tasks
2026-08-02 15:18:21 [http-nio-8080-exec-1] DEBUG c.i.backend.security.JwtService - Extracting username from JWT token
2026-08-02 15:18:21 [http-nio-8080-exec-1] DEBUG c.i.backend.security.JwtService - Extracting claim from JWT token
2026-08-02 15:18:21 [http-nio-8080-exec-1] DEBUG c.i.backend.security.JwtService - Retrieving signing key for JWT
2026-08-02 15:18:21 [http-nio-8080-exec-1] DEBUG c.i.backend.security.JwtService - Signing key retrieved successfully
2026-08-02 15:18:21 [http-nio-8080-exec-1] DEBUG c.i.backend.security.JwtService - Claims extracted successfully from JWT token
2026-08-02 15:18:21 [http-nio-8080-exec-1] DEBUG c.i.backend.security.JwtService - Username extracted successfully from JWT: anwer
2026-08-02 15:18:21 [http-nio-8080-exec-1] DEBUG c.i.b.s.JwtAuthenticationFilter - Username extracted from JWT: anwer
2026-08-02 15:18:21 [http-nio-8080-exec-1] DEBUG c.i.b.s.JwtAuthenticationFilter - Attempting to authenticate user: anwer for request: GET /api/tasks
2026-08-02 15:18:21 [http-nio-8080-exec-1] DEBUG c.i.b.s.JwtAuthenticationFilter - User details found for username: anwer
2026-08-02 15:18:21 [http-nio-8080-exec-1] DEBUG c.i.backend.security.JwtService - Validating JWT token for username: anwer
2026-08-02 15:18:21 [http-nio-8080-exec-1] DEBUG c.i.backend.security.JwtService - Extracting username from JWT token
2026-08-02 15:18:21 [http-nio-8080-exec-1] DEBUG c.i.backend.security.JwtService - Extracting claim from JWT token
2026-08-02 15:18:21 [http-nio-8080-exec-1] DEBUG c.i.backend.security.JwtService - Retrieving signing key for JWT
2026-08-02 15:18:21 [http-nio-8080-exec-1] DEBUG c.i.backend.security.JwtService - Signing key retrieved successfully
2026-08-02 15:18:21 [http-nio-8080-exec-1] DEBUG c.i.backend.security.JwtService - Claims extracted successfully from JWT token
2026-08-02 15:18:21 [http-nio-8080-exec-1] DEBUG c.i.backend.security.JwtService - Username extracted successfully from JWT: anwer
2026-08-02 15:18:21 [http-nio-8080-exec-1] DEBUG c.i.backend.security.JwtService - Checking if JWT token is expired
2026-08-02 15:18:21 [http-nio-8080-exec-1] DEBUG c.i.backend.security.JwtService - Extracting expiration date from JWT token
2026-08-02 15:18:21 [http-nio-8080-exec-1] DEBUG c.i.backend.security.JwtService - Extracting claim from JWT token
2026-08-02 15:18:21 [http-nio-8080-exec-1] DEBUG c.i.backend.security.JwtService - Retrieving signing key for JWT
2026-08-02 15:18:21 [http-nio-8080-exec-1] DEBUG c.i.backend.security.JwtService - Signing key retrieved successfully
2026-08-02 15:18:21 [http-nio-8080-exec-1] DEBUG c.i.backend.security.JwtService - Claims extracted successfully from JWT token
2026-08-02 15:18:21 [http-nio-8080-exec-1] DEBUG c.i.backend.security.JwtService - Expiration date extracted: Mon Aug 03 15:17:59 EEST 2026
2026-08-02 15:18:21 [http-nio-8080-exec-1] DEBUG c.i.backend.security.JwtService - Token expiration check - Expiration Date: Mon Aug 03 15:17:59 EEST 2026, Current Date: Sun Aug 02 15:18:21 EEST 2026, Is Expired: false
2026-08-02 15:18:21 [http-nio-8080-exec-1] DEBUG c.i.backend.security.JwtService - Token validation details - Username: anwer, Username Match: true, Is Expired: false
2026-08-02 15:18:21 [http-nio-8080-exec-1] DEBUG c.i.backend.security.JwtService - JWT token validation successful for username: anwer
2026-08-02 15:18:21 [http-nio-8080-exec-1] DEBUG c.i.b.s.JwtAuthenticationFilter - JWT token validation successful for user: anwer
2026-08-02 15:18:21 [http-nio-8080-exec-1] INFO  c.i.b.s.JwtAuthenticationFilter - User authenticated successfully - Username: anwer, Request: GET /api/tasks
2026-08-02 15:18:21 [http-nio-8080-exec-1] INFO  c.i.b.controller.TaskController - Fetching tasks for user: anwer - Status filter: null, Priority filter: null
2026-08-02 15:18:21 [http-nio-8080-exec-1] DEBUG c.i.backend.service.TaskService - Fetching tasks for user: anwer - Status filter: null, Priority filter: null
2026-08-02 15:18:21 [http-nio-8080-exec-1] DEBUG c.i.backend.service.TaskService - Querying all tasks for user: anwer
2026-08-02 15:18:21 [http-nio-8080-exec-1] INFO  c.i.backend.service.TaskService - Retrieved 1 tasks for user: anwer
2026-08-02 15:18:21 [http-nio-8080-exec-1] DEBUG c.i.backend.service.TaskService - Converted 1 tasks to response DTOs for user: anwer
2026-08-02 15:18:21 [http-nio-8080-exec-1] INFO  c.i.b.controller.TaskController - Tasks fetched successfully for user: anwer - Count: 1 - Duration: 17ms
2026-08-02 15:22:10 [SpringApplicationShutdownHook] INFO  o.s.boot.tomcat.GracefulShutdown - Commencing graceful shutdown. Waiting for active requests to complete
2026-08-02 15:22:10 [tomcat-shutdown] INFO  o.s.boot.tomcat.GracefulShutdown - Graceful shutdown complete
2026-08-02 15:22:10 [SpringApplicationShutdownHook] INFO  o.s.o.j.LocalContainerEntityManagerFactoryBean - Closing JPA EntityManagerFactory for persistence unit 'default'
2026-08-02 15:22:10 [SpringApplicationShutdownHook] INFO  com.zaxxer.hikari.HikariDataSource - HikariPool-1 - Shutdown initiated...
2026-08-02 15:22:10 [SpringApplicationShutdownHook] INFO  com.zaxxer.hikari.HikariDataSource - HikariPool-1 - Shutdown completed.
2026-08-02 15:26:24 [main] INFO  c.i.backend.BackendApplication - Starting BackendApplication using Java 25.0.2 with PID 16032 (C:\internship\mini project\Task-Management\backend\target\classes started by LoQ in C:\internship\mini project\Task-Management)
2026-08-02 15:26:24 [main] DEBUG c.i.backend.BackendApplication - Running with Spring Boot v4.1.0, Spring v7.0.8
2026-08-02 15:26:24 [main] INFO  c.i.backend.BackendApplication - No active profile set, falling back to 1 default profile: "default"
2026-08-02 15:26:25 [main] INFO  o.s.d.r.c.RepositoryConfigurationDelegate - Bootstrapping Spring Data JPA repositories in DEFAULT mode.
2026-08-02 15:26:25 [main] INFO  o.s.d.r.c.RepositoryConfigurationDelegate - Finished Spring Data repository scanning in 51 ms. Found 2 JPA repository interfaces.
2026-08-02 15:26:25 [main] INFO  o.s.boot.tomcat.TomcatWebServer - Tomcat initialized with port 8080 (http)
2026-08-02 15:26:25 [main] INFO  o.a.catalina.core.StandardService - Starting service [Tomcat]
2026-08-02 15:26:25 [main] INFO  o.a.catalina.core.StandardEngine - Starting Servlet engine: [Apache Tomcat/11.0.22]
2026-08-02 15:26:25 [main] INFO  o.s.b.w.c.s.WebApplicationContextInitializer - Root WebApplicationContext: initialization completed in 1161 ms
2026-08-02 15:26:25 [main] INFO  org.hibernate.orm.jpa - HHH008540: Processing PersistenceUnitInfo [name: default]
2026-08-02 15:26:25 [main] INFO  org.hibernate.orm.core - HHH000001: Hibernate ORM core version 7.4.1.Final
2026-08-02 15:26:26 [main] INFO  o.s.o.j.p.SpringPersistenceUnitInfo - No LoadTimeWeaver setup: ignoring JPA class transformer
2026-08-02 15:26:26 [main] INFO  com.zaxxer.hikari.HikariDataSource - HikariPool-1 - Starting...
2026-08-02 15:26:26 [main] INFO  com.zaxxer.hikari.pool.HikariPool - HikariPool-1 - Added connection org.postgresql.jdbc.PgConnection@75e4fe3c
2026-08-02 15:26:26 [main] INFO  com.zaxxer.hikari.HikariDataSource - HikariPool-1 - Start completed.
2026-08-02 15:26:26 [main] WARN  org.hibernate.orm.deprecation - HHH90000025: PostgreSQLDialect does not need to be specified explicitly using 'hibernate.dialect' (remove the property setting and it will be selected by default)
2026-08-02 15:26:26 [main] INFO  o.hibernate.orm.connections.pooling - HHH10001005: Database info:
	Database JDBC URL [jdbc:postgresql://localhost:5432/task_management_db]
	Database driver: PostgreSQL JDBC Driver
	Database dialect: PostgreSQLDialect
	Database version: 16.14
	Default catalog/schema: task_management_db/public
	Autocommit mode: undefined/unknown
	Isolation level: READ_COMMITTED [default READ_COMMITTED]
	JDBC fetch size: none
	Pool: DataSourceConnectionProvider
	Minimum pool size: undefined/unknown
	Maximum pool size: undefined/unknown
2026-08-02 15:26:27 [main] INFO  org.hibernate.orm.core - HHH000489: No JTA platform available (set 'hibernate.transaction.jta.platform' to enable JTA platform integration)
2026-08-02 15:26:27 [main] INFO  o.s.o.j.LocalContainerEntityManagerFactoryBean - Initialized JPA EntityManagerFactory for persistence unit 'default'
2026-08-02 15:26:28 [main] INFO  o.s.d.j.r.q.QueryEnhancerFactories - Hibernate is in classpath; If applicable, HQL parser will be used.
2026-08-02 15:26:28 [main] DEBUG c.i.b.s.JwtAuthenticationFilter - Filter 'jwtAuthenticationFilter' configured for use
2026-08-02 15:26:28 [main] INFO  o.s.s.c.a.a.c.InitializeAuthenticationProviderBeanManagerConfigurer$InitializeAuthenticationProviderManagerConfigurer - Global AuthenticationManager configured with AuthenticationProvider bean with name authenticationProvider
2026-08-02 15:26:28 [main] WARN  o.s.s.c.a.a.c.InitializeUserDetailsBeanManagerConfigurer$InitializeUserDetailsManagerConfigurer - Global AuthenticationManager configured with an AuthenticationProvider bean. UserDetailsService beans will not be used by Spring Security for automatically configuring username/password login. Consider removing the AuthenticationProvider bean. Alternatively, consider using the UserDetailsService in a manually instantiated DaoAuthenticationProvider. If the current configuration is intentional, to turn off this warning, increase the logging level of 'org.springframework.security.config.annotation.authentication.configuration.InitializeUserDetailsBeanManagerConfigurer' to ERROR
2026-08-02 15:26:28 [main] WARN  o.s.b.j.a.JpaBaseConfiguration$JpaWebConfiguration - spring.jpa.open-in-view is enabled by default. Therefore, database queries may be performed during view rendering. Explicitly configure spring.jpa.open-in-view to disable this warning
2026-08-02 15:26:28 [main] INFO  o.s.boot.tomcat.TomcatWebServer - Tomcat started on port 8080 (http) with context path '/'
2026-08-02 15:26:28 [main] INFO  c.i.backend.BackendApplication - Started BackendApplication in 4.749 seconds (process running for 5.163)
2026-08-02 15:26:57 [http-nio-8080-exec-1] INFO  o.a.c.c.C.[Tomcat].[localhost].[/] - Initializing Spring DispatcherServlet 'dispatcherServlet'
2026-08-02 15:26:57 [http-nio-8080-exec-1] INFO  o.s.web.servlet.DispatcherServlet - Initializing Servlet 'dispatcherServlet'
2026-08-02 15:26:57 [http-nio-8080-exec-1] INFO  o.s.web.servlet.DispatcherServlet - Completed initialization in 6 ms
2026-08-02 15:26:57 [http-nio-8080-exec-1] DEBUG c.i.b.s.JwtAuthenticationFilter - Processing request - Method: GET, Path: /api/tasks
2026-08-02 15:26:57 [http-nio-8080-exec-1] DEBUG c.i.b.s.JwtAuthenticationFilter - JWT token extracted from Authorization header for request: GET /api/tasks
2026-08-02 15:26:57 [http-nio-8080-exec-1] DEBUG c.i.backend.security.JwtService - Extracting username from JWT token
2026-08-02 15:26:57 [http-nio-8080-exec-1] DEBUG c.i.backend.security.JwtService - Extracting claim from JWT token
2026-08-02 15:26:57 [http-nio-8080-exec-1] DEBUG c.i.backend.security.JwtService - Retrieving signing key for JWT
2026-08-02 15:26:57 [http-nio-8080-exec-1] DEBUG c.i.backend.security.JwtService - Signing key retrieved successfully
2026-08-02 15:26:57 [http-nio-8080-exec-1] DEBUG c.i.backend.security.JwtService - Claims extracted successfully from JWT token
2026-08-02 15:26:57 [http-nio-8080-exec-1] DEBUG c.i.backend.security.JwtService - Username extracted successfully from JWT: anwer
2026-08-02 15:26:57 [http-nio-8080-exec-1] DEBUG c.i.b.s.JwtAuthenticationFilter - Username extracted from JWT: anwer
2026-08-02 15:26:57 [http-nio-8080-exec-1] DEBUG c.i.b.s.JwtAuthenticationFilter - Attempting to authenticate user: anwer for request: GET /api/tasks
2026-08-02 15:26:58 [http-nio-8080-exec-1] WARN  c.i.b.s.JwtAuthenticationFilter - User details not found in database for username extracted from JWT: anwer
2026-08-02 15:35:58 [SpringApplicationShutdownHook] INFO  o.s.boot.tomcat.GracefulShutdown - Commencing graceful shutdown. Waiting for active requests to complete
2026-08-02 15:35:58 [tomcat-shutdown] INFO  o.s.boot.tomcat.GracefulShutdown - Graceful shutdown complete
2026-08-02 15:35:58 [SpringApplicationShutdownHook] INFO  o.s.o.j.LocalContainerEntityManagerFactoryBean - Closing JPA EntityManagerFactory for persistence unit 'default'
2026-08-02 15:35:58 [SpringApplicationShutdownHook] INFO  com.zaxxer.hikari.HikariDataSource - HikariPool-1 - Shutdown initiated...
2026-08-02 15:35:58 [SpringApplicationShutdownHook] INFO  com.zaxxer.hikari.HikariDataSource - HikariPool-1 - Shutdown completed.
2026-08-02 15:45:38 [main] INFO  c.i.backend.BackendApplication - Starting BackendApplication using Java 25.0.2 with PID 15560 (C:\internship\mini project\Task-Management\backend\target\classes started by LoQ in C:\internship\mini project\Task-Management)
2026-08-02 15:45:38 [main] DEBUG c.i.backend.BackendApplication - Running with Spring Boot v4.1.0, Spring v7.0.8
2026-08-02 15:45:38 [main] INFO  c.i.backend.BackendApplication - No active profile set, falling back to 1 default profile: "default"
2026-08-02 15:45:39 [main] INFO  o.s.d.r.c.RepositoryConfigurationDelegate - Bootstrapping Spring Data JPA repositories in DEFAULT mode.
2026-08-02 15:45:39 [main] INFO  o.s.d.r.c.RepositoryConfigurationDelegate - Finished Spring Data repository scanning in 54 ms. Found 2 JPA repository interfaces.
2026-08-02 15:45:40 [main] INFO  o.s.boot.tomcat.TomcatWebServer - Tomcat initialized with port 8080 (http)
2026-08-02 15:45:40 [main] INFO  o.a.catalina.core.StandardService - Starting service [Tomcat]
2026-08-02 15:45:40 [main] INFO  o.a.catalina.core.StandardEngine - Starting Servlet engine: [Apache Tomcat/11.0.22]
2026-08-02 15:45:40 [main] INFO  o.s.b.w.c.s.WebApplicationContextInitializer - Root WebApplicationContext: initialization completed in 1794 ms
2026-08-02 15:45:40 [main] INFO  org.hibernate.orm.jpa - HHH008540: Processing PersistenceUnitInfo [name: default]
2026-08-02 15:45:40 [main] INFO  org.hibernate.orm.core - HHH000001: Hibernate ORM core version 7.4.1.Final
2026-08-02 15:45:41 [main] INFO  o.s.o.j.p.SpringPersistenceUnitInfo - No LoadTimeWeaver setup: ignoring JPA class transformer
2026-08-02 15:45:41 [main] INFO  com.zaxxer.hikari.HikariDataSource - HikariPool-1 - Starting...
2026-08-02 15:45:41 [main] INFO  com.zaxxer.hikari.pool.HikariPool - HikariPool-1 - Added connection org.postgresql.jdbc.PgConnection@2328ec73
2026-08-02 15:45:41 [main] INFO  com.zaxxer.hikari.HikariDataSource - HikariPool-1 - Start completed.
2026-08-02 15:45:41 [main] WARN  org.hibernate.orm.deprecation - HHH90000025: PostgreSQLDialect does not need to be specified explicitly using 'hibernate.dialect' (remove the property setting and it will be selected by default)
2026-08-02 15:45:41 [main] INFO  o.hibernate.orm.connections.pooling - HHH10001005: Database info:
	Database JDBC URL [jdbc:postgresql://localhost:5432/task_management_db]
	Database driver: PostgreSQL JDBC Driver
	Database dialect: PostgreSQLDialect
	Database version: 16.14
	Default catalog/schema: task_management_db/public
	Autocommit mode: undefined/unknown
	Isolation level: READ_COMMITTED [default READ_COMMITTED]
	JDBC fetch size: none
	Pool: DataSourceConnectionProvider
	Minimum pool size: undefined/unknown
	Maximum pool size: undefined/unknown
2026-08-02 15:45:43 [main] INFO  org.hibernate.orm.core - HHH000489: No JTA platform available (set 'hibernate.transaction.jta.platform' to enable JTA platform integration)
2026-08-02 15:45:43 [main] INFO  o.s.o.j.LocalContainerEntityManagerFactoryBean - Initialized JPA EntityManagerFactory for persistence unit 'default'
2026-08-02 15:45:43 [main] INFO  o.s.d.j.r.q.QueryEnhancerFactories - Hibernate is in classpath; If applicable, HQL parser will be used.
2026-08-02 15:45:43 [main] DEBUG c.i.b.s.JwtAuthenticationFilter - Filter 'jwtAuthenticationFilter' configured for use
2026-08-02 15:45:43 [main] INFO  o.s.s.c.a.a.c.InitializeAuthenticationProviderBeanManagerConfigurer$InitializeAuthenticationProviderManagerConfigurer - Global AuthenticationManager configured with AuthenticationProvider bean with name authenticationProvider
2026-08-02 15:45:43 [main] WARN  o.s.s.c.a.a.c.InitializeUserDetailsBeanManagerConfigurer$InitializeUserDetailsManagerConfigurer - Global AuthenticationManager configured with an AuthenticationProvider bean. UserDetailsService beans will not be used by Spring Security for automatically configuring username/password login. Consider removing the AuthenticationProvider bean. Alternatively, consider using the UserDetailsService in a manually instantiated DaoAuthenticationProvider. If the current configuration is intentional, to turn off this warning, increase the logging level of 'org.springframework.security.config.annotation.authentication.configuration.InitializeUserDetailsBeanManagerConfigurer' to ERROR
2026-08-02 15:45:43 [main] WARN  o.s.b.j.a.JpaBaseConfiguration$JpaWebConfiguration - spring.jpa.open-in-view is enabled by default. Therefore, database queries may be performed during view rendering. Explicitly configure spring.jpa.open-in-view to disable this warning
2026-08-02 15:45:44 [main] INFO  o.s.boot.tomcat.TomcatWebServer - Tomcat started on port 8080 (http) with context path '/'
2026-08-02 15:45:44 [main] INFO  c.i.backend.BackendApplication - Started BackendApplication in 6.666 seconds (process running for 14.34)
2026-08-02 15:45:44 [http-nio-8080-exec-1] INFO  o.a.c.c.C.[Tomcat].[localhost].[/] - Initializing Spring DispatcherServlet 'dispatcherServlet'
2026-08-02 15:45:44 [http-nio-8080-exec-1] INFO  o.s.web.servlet.DispatcherServlet - Initializing Servlet 'dispatcherServlet'
2026-08-02 15:45:44 [http-nio-8080-exec-1] INFO  o.s.web.servlet.DispatcherServlet - Completed initialization in 1 ms
2026-08-02 15:45:44 [http-nio-8080-exec-2] DEBUG c.i.b.s.JwtAuthenticationFilter - Processing request - Method: POST, Path: /api/auth/login
2026-08-02 15:45:44 [http-nio-8080-exec-2] DEBUG c.i.b.s.JwtAuthenticationFilter - No valid Authorization header found for request: POST /api/auth/login
2026-08-02 15:45:44 [http-nio-8080-exec-2] INFO  c.i.b.controller.AuthController - Processing login request for username: ahmed
2026-08-02 15:45:44 [http-nio-8080-exec-2] DEBUG c.i.backend.service.AuthService - Starting login process for username: ahmed
2026-08-02 15:45:44 [http-nio-8080-exec-2] DEBUG c.i.backend.service.AuthService - Authenticating credentials for username: ahmed
2026-08-02 15:45:45 [http-nio-8080-exec-2] WARN  c.i.backend.service.AuthService - Authentication failed for username: ahmed - Error: Bad credentials
2026-08-02 15:45:45 [http-nio-8080-exec-2] ERROR c.i.b.controller.AuthController - Unexpected error during login for username: ahmed - Duration: 581ms
org.springframework.security.authentication.BadCredentialsException: Bad credentials
	at org.springframework.security.authentication.dao.AbstractUserDetailsAuthenticationProvider.authenticate(AbstractUserDetailsAuthenticationProvider.java:154)
	at org.springframework.security.authentication.ProviderManager.authenticate(ProviderManager.java:183)
	at com.internship.backend.service.AuthService.login(AuthService.java:66)
	at com.internship.backend.controller.AuthController.login(AuthController.java:51)
	at java.base/jdk.internal.reflect.DirectMethodHandleAccessor.invoke(DirectMethodHandleAccessor.java:104)
	at java.base/java.lang.reflect.Method.invoke(Method.java:565)
	at org.springframework.web.method.support.InvocableHandlerMethod.doInvoke(InvocableHandlerMethod.java:252)
	at org.springframework.web.method.support.InvocableHandlerMethod.invokeForRequest(InvocableHandlerMethod.java:184)
	at org.springframework.web.servlet.mvc.method.annotation.ServletInvocableHandlerMethod.invokeAndHandle(ServletInvocableHandlerMethod.java:117)
	at org.springframework.web.servlet.mvc.method.annotation.RequestMappingHandlerAdapter.invokeHandlerMethod(RequestMappingHandlerAdapter.java:934)
	at org.springframework.web.servlet.mvc.method.annotation.RequestMappingHandlerAdapter.handleInternal(RequestMappingHandlerAdapter.java:853)
	at org.springframework.web.servlet.mvc.method.AbstractHandlerMethodAdapter.handle(AbstractHandlerMethodAdapter.java:86)
	at org.springframework.web.servlet.DispatcherServlet.doDispatch(DispatcherServlet.java:963)
	at org.springframework.web.servlet.DispatcherServlet.doService(DispatcherServlet.java:866)
	at org.springframework.web.servlet.FrameworkServlet.processRequest(FrameworkServlet.java:1000)
	at org.springframework.web.servlet.FrameworkServlet.doPost(FrameworkServlet.java:903)
	at jakarta.servlet.http.HttpServlet.service(HttpServlet.java:649)
	at org.springframework.web.servlet.FrameworkServlet.service(FrameworkServlet.java:874)
	at jakarta.servlet.http.HttpServlet.service(HttpServlet.java:710)
	at org.apache.catalina.core.ApplicationFilterChain.doFilter(ApplicationFilterChain.java:128)
	at org.apache.tomcat.websocket.server.WsFilter.doFilter(WsFilter.java:53)
	at org.apache.catalina.core.ApplicationFilterChain.doFilter(ApplicationFilterChain.java:107)
	at org.springframework.web.filter.OncePerRequestFilter.doFilter(OncePerRequestFilter.java:110)
	at org.apache.catalina.core.ApplicationFilterChain.doFilter(ApplicationFilterChain.java:107)
	at org.springframework.web.filter.CompositeFilter$VirtualFilterChain.doFilter(CompositeFilter.java:108)
	at org.springframework.security.web.FilterChainProxy.lambda$doFilterInternal$2(FilterChainProxy.java:235)
	at org.springframework.security.web.FilterChainProxy$VirtualFilterChain.doFilter(FilterChainProxy.java:376)
	at org.springframework.security.web.access.intercept.AuthorizationFilter.doFilter(AuthorizationFilter.java:101)
	at org.springframework.security.web.FilterChainProxy$VirtualFilterChain.doFilter(FilterChainProxy.java:385)
	at org.springframework.security.web.access.ExceptionTranslationFilter.doFilter(ExceptionTranslationFilter.java:126)
	at org.springframework.security.web.access.ExceptionTranslationFilter.doFilter(ExceptionTranslationFilter.java:120)
	at org.springframework.security.web.FilterChainProxy$VirtualFilterChain.doFilter(FilterChainProxy.java:385)
	at org.springframework.security.web.session.SessionManagementFilter.doFilter(SessionManagementFilter.java:132)
	at org.springframework.security.web.session.SessionManagementFilter.doFilter(SessionManagementFilter.java:86)
	at org.springframework.security.web.FilterChainProxy$VirtualFilterChain.doFilter(FilterChainProxy.java:385)
	at org.springframework.security.web.authentication.AnonymousAuthenticationFilter.doFilter(AnonymousAuthenticationFilter.java:100)
	at org.springframework.security.web.FilterChainProxy$VirtualFilterChain.doFilter(FilterChainProxy.java:385)
	at org.springframework.security.web.servletapi.SecurityContextHolderAwareRequestFilter.doFilter(SecurityContextHolderAwareRequestFilter.java:181)
	at org.springframework.security.web.FilterChainProxy$VirtualFilterChain.doFilter(FilterChainProxy.java:385)
	at org.springframework.security.web.savedrequest.RequestCacheAwareFilter.doFilter(RequestCacheAwareFilter.java:63)
	at org.springframework.security.web.FilterChainProxy$VirtualFilterChain.doFilter(FilterChainProxy.java:385)
	at com.internship.backend.security.JwtAuthenticationFilter.doFilterInternal(JwtAuthenticationFilter.java:45)
	at org.springframework.web.filter.OncePerRequestFilter.doFilter(OncePerRequestFilter.java:116)
	at org.springframework.security.web.FilterChainProxy$VirtualFilterChain.doFilter(FilterChainProxy.java:385)
	at org.springframework.security.web.authentication.logout.LogoutFilter.doFilter(LogoutFilter.java:110)
	at org.springframework.security.web.authentication.logout.LogoutFilter.doFilter(LogoutFilter.java:96)
	at org.springframework.security.web.FilterChainProxy$VirtualFilterChain.doFilter(FilterChainProxy.java:385)
	at org.springframework.web.filter.CorsFilter.doFilterInternal(CorsFilter.java:91)
	at org.springframework.web.filter.OncePerRequestFilter.doFilter(OncePerRequestFilter.java:116)
	at org.springframework.security.web.FilterChainProxy$VirtualFilterChain.doFilter(FilterChainProxy.java:385)
	at org.springframework.security.web.header.HeaderWriterFilter.doHeadersAfter(HeaderWriterFilter.java:90)
	at org.springframework.security.web.header.HeaderWriterFilter.doFilterInternal(HeaderWriterFilter.java:75)
	at org.springframework.web.filter.OncePerRequestFilter.doFilter(OncePerRequestFilter.java:116)
	at org.springframework.security.web.FilterChainProxy$VirtualFilterChain.doFilter(FilterChainProxy.java:385)
	at org.springframework.security.web.context.SecurityContextHolderFilter.doFilter(SecurityContextHolderFilter.java:82)
	at org.springframework.security.web.context.SecurityContextHolderFilter.doFilter(SecurityContextHolderFilter.java:69)
	at org.springframework.security.web.FilterChainProxy$VirtualFilterChain.doFilter(FilterChainProxy.java:385)
	at org.springframework.security.web.context.request.async.WebAsyncManagerIntegrationFilter.doFilterInternal(WebAsyncManagerIntegrationFilter.java:62)
	at org.springframework.web.filter.OncePerRequestFilter.doFilter(OncePerRequestFilter.java:116)
	at org.springframework.security.web.FilterChainProxy$VirtualFilterChain.doFilter(FilterChainProxy.java:385)
	at org.springframework.security.web.session.DisableEncodeUrlFilter.doFilterInternal(DisableEncodeUrlFilter.java:42)
	at org.springframework.web.filter.OncePerRequestFilter.doFilter(OncePerRequestFilter.java:116)
	at org.springframework.security.web.FilterChainProxy$VirtualFilterChain.doFilter(FilterChainProxy.java:385)
	at org.springframework.security.web.FilterChainProxy.doFilterInternal(FilterChainProxy.java:237)
	at org.springframework.security.web.FilterChainProxy.doFilter(FilterChainProxy.java:195)
	at org.springframework.web.filter.CompositeFilter$VirtualFilterChain.doFilter(CompositeFilter.java:113)
	at org.springframework.web.filter.ServletRequestPathFilter.doFilter(ServletRequestPathFilter.java:52)
	at org.springframework.web.filter.CompositeFilter$VirtualFilterChain.doFilter(CompositeFilter.java:113)
	at org.springframework.web.filter.CompositeFilter.doFilter(CompositeFilter.java:74)
	at org.springframework.security.config.annotation.web.configuration.WebSecurityConfiguration$CompositeFilterChainProxy.doFilter(WebSecurityConfiguration.java:317)
	at org.springframework.web.filter.DelegatingFilterProxy.invokeDelegate(DelegatingFilterProxy.java:355)
	at org.springframework.web.filter.DelegatingFilterProxy.doFilter(DelegatingFilterProxy.java:272)
	at org.apache.catalina.core.ApplicationFilterChain.doFilter(ApplicationFilterChain.java:107)
	at org.springframework.web.filter.RequestContextFilter.doFilterInternal(RequestContextFilter.java:100)
	at org.springframework.web.filter.OncePerRequestFilter.doFilter(OncePerRequestFilter.java:116)
	at org.apache.catalina.core.ApplicationFilterChain.doFilter(ApplicationFilterChain.java:107)
	at org.springframework.web.filter.FormContentFilter.doFilterInternal(FormContentFilter.java:93)
	at org.springframework.web.filter.OncePerRequestFilter.doFilter(OncePerRequestFilter.java:116)
	at org.apache.catalina.core.ApplicationFilterChain.doFilter(ApplicationFilterChain.java:107)
	at org.springframework.web.filter.CharacterEncodingFilter.doFilterInternal(CharacterEncodingFilter.java:199)
	at org.springframework.web.filter.OncePerRequestFilter.doFilter(OncePerRequestFilter.java:116)
	at org.apache.catalina.core.ApplicationFilterChain.doFilter(ApplicationFilterChain.java:107)
	at org.apache.catalina.core.StandardWrapperValve.invoke(StandardWrapperValve.java:165)
	at org.apache.catalina.core.StandardContextValve.invoke(StandardContextValve.java:77)
	at org.apache.catalina.authenticator.AuthenticatorBase.invoke(AuthenticatorBase.java:492)
	at org.apache.catalina.core.StandardHostValve.invoke(StandardHostValve.java:113)
	at org.apache.catalina.valves.ErrorReportValve.invoke(ErrorReportValve.java:83)
	at org.apache.catalina.core.StandardEngineValve.invoke(StandardEngineValve.java:72)
	at org.apache.catalina.connector.CoyoteAdapter.service(CoyoteAdapter.java:341)
	at org.apache.coyote.http11.Http11Processor.service(Http11Processor.java:397)
	at org.apache.coyote.AbstractProcessorLight.process(AbstractProcessorLight.java:63)
	at org.apache.coyote.AbstractProtocol$ConnectionHandler.process(AbstractProtocol.java:1272)
	at org.apache.tomcat.util.net.NioEndpoint$SocketProcessor.doRun(NioEndpoint.java:1801)
	at org.apache.tomcat.util.net.SocketProcessorBase.run(SocketProcessorBase.java:52)
	at org.apache.tomcat.util.threads.ThreadPoolExecutor.runWorker(ThreadPoolExecutor.java:946)
	at org.apache.tomcat.util.threads.ThreadPoolExecutor$Worker.run(ThreadPoolExecutor.java:480)
	at org.apache.tomcat.util.threads.TaskThread$WrappingRunnable.run(TaskThread.java:57)
	at java.base/java.lang.Thread.run(Thread.java:1474)
Caused by: org.springframework.security.core.userdetails.UsernameNotFoundException: User not found
	at com.internship.backend.security.SecurityConfig.lambda$userDetailsService$1(SecurityConfig.java:38)
	at java.base/java.util.Optional.orElseThrow(Optional.java:403)
	at com.internship.backend.security.SecurityConfig.lambda$userDetailsService$0(SecurityConfig.java:38)
	at org.springframework.security.authentication.dao.DaoAuthenticationProvider.retrieveUser(DaoAuthenticationProvider.java:106)
	at org.springframework.security.authentication.dao.AbstractUserDetailsAuthenticationProvider.authenticate(AbstractUserDetailsAuthenticationProvider.java:145)
	... 97 common frames omitted
2026-08-02 15:45:50 [http-nio-8080-exec-3] DEBUG c.i.b.s.JwtAuthenticationFilter - Processing request - Method: POST, Path: /api/auth/register
2026-08-02 15:45:50 [http-nio-8080-exec-3] DEBUG c.i.b.s.JwtAuthenticationFilter - No valid Authorization header found for request: POST /api/auth/register
2026-08-02 15:45:50 [http-nio-8080-exec-3] INFO  c.i.b.controller.AuthController - Processing registration request for username: ahmed
2026-08-02 15:45:50 [http-nio-8080-exec-3] DEBUG c.i.backend.service.AuthService - Starting registration process for username: ahmed
2026-08-02 15:45:50 [http-nio-8080-exec-3] DEBUG c.i.backend.service.AuthService - Username availability check passed for: ahmed
2026-08-02 15:45:50 [http-nio-8080-exec-3] DEBUG c.i.backend.service.AuthService - Encrypting password for username: ahmed
2026-08-02 15:45:50 [http-nio-8080-exec-3] DEBUG c.i.backend.service.AuthService - Saving user to database: ahmed
2026-08-02 15:45:50 [http-nio-8080-exec-3] INFO  c.i.backend.service.AuthService - User saved successfully to database: ahmed
2026-08-02 15:45:50 [http-nio-8080-exec-3] DEBUG c.i.backend.service.AuthService - Generating JWT token for username: ahmed
2026-08-02 15:45:50 [http-nio-8080-exec-3] DEBUG c.i.backend.security.JwtService - Generating JWT token for username: ahmed
2026-08-02 15:45:50 [http-nio-8080-exec-3] DEBUG c.i.backend.security.JwtService - Retrieving signing key for JWT
2026-08-02 15:45:50 [http-nio-8080-exec-3] DEBUG c.i.backend.security.JwtService - Signing key retrieved successfully
2026-08-02 15:45:50 [http-nio-8080-exec-3] INFO  c.i.backend.security.JwtService - JWT token generated successfully for username: ahmed - Expiration: Mon Aug 03 15:45:50 EEST 2026
2026-08-02 15:45:50 [http-nio-8080-exec-3] DEBUG c.i.backend.security.JwtService - JWT token length: 152 characters
2026-08-02 15:45:50 [http-nio-8080-exec-3] DEBUG c.i.backend.service.AuthService - JWT token generated successfully for username: ahmed
2026-08-02 15:45:50 [http-nio-8080-exec-3] INFO  c.i.backend.service.AuthService - Registration completed successfully for username: ahmed
2026-08-02 15:45:50 [http-nio-8080-exec-3] INFO  c.i.b.controller.AuthController - Registration successful for username: ahmed - Duration: 347ms
2026-08-02 15:45:57 [http-nio-8080-exec-5] DEBUG c.i.b.s.JwtAuthenticationFilter - Processing request - Method: POST, Path: /api/auth/login
2026-08-02 15:45:57 [http-nio-8080-exec-5] DEBUG c.i.b.s.JwtAuthenticationFilter - No valid Authorization header found for request: POST /api/auth/login
2026-08-02 15:45:57 [http-nio-8080-exec-5] INFO  c.i.b.controller.AuthController - Processing login request for username: ahmed
2026-08-02 15:45:57 [http-nio-8080-exec-5] DEBUG c.i.backend.service.AuthService - Starting login process for username: ahmed
2026-08-02 15:45:57 [http-nio-8080-exec-5] DEBUG c.i.backend.service.AuthService - Authenticating credentials for username: ahmed
2026-08-02 15:45:57 [http-nio-8080-exec-5] DEBUG c.i.backend.service.AuthService - Authentication successful for username: ahmed
2026-08-02 15:45:57 [http-nio-8080-exec-5] DEBUG c.i.backend.service.AuthService - Fetching user details from database for username: ahmed
2026-08-02 15:45:57 [http-nio-8080-exec-5] DEBUG c.i.backend.service.AuthService - User details fetched successfully for username: ahmed
2026-08-02 15:45:57 [http-nio-8080-exec-5] DEBUG c.i.backend.service.AuthService - Generating JWT token for login - username: ahmed
2026-08-02 15:45:57 [http-nio-8080-exec-5] DEBUG c.i.backend.security.JwtService - Generating JWT token for username: ahmed
2026-08-02 15:45:57 [http-nio-8080-exec-5] DEBUG c.i.backend.security.JwtService - Retrieving signing key for JWT
2026-08-02 15:45:57 [http-nio-8080-exec-5] DEBUG c.i.backend.security.JwtService - Signing key retrieved successfully
2026-08-02 15:45:57 [http-nio-8080-exec-5] INFO  c.i.backend.security.JwtService - JWT token generated successfully for username: ahmed - Expiration: Mon Aug 03 15:45:57 EEST 2026
2026-08-02 15:45:57 [http-nio-8080-exec-5] DEBUG c.i.backend.security.JwtService - JWT token length: 152 characters
2026-08-02 15:45:57 [http-nio-8080-exec-5] DEBUG c.i.backend.service.AuthService - JWT token generated successfully for login - username: ahmed
2026-08-02 15:45:57 [http-nio-8080-exec-5] INFO  c.i.backend.service.AuthService - Login completed successfully for username: ahmed
2026-08-02 15:45:57 [http-nio-8080-exec-5] INFO  c.i.b.controller.AuthController - Login successful for username: ahmed - Duration: 112ms
2026-08-02 15:45:57 [http-nio-8080-exec-7] DEBUG c.i.b.s.JwtAuthenticationFilter - Processing request - Method: GET, Path: /api/tasks
2026-08-02 15:45:57 [http-nio-8080-exec-7] DEBUG c.i.b.s.JwtAuthenticationFilter - JWT token extracted from Authorization header for request: GET /api/tasks
2026-08-02 15:45:57 [http-nio-8080-exec-7] DEBUG c.i.backend.security.JwtService - Extracting username from JWT token
2026-08-02 15:45:57 [http-nio-8080-exec-7] DEBUG c.i.backend.security.JwtService - Extracting claim from JWT token
2026-08-02 15:45:57 [http-nio-8080-exec-7] DEBUG c.i.backend.security.JwtService - Retrieving signing key for JWT
2026-08-02 15:45:57 [http-nio-8080-exec-7] DEBUG c.i.backend.security.JwtService - Signing key retrieved successfully
2026-08-02 15:45:57 [http-nio-8080-exec-7] DEBUG c.i.backend.security.JwtService - Claims extracted successfully from JWT token
2026-08-02 15:45:57 [http-nio-8080-exec-7] DEBUG c.i.backend.security.JwtService - Username extracted successfully from JWT: ahmed
2026-08-02 15:45:57 [http-nio-8080-exec-7] DEBUG c.i.b.s.JwtAuthenticationFilter - Username extracted from JWT: ahmed
2026-08-02 15:45:57 [http-nio-8080-exec-7] DEBUG c.i.b.s.JwtAuthenticationFilter - Attempting to authenticate user: ahmed for request: GET /api/tasks
2026-08-02 15:45:57 [http-nio-8080-exec-7] DEBUG c.i.b.s.JwtAuthenticationFilter - User details found for username: ahmed
2026-08-02 15:45:57 [http-nio-8080-exec-7] DEBUG c.i.backend.security.JwtService - Validating JWT token for username: ahmed
2026-08-02 15:45:57 [http-nio-8080-exec-7] DEBUG c.i.backend.security.JwtService - Extracting username from JWT token
2026-08-02 15:45:57 [http-nio-8080-exec-7] DEBUG c.i.backend.security.JwtService - Extracting claim from JWT token
2026-08-02 15:45:57 [http-nio-8080-exec-7] DEBUG c.i.backend.security.JwtService - Retrieving signing key for JWT
2026-08-02 15:45:57 [http-nio-8080-exec-7] DEBUG c.i.backend.security.JwtService - Signing key retrieved successfully
2026-08-02 15:45:57 [http-nio-8080-exec-7] DEBUG c.i.backend.security.JwtService - Claims extracted successfully from JWT token
2026-08-02 15:45:57 [http-nio-8080-exec-7] DEBUG c.i.backend.security.JwtService - Username extracted successfully from JWT: ahmed
2026-08-02 15:45:57 [http-nio-8080-exec-7] DEBUG c.i.backend.security.JwtService - Checking if JWT token is expired
2026-08-02 15:45:57 [http-nio-8080-exec-7] DEBUG c.i.backend.security.JwtService - Extracting expiration date from JWT token
2026-08-02 15:45:57 [http-nio-8080-exec-7] DEBUG c.i.backend.security.JwtService - Extracting claim from JWT token
2026-08-02 15:45:57 [http-nio-8080-exec-7] DEBUG c.i.backend.security.JwtService - Retrieving signing key for JWT
2026-08-02 15:45:57 [http-nio-8080-exec-7] DEBUG c.i.backend.security.JwtService - Signing key retrieved successfully
2026-08-02 15:45:57 [http-nio-8080-exec-7] DEBUG c.i.backend.security.JwtService - Claims extracted successfully from JWT token
2026-08-02 15:45:57 [http-nio-8080-exec-7] DEBUG c.i.backend.security.JwtService - Expiration date extracted: Mon Aug 03 15:45:57 EEST 2026
2026-08-02 15:45:57 [http-nio-8080-exec-7] DEBUG c.i.backend.security.JwtService - Token expiration check - Expiration Date: Mon Aug 03 15:45:57 EEST 2026, Current Date: Sun Aug 02 15:45:57 EEST 2026, Is Expired: false
2026-08-02 15:45:57 [http-nio-8080-exec-7] DEBUG c.i.backend.security.JwtService - Token validation details - Username: ahmed, Username Match: true, Is Expired: false
2026-08-02 15:45:57 [http-nio-8080-exec-7] DEBUG c.i.backend.security.JwtService - JWT token validation successful for username: ahmed
2026-08-02 15:45:57 [http-nio-8080-exec-7] DEBUG c.i.b.s.JwtAuthenticationFilter - JWT token validation successful for user: ahmed
2026-08-02 15:45:57 [http-nio-8080-exec-7] INFO  c.i.b.s.JwtAuthenticationFilter - User authenticated successfully - Username: ahmed, Request: GET /api/tasks
2026-08-02 15:45:57 [http-nio-8080-exec-7] INFO  c.i.b.controller.TaskController - Fetching tasks for user: ahmed - Status filter: null, Priority filter: null
2026-08-02 15:45:57 [http-nio-8080-exec-7] DEBUG c.i.backend.service.TaskService - Fetching tasks for user: ahmed - Status filter: null, Priority filter: null
2026-08-02 15:45:57 [http-nio-8080-exec-7] DEBUG c.i.backend.service.TaskService - Querying all tasks for user: ahmed
2026-08-02 15:45:58 [http-nio-8080-exec-7] INFO  c.i.backend.service.TaskService - Retrieved 0 tasks for user: ahmed
2026-08-02 15:45:58 [http-nio-8080-exec-7] DEBUG c.i.backend.service.TaskService - Converted 0 tasks to response DTOs for user: ahmed
2026-08-02 15:45:58 [http-nio-8080-exec-7] INFO  c.i.b.controller.TaskController - Tasks fetched successfully for user: ahmed - Count: 0 - Duration: 13ms
2026-08-02 15:45:59 [http-nio-8080-exec-6] DEBUG c.i.b.s.JwtAuthenticationFilter - Processing request - Method: GET, Path: /api/tasks/null
2026-08-02 15:45:59 [http-nio-8080-exec-6] DEBUG c.i.b.s.JwtAuthenticationFilter - JWT token extracted from Authorization header for request: GET /api/tasks/null
2026-08-02 15:45:59 [http-nio-8080-exec-6] DEBUG c.i.backend.security.JwtService - Extracting username from JWT token
2026-08-02 15:45:59 [http-nio-8080-exec-6] DEBUG c.i.backend.security.JwtService - Extracting claim from JWT token
2026-08-02 15:45:59 [http-nio-8080-exec-6] DEBUG c.i.backend.security.JwtService - Retrieving signing key for JWT
2026-08-02 15:45:59 [http-nio-8080-exec-6] DEBUG c.i.backend.security.JwtService - Signing key retrieved successfully
2026-08-02 15:45:59 [http-nio-8080-exec-6] DEBUG c.i.backend.security.JwtService - Claims extracted successfully from JWT token
2026-08-02 15:45:59 [http-nio-8080-exec-6] DEBUG c.i.backend.security.JwtService - Username extracted successfully from JWT: ahmed
2026-08-02 15:45:59 [http-nio-8080-exec-6] DEBUG c.i.b.s.JwtAuthenticationFilter - Username extracted from JWT: ahmed
2026-08-02 15:45:59 [http-nio-8080-exec-6] DEBUG c.i.b.s.JwtAuthenticationFilter - Attempting to authenticate user: ahmed for request: GET /api/tasks/null
2026-08-02 15:45:59 [http-nio-8080-exec-6] DEBUG c.i.b.s.JwtAuthenticationFilter - User details found for username: ahmed
2026-08-02 15:45:59 [http-nio-8080-exec-6] DEBUG c.i.backend.security.JwtService - Validating JWT token for username: ahmed
2026-08-02 15:45:59 [http-nio-8080-exec-6] DEBUG c.i.backend.security.JwtService - Extracting username from JWT token
2026-08-02 15:45:59 [http-nio-8080-exec-6] DEBUG c.i.backend.security.JwtService - Extracting claim from JWT token
2026-08-02 15:45:59 [http-nio-8080-exec-6] DEBUG c.i.backend.security.JwtService - Retrieving signing key for JWT
2026-08-02 15:45:59 [http-nio-8080-exec-6] DEBUG c.i.backend.security.JwtService - Signing key retrieved successfully
2026-08-02 15:45:59 [http-nio-8080-exec-6] DEBUG c.i.backend.security.JwtService - Claims extracted successfully from JWT token
2026-08-02 15:45:59 [http-nio-8080-exec-6] DEBUG c.i.backend.security.JwtService - Username extracted successfully from JWT: ahmed
2026-08-02 15:45:59 [http-nio-8080-exec-6] DEBUG c.i.backend.security.JwtService - Checking if JWT token is expired
2026-08-02 15:45:59 [http-nio-8080-exec-6] DEBUG c.i.backend.security.JwtService - Extracting expiration date from JWT token
2026-08-02 15:45:59 [http-nio-8080-exec-6] DEBUG c.i.backend.security.JwtService - Extracting claim from JWT token
2026-08-02 15:45:59 [http-nio-8080-exec-6] DEBUG c.i.backend.security.JwtService - Retrieving signing key for JWT
2026-08-02 15:45:59 [http-nio-8080-exec-6] DEBUG c.i.backend.security.JwtService - Signing key retrieved successfully
2026-08-02 15:45:59 [http-nio-8080-exec-6] DEBUG c.i.backend.security.JwtService - Claims extracted successfully from JWT token
2026-08-02 15:45:59 [http-nio-8080-exec-6] DEBUG c.i.backend.security.JwtService - Expiration date extracted: Mon Aug 03 15:45:57 EEST 2026
2026-08-02 15:45:59 [http-nio-8080-exec-6] DEBUG c.i.backend.security.JwtService - Token expiration check - Expiration Date: Mon Aug 03 15:45:57 EEST 2026, Current Date: Sun Aug 02 15:45:59 EEST 2026, Is Expired: false
2026-08-02 15:45:59 [http-nio-8080-exec-6] DEBUG c.i.backend.security.JwtService - Token validation details - Username: ahmed, Username Match: true, Is Expired: false
2026-08-02 15:45:59 [http-nio-8080-exec-6] DEBUG c.i.backend.security.JwtService - JWT token validation successful for username: ahmed
2026-08-02 15:45:59 [http-nio-8080-exec-6] DEBUG c.i.b.s.JwtAuthenticationFilter - JWT token validation successful for user: ahmed
2026-08-02 15:45:59 [http-nio-8080-exec-6] INFO  c.i.b.s.JwtAuthenticationFilter - User authenticated successfully - Username: ahmed, Request: GET /api/tasks/null
2026-08-02 15:45:59 [http-nio-8080-exec-6] WARN  o.s.w.s.m.s.DefaultHandlerExceptionResolver - Resolved [org.springframework.web.method.annotation.MethodArgumentTypeMismatchException: Method parameter 'id': Failed to convert value of type 'java.lang.String' to required type 'java.lang.Long'; For input string: "null"]
2026-08-02 15:46:12 [http-nio-8080-exec-1] DEBUG c.i.b.s.JwtAuthenticationFilter - Processing request - Method: POST, Path: /api/tasks
2026-08-02 15:46:12 [http-nio-8080-exec-1] DEBUG c.i.b.s.JwtAuthenticationFilter - JWT token extracted from Authorization header for request: POST /api/tasks
2026-08-02 15:46:12 [http-nio-8080-exec-1] DEBUG c.i.backend.security.JwtService - Extracting username from JWT token
2026-08-02 15:46:12 [http-nio-8080-exec-1] DEBUG c.i.backend.security.JwtService - Extracting claim from JWT token
2026-08-02 15:46:12 [http-nio-8080-exec-1] DEBUG c.i.backend.security.JwtService - Retrieving signing key for JWT
2026-08-02 15:46:12 [http-nio-8080-exec-1] DEBUG c.i.backend.security.JwtService - Signing key retrieved successfully
2026-08-02 15:46:12 [http-nio-8080-exec-1] DEBUG c.i.backend.security.JwtService - Claims extracted successfully from JWT token
2026-08-02 15:46:12 [http-nio-8080-exec-1] DEBUG c.i.backend.security.JwtService - Username extracted successfully from JWT: ahmed
2026-08-02 15:46:12 [http-nio-8080-exec-1] DEBUG c.i.b.s.JwtAuthenticationFilter - Username extracted from JWT: ahmed
2026-08-02 15:46:12 [http-nio-8080-exec-1] DEBUG c.i.b.s.JwtAuthenticationFilter - Attempting to authenticate user: ahmed for request: POST /api/tasks
2026-08-02 15:46:12 [http-nio-8080-exec-1] DEBUG c.i.b.s.JwtAuthenticationFilter - User details found for username: ahmed
2026-08-02 15:46:12 [http-nio-8080-exec-1] DEBUG c.i.backend.security.JwtService - Validating JWT token for username: ahmed
2026-08-02 15:46:12 [http-nio-8080-exec-1] DEBUG c.i.backend.security.JwtService - Extracting username from JWT token
2026-08-02 15:46:12 [http-nio-8080-exec-1] DEBUG c.i.backend.security.JwtService - Extracting claim from JWT token
2026-08-02 15:46:12 [http-nio-8080-exec-1] DEBUG c.i.backend.security.JwtService - Retrieving signing key for JWT
2026-08-02 15:46:12 [http-nio-8080-exec-1] DEBUG c.i.backend.security.JwtService - Signing key retrieved successfully
2026-08-02 15:46:12 [http-nio-8080-exec-1] DEBUG c.i.backend.security.JwtService - Claims extracted successfully from JWT token
2026-08-02 15:46:12 [http-nio-8080-exec-1] DEBUG c.i.backend.security.JwtService - Username extracted successfully from JWT: ahmed
2026-08-02 15:46:12 [http-nio-8080-exec-1] DEBUG c.i.backend.security.JwtService - Checking if JWT token is expired
2026-08-02 15:46:12 [http-nio-8080-exec-1] DEBUG c.i.backend.security.JwtService - Extracting expiration date from JWT token
2026-08-02 15:46:12 [http-nio-8080-exec-1] DEBUG c.i.backend.security.JwtService - Extracting claim from JWT token
2026-08-02 15:46:12 [http-nio-8080-exec-1] DEBUG c.i.backend.security.JwtService - Retrieving signing key for JWT
2026-08-02 15:46:12 [http-nio-8080-exec-1] DEBUG c.i.backend.security.JwtService - Signing key retrieved successfully
2026-08-02 15:46:12 [http-nio-8080-exec-1] DEBUG c.i.backend.security.JwtService - Claims extracted successfully from JWT token
2026-08-02 15:46:12 [http-nio-8080-exec-1] DEBUG c.i.backend.security.JwtService - Expiration date extracted: Mon Aug 03 15:45:57 EEST 2026
2026-08-02 15:46:12 [http-nio-8080-exec-1] DEBUG c.i.backend.security.JwtService - Token expiration check - Expiration Date: Mon Aug 03 15:45:57 EEST 2026, Current Date: Sun Aug 02 15:46:12 EEST 2026, Is Expired: false
2026-08-02 15:46:12 [http-nio-8080-exec-1] DEBUG c.i.backend.security.JwtService - Token validation details - Username: ahmed, Username Match: true, Is Expired: false
2026-08-02 15:46:12 [http-nio-8080-exec-1] DEBUG c.i.backend.security.JwtService - JWT token validation successful for username: ahmed
2026-08-02 15:46:12 [http-nio-8080-exec-1] DEBUG c.i.b.s.JwtAuthenticationFilter - JWT token validation successful for user: ahmed
2026-08-02 15:46:12 [http-nio-8080-exec-1] INFO  c.i.b.s.JwtAuthenticationFilter - User authenticated successfully - Username: ahmed, Request: POST /api/tasks
2026-08-02 15:46:12 [http-nio-8080-exec-1] INFO  c.i.b.controller.TaskController - Creating new task for user: ahmed - Title: task1
2026-08-02 15:46:12 [http-nio-8080-exec-1] DEBUG c.i.backend.service.TaskService - Creating new task for user: ahmed - Title: 'task1', Priority: LOW, Status: IN_PROGRESS
2026-08-02 15:46:12 [http-nio-8080-exec-1] DEBUG c.i.backend.service.TaskService - Built task object - preparing to save for user: ahmed
2026-08-02 15:46:12 [http-nio-8080-exec-1] INFO  c.i.backend.service.TaskService - Task created and saved successfully - ID: 1, User: ahmed
2026-08-02 15:46:12 [http-nio-8080-exec-1] DEBUG c.i.backend.service.TaskService - Task response DTO created for task ID: 1
2026-08-02 15:46:12 [http-nio-8080-exec-1] INFO  c.i.b.controller.TaskController - Task created successfully for user: ahmed - Task ID: 1 - Duration: 13ms
2026-08-02 15:46:12 [http-nio-8080-exec-2] DEBUG c.i.b.s.JwtAuthenticationFilter - Processing request - Method: GET, Path: /api/tasks
2026-08-02 15:46:12 [http-nio-8080-exec-2] DEBUG c.i.b.s.JwtAuthenticationFilter - JWT token extracted from Authorization header for request: GET /api/tasks
2026-08-02 15:46:12 [http-nio-8080-exec-2] DEBUG c.i.backend.security.JwtService - Extracting username from JWT token
2026-08-02 15:46:12 [http-nio-8080-exec-2] DEBUG c.i.backend.security.JwtService - Extracting claim from JWT token
2026-08-02 15:46:12 [http-nio-8080-exec-2] DEBUG c.i.backend.security.JwtService - Retrieving signing key for JWT
2026-08-02 15:46:12 [http-nio-8080-exec-2] DEBUG c.i.backend.security.JwtService - Signing key retrieved successfully
2026-08-02 15:46:12 [http-nio-8080-exec-2] DEBUG c.i.backend.security.JwtService - Claims extracted successfully from JWT token
2026-08-02 15:46:12 [http-nio-8080-exec-2] DEBUG c.i.backend.security.JwtService - Username extracted successfully from JWT: ahmed
2026-08-02 15:46:12 [http-nio-8080-exec-2] DEBUG c.i.b.s.JwtAuthenticationFilter - Username extracted from JWT: ahmed
2026-08-02 15:46:12 [http-nio-8080-exec-2] DEBUG c.i.b.s.JwtAuthenticationFilter - Attempting to authenticate user: ahmed for request: GET /api/tasks
2026-08-02 15:46:12 [http-nio-8080-exec-2] DEBUG c.i.b.s.JwtAuthenticationFilter - User details found for username: ahmed
2026-08-02 15:46:12 [http-nio-8080-exec-2] DEBUG c.i.backend.security.JwtService - Validating JWT token for username: ahmed
2026-08-02 15:46:12 [http-nio-8080-exec-2] DEBUG c.i.backend.security.JwtService - Extracting username from JWT token
2026-08-02 15:46:12 [http-nio-8080-exec-2] DEBUG c.i.backend.security.JwtService - Extracting claim from JWT token
2026-08-02 15:46:12 [http-nio-8080-exec-2] DEBUG c.i.backend.security.JwtService - Retrieving signing key for JWT
2026-08-02 15:46:12 [http-nio-8080-exec-2] DEBUG c.i.backend.security.JwtService - Signing key retrieved successfully
2026-08-02 15:46:12 [http-nio-8080-exec-2] DEBUG c.i.backend.security.JwtService - Claims extracted successfully from JWT token
2026-08-02 15:46:12 [http-nio-8080-exec-2] DEBUG c.i.backend.security.JwtService - Username extracted successfully from JWT: ahmed
2026-08-02 15:46:12 [http-nio-8080-exec-2] DEBUG c.i.backend.security.JwtService - Checking if JWT token is expired
2026-08-02 15:46:12 [http-nio-8080-exec-2] DEBUG c.i.backend.security.JwtService - Extracting expiration date from JWT token
2026-08-02 15:46:12 [http-nio-8080-exec-2] DEBUG c.i.backend.security.JwtService - Extracting claim from JWT token
2026-08-02 15:46:12 [http-nio-8080-exec-2] DEBUG c.i.backend.security.JwtService - Retrieving signing key for JWT
2026-08-02 15:46:12 [http-nio-8080-exec-2] DEBUG c.i.backend.security.JwtService - Signing key retrieved successfully
2026-08-02 15:46:12 [http-nio-8080-exec-2] DEBUG c.i.backend.security.JwtService - Claims extracted successfully from JWT token
2026-08-02 15:46:12 [http-nio-8080-exec-2] DEBUG c.i.backend.security.JwtService - Expiration date extracted: Mon Aug 03 15:45:57 EEST 2026
2026-08-02 15:46:12 [http-nio-8080-exec-2] DEBUG c.i.backend.security.JwtService - Token expiration check - Expiration Date: Mon Aug 03 15:45:57 EEST 2026, Current Date: Sun Aug 02 15:46:12 EEST 2026, Is Expired: false
2026-08-02 15:46:12 [http-nio-8080-exec-2] DEBUG c.i.backend.security.JwtService - Token validation details - Username: ahmed, Username Match: true, Is Expired: false
2026-08-02 15:46:12 [http-nio-8080-exec-2] DEBUG c.i.backend.security.JwtService - JWT token validation successful for username: ahmed
2026-08-02 15:46:12 [http-nio-8080-exec-2] DEBUG c.i.b.s.JwtAuthenticationFilter - JWT token validation successful for user: ahmed
2026-08-02 15:46:12 [http-nio-8080-exec-2] INFO  c.i.b.s.JwtAuthenticationFilter - User authenticated successfully - Username: ahmed, Request: GET /api/tasks
2026-08-02 15:46:12 [http-nio-8080-exec-2] INFO  c.i.b.controller.TaskController - Fetching tasks for user: ahmed - Status filter: null, Priority filter: null
2026-08-02 15:46:12 [http-nio-8080-exec-2] DEBUG c.i.backend.service.TaskService - Fetching tasks for user: ahmed - Status filter: null, Priority filter: null
2026-08-02 15:46:12 [http-nio-8080-exec-2] DEBUG c.i.backend.service.TaskService - Querying all tasks for user: ahmed
2026-08-02 15:46:12 [http-nio-8080-exec-2] INFO  c.i.backend.service.TaskService - Retrieved 1 tasks for user: ahmed
2026-08-02 15:46:12 [http-nio-8080-exec-2] DEBUG c.i.backend.service.TaskService - Converted 1 tasks to response DTOs for user: ahmed
2026-08-02 15:46:12 [http-nio-8080-exec-2] INFO  c.i.b.controller.TaskController - Tasks fetched successfully for user: ahmed - Count: 1 - Duration: 18ms
2026-08-02 15:46:15 [http-nio-8080-exec-4] DEBUG c.i.b.s.JwtAuthenticationFilter - Processing request - Method: GET, Path: /api/tasks/null
2026-08-02 15:46:15 [http-nio-8080-exec-4] DEBUG c.i.b.s.JwtAuthenticationFilter - JWT token extracted from Authorization header for request: GET /api/tasks/null
2026-08-02 15:46:15 [http-nio-8080-exec-4] DEBUG c.i.backend.security.JwtService - Extracting username from JWT token
2026-08-02 15:46:15 [http-nio-8080-exec-4] DEBUG c.i.backend.security.JwtService - Extracting claim from JWT token
2026-08-02 15:46:15 [http-nio-8080-exec-4] DEBUG c.i.backend.security.JwtService - Retrieving signing key for JWT
2026-08-02 15:46:15 [http-nio-8080-exec-4] DEBUG c.i.backend.security.JwtService - Signing key retrieved successfully
2026-08-02 15:46:15 [http-nio-8080-exec-4] DEBUG c.i.backend.security.JwtService - Claims extracted successfully from JWT token
2026-08-02 15:46:15 [http-nio-8080-exec-4] DEBUG c.i.backend.security.JwtService - Username extracted successfully from JWT: ahmed
2026-08-02 15:46:15 [http-nio-8080-exec-4] DEBUG c.i.b.s.JwtAuthenticationFilter - Username extracted from JWT: ahmed
2026-08-02 15:46:15 [http-nio-8080-exec-4] DEBUG c.i.b.s.JwtAuthenticationFilter - Attempting to authenticate user: ahmed for request: GET /api/tasks/null
2026-08-02 15:46:15 [http-nio-8080-exec-4] DEBUG c.i.b.s.JwtAuthenticationFilter - User details found for username: ahmed
2026-08-02 15:46:15 [http-nio-8080-exec-4] DEBUG c.i.backend.security.JwtService - Validating JWT token for username: ahmed
2026-08-02 15:46:15 [http-nio-8080-exec-4] DEBUG c.i.backend.security.JwtService - Extracting username from JWT token
2026-08-02 15:46:15 [http-nio-8080-exec-4] DEBUG c.i.backend.security.JwtService - Extracting claim from JWT token
2026-08-02 15:46:15 [http-nio-8080-exec-4] DEBUG c.i.backend.security.JwtService - Retrieving signing key for JWT
2026-08-02 15:46:15 [http-nio-8080-exec-4] DEBUG c.i.backend.security.JwtService - Signing key retrieved successfully
2026-08-02 15:46:15 [http-nio-8080-exec-4] DEBUG c.i.backend.security.JwtService - Claims extracted successfully from JWT token
2026-08-02 15:46:15 [http-nio-8080-exec-4] DEBUG c.i.backend.security.JwtService - Username extracted successfully from JWT: ahmed
2026-08-02 15:46:15 [http-nio-8080-exec-4] DEBUG c.i.backend.security.JwtService - Checking if JWT token is expired
2026-08-02 15:46:15 [http-nio-8080-exec-4] DEBUG c.i.backend.security.JwtService - Extracting expiration date from JWT token
2026-08-02 15:46:15 [http-nio-8080-exec-4] DEBUG c.i.backend.security.JwtService - Extracting claim from JWT token
2026-08-02 15:46:15 [http-nio-8080-exec-4] DEBUG c.i.backend.security.JwtService - Retrieving signing key for JWT
2026-08-02 15:46:15 [http-nio-8080-exec-4] DEBUG c.i.backend.security.JwtService - Signing key retrieved successfully
2026-08-02 15:46:15 [http-nio-8080-exec-4] DEBUG c.i.backend.security.JwtService - Claims extracted successfully from JWT token
2026-08-02 15:46:15 [http-nio-8080-exec-4] DEBUG c.i.backend.security.JwtService - Expiration date extracted: Mon Aug 03 15:45:57 EEST 2026
2026-08-02 15:46:15 [http-nio-8080-exec-4] DEBUG c.i.backend.security.JwtService - Token expiration check - Expiration Date: Mon Aug 03 15:45:57 EEST 2026, Current Date: Sun Aug 02 15:46:15 EEST 2026, Is Expired: false
2026-08-02 15:46:15 [http-nio-8080-exec-4] DEBUG c.i.backend.security.JwtService - Token validation details - Username: ahmed, Username Match: true, Is Expired: false
2026-08-02 15:46:15 [http-nio-8080-exec-4] DEBUG c.i.backend.security.JwtService - JWT token validation successful for username: ahmed
2026-08-02 15:46:15 [http-nio-8080-exec-4] DEBUG c.i.b.s.JwtAuthenticationFilter - JWT token validation successful for user: ahmed
2026-08-02 15:46:15 [http-nio-8080-exec-4] INFO  c.i.b.s.JwtAuthenticationFilter - User authenticated successfully - Username: ahmed, Request: GET /api/tasks/null
2026-08-02 15:46:15 [http-nio-8080-exec-4] WARN  o.s.w.s.m.s.DefaultHandlerExceptionResolver - Resolved [org.springframework.web.method.annotation.MethodArgumentTypeMismatchException: Method parameter 'id': Failed to convert value of type 'java.lang.String' to required type 'java.lang.Long'; For input string: "null"]
2026-08-02 15:46:26 [http-nio-8080-exec-3] DEBUG c.i.b.s.JwtAuthenticationFilter - Processing request - Method: POST, Path: /api/tasks
2026-08-02 15:46:26 [http-nio-8080-exec-3] DEBUG c.i.b.s.JwtAuthenticationFilter - JWT token extracted from Authorization header for request: POST /api/tasks
2026-08-02 15:46:26 [http-nio-8080-exec-3] DEBUG c.i.backend.security.JwtService - Extracting username from JWT token
2026-08-02 15:46:26 [http-nio-8080-exec-3] DEBUG c.i.backend.security.JwtService - Extracting claim from JWT token
2026-08-02 15:46:26 [http-nio-8080-exec-3] DEBUG c.i.backend.security.JwtService - Retrieving signing key for JWT
2026-08-02 15:46:26 [http-nio-8080-exec-3] DEBUG c.i.backend.security.JwtService - Signing key retrieved successfully
2026-08-02 15:46:26 [http-nio-8080-exec-3] DEBUG c.i.backend.security.JwtService - Claims extracted successfully from JWT token
2026-08-02 15:46:26 [http-nio-8080-exec-3] DEBUG c.i.backend.security.JwtService - Username extracted successfully from JWT: ahmed
2026-08-02 15:46:26 [http-nio-8080-exec-3] DEBUG c.i.b.s.JwtAuthenticationFilter - Username extracted from JWT: ahmed
2026-08-02 15:46:26 [http-nio-8080-exec-3] DEBUG c.i.b.s.JwtAuthenticationFilter - Attempting to authenticate user: ahmed for request: POST /api/tasks
2026-08-02 15:46:26 [http-nio-8080-exec-3] DEBUG c.i.b.s.JwtAuthenticationFilter - User details found for username: ahmed
2026-08-02 15:46:26 [http-nio-8080-exec-3] DEBUG c.i.backend.security.JwtService - Validating JWT token for username: ahmed
2026-08-02 15:46:26 [http-nio-8080-exec-3] DEBUG c.i.backend.security.JwtService - Extracting username from JWT token
2026-08-02 15:46:26 [http-nio-8080-exec-3] DEBUG c.i.backend.security.JwtService - Extracting claim from JWT token
2026-08-02 15:46:26 [http-nio-8080-exec-3] DEBUG c.i.backend.security.JwtService - Retrieving signing key for JWT
2026-08-02 15:46:26 [http-nio-8080-exec-3] DEBUG c.i.backend.security.JwtService - Signing key retrieved successfully
2026-08-02 15:46:26 [http-nio-8080-exec-3] DEBUG c.i.backend.security.JwtService - Claims extracted successfully from JWT token
2026-08-02 15:46:26 [http-nio-8080-exec-3] DEBUG c.i.backend.security.JwtService - Username extracted successfully from JWT: ahmed
2026-08-02 15:46:26 [http-nio-8080-exec-3] DEBUG c.i.backend.security.JwtService - Checking if JWT token is expired
2026-08-02 15:46:26 [http-nio-8080-exec-3] DEBUG c.i.backend.security.JwtService - Extracting expiration date from JWT token
2026-08-02 15:46:26 [http-nio-8080-exec-3] DEBUG c.i.backend.security.JwtService - Extracting claim from JWT token
2026-08-02 15:46:26 [http-nio-8080-exec-3] DEBUG c.i.backend.security.JwtService - Retrieving signing key for JWT
2026-08-02 15:46:26 [http-nio-8080-exec-3] DEBUG c.i.backend.security.JwtService - Signing key retrieved successfully
2026-08-02 15:46:26 [http-nio-8080-exec-3] DEBUG c.i.backend.security.JwtService - Claims extracted successfully from JWT token
2026-08-02 15:46:26 [http-nio-8080-exec-3] DEBUG c.i.backend.security.JwtService - Expiration date extracted: Mon Aug 03 15:45:57 EEST 2026
2026-08-02 15:46:26 [http-nio-8080-exec-3] DEBUG c.i.backend.security.JwtService - Token expiration check - Expiration Date: Mon Aug 03 15:45:57 EEST 2026, Current Date: Sun Aug 02 15:46:26 EEST 2026, Is Expired: false
2026-08-02 15:46:26 [http-nio-8080-exec-3] DEBUG c.i.backend.security.JwtService - Token validation details - Username: ahmed, Username Match: true, Is Expired: false
2026-08-02 15:46:26 [http-nio-8080-exec-3] DEBUG c.i.backend.security.JwtService - JWT token validation successful for username: ahmed
2026-08-02 15:46:26 [http-nio-8080-exec-3] DEBUG c.i.b.s.JwtAuthenticationFilter - JWT token validation successful for user: ahmed
2026-08-02 15:46:26 [http-nio-8080-exec-3] INFO  c.i.b.s.JwtAuthenticationFilter - User authenticated successfully - Username: ahmed, Request: POST /api/tasks
2026-08-02 15:46:26 [http-nio-8080-exec-3] INFO  c.i.b.controller.TaskController - Creating new task for user: ahmed - Title: task2
2026-08-02 15:46:26 [http-nio-8080-exec-3] DEBUG c.i.backend.service.TaskService - Creating new task for user: ahmed - Title: 'task2', Priority: HIGH, Status: TODO
2026-08-02 15:46:26 [http-nio-8080-exec-3] DEBUG c.i.backend.service.TaskService - Built task object - preparing to save for user: ahmed
2026-08-02 15:46:26 [http-nio-8080-exec-3] INFO  c.i.backend.service.TaskService - Task created and saved successfully - ID: 2, User: ahmed
2026-08-02 15:46:26 [http-nio-8080-exec-3] DEBUG c.i.backend.service.TaskService - Task response DTO created for task ID: 2
2026-08-02 15:46:26 [http-nio-8080-exec-3] INFO  c.i.b.controller.TaskController - Task created successfully for user: ahmed - Task ID: 2 - Duration: 9ms
2026-08-02 15:46:26 [http-nio-8080-exec-5] DEBUG c.i.b.s.JwtAuthenticationFilter - Processing request - Method: GET, Path: /api/tasks
2026-08-02 15:46:26 [http-nio-8080-exec-5] DEBUG c.i.b.s.JwtAuthenticationFilter - JWT token extracted from Authorization header for request: GET /api/tasks
2026-08-02 15:46:26 [http-nio-8080-exec-5] DEBUG c.i.backend.security.JwtService - Extracting username from JWT token
2026-08-02 15:46:26 [http-nio-8080-exec-5] DEBUG c.i.backend.security.JwtService - Extracting claim from JWT token
2026-08-02 15:46:26 [http-nio-8080-exec-5] DEBUG c.i.backend.security.JwtService - Retrieving signing key for JWT
2026-08-02 15:46:26 [http-nio-8080-exec-5] DEBUG c.i.backend.security.JwtService - Signing key retrieved successfully
2026-08-02 15:46:26 [http-nio-8080-exec-5] DEBUG c.i.backend.security.JwtService - Claims extracted successfully from JWT token
2026-08-02 15:46:26 [http-nio-8080-exec-5] DEBUG c.i.backend.security.JwtService - Username extracted successfully from JWT: ahmed
2026-08-02 15:46:26 [http-nio-8080-exec-5] DEBUG c.i.b.s.JwtAuthenticationFilter - Username extracted from JWT: ahmed
2026-08-02 15:46:26 [http-nio-8080-exec-5] DEBUG c.i.b.s.JwtAuthenticationFilter - Attempting to authenticate user: ahmed for request: GET /api/tasks
2026-08-02 15:46:26 [http-nio-8080-exec-5] DEBUG c.i.b.s.JwtAuthenticationFilter - User details found for username: ahmed
2026-08-02 15:46:26 [http-nio-8080-exec-5] DEBUG c.i.backend.security.JwtService - Validating JWT token for username: ahmed
2026-08-02 15:46:26 [http-nio-8080-exec-5] DEBUG c.i.backend.security.JwtService - Extracting username from JWT token
2026-08-02 15:46:26 [http-nio-8080-exec-5] DEBUG c.i.backend.security.JwtService - Extracting claim from JWT token
2026-08-02 15:46:26 [http-nio-8080-exec-5] DEBUG c.i.backend.security.JwtService - Retrieving signing key for JWT
2026-08-02 15:46:26 [http-nio-8080-exec-5] DEBUG c.i.backend.security.JwtService - Signing key retrieved successfully
2026-08-02 15:46:26 [http-nio-8080-exec-5] DEBUG c.i.backend.security.JwtService - Claims extracted successfully from JWT token
2026-08-02 15:46:26 [http-nio-8080-exec-5] DEBUG c.i.backend.security.JwtService - Username extracted successfully from JWT: ahmed
2026-08-02 15:46:26 [http-nio-8080-exec-5] DEBUG c.i.backend.security.JwtService - Checking if JWT token is expired
2026-08-02 15:46:26 [http-nio-8080-exec-5] DEBUG c.i.backend.security.JwtService - Extracting expiration date from JWT token
2026-08-02 15:46:26 [http-nio-8080-exec-5] DEBUG c.i.backend.security.JwtService - Extracting claim from JWT token
2026-08-02 15:46:26 [http-nio-8080-exec-5] DEBUG c.i.backend.security.JwtService - Retrieving signing key for JWT
2026-08-02 15:46:26 [http-nio-8080-exec-5] DEBUG c.i.backend.security.JwtService - Signing key retrieved successfully
2026-08-02 15:46:26 [http-nio-8080-exec-5] DEBUG c.i.backend.security.JwtService - Claims extracted successfully from JWT token
2026-08-02 15:46:26 [http-nio-8080-exec-5] DEBUG c.i.backend.security.JwtService - Expiration date extracted: Mon Aug 03 15:45:57 EEST 2026
2026-08-02 15:46:26 [http-nio-8080-exec-5] DEBUG c.i.backend.security.JwtService - Token expiration check - Expiration Date: Mon Aug 03 15:45:57 EEST 2026, Current Date: Sun Aug 02 15:46:26 EEST 2026, Is Expired: false
2026-08-02 15:46:26 [http-nio-8080-exec-5] DEBUG c.i.backend.security.JwtService - Token validation details - Username: ahmed, Username Match: true, Is Expired: false
2026-08-02 15:46:26 [http-nio-8080-exec-5] DEBUG c.i.backend.security.JwtService - JWT token validation successful for username: ahmed
2026-08-02 15:46:26 [http-nio-8080-exec-5] DEBUG c.i.b.s.JwtAuthenticationFilter - JWT token validation successful for user: ahmed
2026-08-02 15:46:26 [http-nio-8080-exec-5] INFO  c.i.b.s.JwtAuthenticationFilter - User authenticated successfully - Username: ahmed, Request: GET /api/tasks
2026-08-02 15:46:26 [http-nio-8080-exec-5] INFO  c.i.b.controller.TaskController - Fetching tasks for user: ahmed - Status filter: null, Priority filter: null
2026-08-02 15:46:26 [http-nio-8080-exec-5] DEBUG c.i.backend.service.TaskService - Fetching tasks for user: ahmed - Status filter: null, Priority filter: null
2026-08-02 15:46:26 [http-nio-8080-exec-5] DEBUG c.i.backend.service.TaskService - Querying all tasks for user: ahmed
2026-08-02 15:46:26 [http-nio-8080-exec-5] INFO  c.i.backend.service.TaskService - Retrieved 2 tasks for user: ahmed
2026-08-02 15:46:26 [http-nio-8080-exec-5] DEBUG c.i.backend.service.TaskService - Converted 2 tasks to response DTOs for user: ahmed
2026-08-02 15:46:26 [http-nio-8080-exec-5] INFO  c.i.b.controller.TaskController - Tasks fetched successfully for user: ahmed - Count: 2 - Duration: 6ms
2026-08-02 15:46:29 [http-nio-8080-exec-9] DEBUG c.i.b.s.JwtAuthenticationFilter - Processing request - Method: GET, Path: /api/tasks/null
2026-08-02 15:46:29 [http-nio-8080-exec-9] DEBUG c.i.b.s.JwtAuthenticationFilter - JWT token extracted from Authorization header for request: GET /api/tasks/null
2026-08-02 15:46:29 [http-nio-8080-exec-9] DEBUG c.i.backend.security.JwtService - Extracting username from JWT token
2026-08-02 15:46:29 [http-nio-8080-exec-9] DEBUG c.i.backend.security.JwtService - Extracting claim from JWT token
2026-08-02 15:46:29 [http-nio-8080-exec-9] DEBUG c.i.backend.security.JwtService - Retrieving signing key for JWT
2026-08-02 15:46:29 [http-nio-8080-exec-9] DEBUG c.i.backend.security.JwtService - Signing key retrieved successfully
2026-08-02 15:46:29 [http-nio-8080-exec-9] DEBUG c.i.backend.security.JwtService - Claims extracted successfully from JWT token
2026-08-02 15:46:29 [http-nio-8080-exec-9] DEBUG c.i.backend.security.JwtService - Username extracted successfully from JWT: ahmed
2026-08-02 15:46:29 [http-nio-8080-exec-9] DEBUG c.i.b.s.JwtAuthenticationFilter - Username extracted from JWT: ahmed
2026-08-02 15:46:29 [http-nio-8080-exec-9] DEBUG c.i.b.s.JwtAuthenticationFilter - Attempting to authenticate user: ahmed for request: GET /api/tasks/null
2026-08-02 15:46:29 [http-nio-8080-exec-9] DEBUG c.i.b.s.JwtAuthenticationFilter - User details found for username: ahmed
2026-08-02 15:46:29 [http-nio-8080-exec-9] DEBUG c.i.backend.security.JwtService - Validating JWT token for username: ahmed
2026-08-02 15:46:29 [http-nio-8080-exec-9] DEBUG c.i.backend.security.JwtService - Extracting username from JWT token
2026-08-02 15:46:29 [http-nio-8080-exec-9] DEBUG c.i.backend.security.JwtService - Extracting claim from JWT token
2026-08-02 15:46:29 [http-nio-8080-exec-9] DEBUG c.i.backend.security.JwtService - Retrieving signing key for JWT
2026-08-02 15:46:29 [http-nio-8080-exec-9] DEBUG c.i.backend.security.JwtService - Signing key retrieved successfully
2026-08-02 15:46:29 [http-nio-8080-exec-9] DEBUG c.i.backend.security.JwtService - Claims extracted successfully from JWT token
2026-08-02 15:46:29 [http-nio-8080-exec-9] DEBUG c.i.backend.security.JwtService - Username extracted successfully from JWT: ahmed
2026-08-02 15:46:29 [http-nio-8080-exec-9] DEBUG c.i.backend.security.JwtService - Checking if JWT token is expired
2026-08-02 15:46:29 [http-nio-8080-exec-9] DEBUG c.i.backend.security.JwtService - Extracting expiration date from JWT token
2026-08-02 15:46:29 [http-nio-8080-exec-9] DEBUG c.i.backend.security.JwtService - Extracting claim from JWT token
2026-08-02 15:46:29 [http-nio-8080-exec-9] DEBUG c.i.backend.security.JwtService - Retrieving signing key for JWT
2026-08-02 15:46:29 [http-nio-8080-exec-9] DEBUG c.i.backend.security.JwtService - Signing key retrieved successfully
2026-08-02 15:46:29 [http-nio-8080-exec-9] DEBUG c.i.backend.security.JwtService - Claims extracted successfully from JWT token
2026-08-02 15:46:29 [http-nio-8080-exec-9] DEBUG c.i.backend.security.JwtService - Expiration date extracted: Mon Aug 03 15:45:57 EEST 2026
2026-08-02 15:46:29 [http-nio-8080-exec-9] DEBUG c.i.backend.security.JwtService - Token expiration check - Expiration Date: Mon Aug 03 15:45:57 EEST 2026, Current Date: Sun Aug 02 15:46:29 EEST 2026, Is Expired: false
2026-08-02 15:46:29 [http-nio-8080-exec-9] DEBUG c.i.backend.security.JwtService - Token validation details - Username: ahmed, Username Match: true, Is Expired: false
2026-08-02 15:46:29 [http-nio-8080-exec-9] DEBUG c.i.backend.security.JwtService - JWT token validation successful for username: ahmed
2026-08-02 15:46:29 [http-nio-8080-exec-9] DEBUG c.i.b.s.JwtAuthenticationFilter - JWT token validation successful for user: ahmed
2026-08-02 15:46:29 [http-nio-8080-exec-9] INFO  c.i.b.s.JwtAuthenticationFilter - User authenticated successfully - Username: ahmed, Request: GET /api/tasks/null
2026-08-02 15:46:29 [http-nio-8080-exec-9] WARN  o.s.w.s.m.s.DefaultHandlerExceptionResolver - Resolved [org.springframework.web.method.annotation.MethodArgumentTypeMismatchException: Method parameter 'id': Failed to convert value of type 'java.lang.String' to required type 'java.lang.Long'; For input string: "null"]
2026-08-02 15:46:46 [http-nio-8080-exec-7] DEBUG c.i.b.s.JwtAuthenticationFilter - Processing request - Method: POST, Path: /api/tasks
2026-08-02 15:46:46 [http-nio-8080-exec-7] DEBUG c.i.b.s.JwtAuthenticationFilter - JWT token extracted from Authorization header for request: POST /api/tasks
2026-08-02 15:46:46 [http-nio-8080-exec-7] DEBUG c.i.backend.security.JwtService - Extracting username from JWT token
2026-08-02 15:46:46 [http-nio-8080-exec-7] DEBUG c.i.backend.security.JwtService - Extracting claim from JWT token
2026-08-02 15:46:46 [http-nio-8080-exec-7] DEBUG c.i.backend.security.JwtService - Retrieving signing key for JWT
2026-08-02 15:46:46 [http-nio-8080-exec-7] DEBUG c.i.backend.security.JwtService - Signing key retrieved successfully
2026-08-02 15:46:46 [http-nio-8080-exec-7] DEBUG c.i.backend.security.JwtService - Claims extracted successfully from JWT token
2026-08-02 15:46:46 [http-nio-8080-exec-7] DEBUG c.i.backend.security.JwtService - Username extracted successfully from JWT: ahmed
2026-08-02 15:46:46 [http-nio-8080-exec-7] DEBUG c.i.b.s.JwtAuthenticationFilter - Username extracted from JWT: ahmed
2026-08-02 15:46:46 [http-nio-8080-exec-7] DEBUG c.i.b.s.JwtAuthenticationFilter - Attempting to authenticate user: ahmed for request: POST /api/tasks
2026-08-02 15:46:46 [http-nio-8080-exec-7] DEBUG c.i.b.s.JwtAuthenticationFilter - User details found for username: ahmed
2026-08-02 15:46:46 [http-nio-8080-exec-7] DEBUG c.i.backend.security.JwtService - Validating JWT token for username: ahmed
2026-08-02 15:46:46 [http-nio-8080-exec-7] DEBUG c.i.backend.security.JwtService - Extracting username from JWT token
2026-08-02 15:46:46 [http-nio-8080-exec-7] DEBUG c.i.backend.security.JwtService - Extracting claim from JWT token
2026-08-02 15:46:46 [http-nio-8080-exec-7] DEBUG c.i.backend.security.JwtService - Retrieving signing key for JWT
2026-08-02 15:46:46 [http-nio-8080-exec-7] DEBUG c.i.backend.security.JwtService - Signing key retrieved successfully
2026-08-02 15:46:46 [http-nio-8080-exec-7] DEBUG c.i.backend.security.JwtService - Claims extracted successfully from JWT token
2026-08-02 15:46:46 [http-nio-8080-exec-7] DEBUG c.i.backend.security.JwtService - Username extracted successfully from JWT: ahmed
2026-08-02 15:46:46 [http-nio-8080-exec-7] DEBUG c.i.backend.security.JwtService - Checking if JWT token is expired
2026-08-02 15:46:46 [http-nio-8080-exec-7] DEBUG c.i.backend.security.JwtService - Extracting expiration date from JWT token
2026-08-02 15:46:46 [http-nio-8080-exec-7] DEBUG c.i.backend.security.JwtService - Extracting claim from JWT token
2026-08-02 15:46:46 [http-nio-8080-exec-7] DEBUG c.i.backend.security.JwtService - Retrieving signing key for JWT
2026-08-02 15:46:46 [http-nio-8080-exec-7] DEBUG c.i.backend.security.JwtService - Signing key retrieved successfully
2026-08-02 15:46:46 [http-nio-8080-exec-7] DEBUG c.i.backend.security.JwtService - Claims extracted successfully from JWT token
2026-08-02 15:46:46 [http-nio-8080-exec-7] DEBUG c.i.backend.security.JwtService - Expiration date extracted: Mon Aug 03 15:45:57 EEST 2026
2026-08-02 15:46:46 [http-nio-8080-exec-7] DEBUG c.i.backend.security.JwtService - Token expiration check - Expiration Date: Mon Aug 03 15:45:57 EEST 2026, Current Date: Sun Aug 02 15:46:46 EEST 2026, Is Expired: false
2026-08-02 15:46:46 [http-nio-8080-exec-7] DEBUG c.i.backend.security.JwtService - Token validation details - Username: ahmed, Username Match: true, Is Expired: false
2026-08-02 15:46:46 [http-nio-8080-exec-7] DEBUG c.i.backend.security.JwtService - JWT token validation successful for username: ahmed
2026-08-02 15:46:46 [http-nio-8080-exec-7] DEBUG c.i.b.s.JwtAuthenticationFilter - JWT token validation successful for user: ahmed
2026-08-02 15:46:46 [http-nio-8080-exec-7] INFO  c.i.b.s.JwtAuthenticationFilter - User authenticated successfully - Username: ahmed, Request: POST /api/tasks
2026-08-02 15:46:46 [http-nio-8080-exec-7] WARN  o.s.w.s.m.s.DefaultHandlerExceptionResolver - Resolved [org.springframework.web.bind.MethodArgumentNotValidException: Validation failed for argument [0] in public com.internship.backend.dto.TaskResponseDTO com.internship.backend.controller.TaskController.createTask(com.internship.backend.dto.TaskRequestDTO,com.internship.backend.entity.User): [Field error in object 'taskRequestDTO' on field 'title': rejected value []; codes [NotBlank.taskRequestDTO.title,NotBlank.title,NotBlank.java.lang.String,NotBlank]; arguments [org.springframework.context.support.DefaultMessageSourceResolvable: codes [taskRequestDTO.title,title]; arguments []; default message [title]]; default message [Title is mandatory]] ]
2026-08-02 15:46:52 [http-nio-8080-exec-8] DEBUG c.i.b.s.JwtAuthenticationFilter - Processing request - Method: POST, Path: /api/tasks
2026-08-02 15:46:52 [http-nio-8080-exec-8] DEBUG c.i.b.s.JwtAuthenticationFilter - JWT token extracted from Authorization header for request: POST /api/tasks
2026-08-02 15:46:52 [http-nio-8080-exec-8] DEBUG c.i.backend.security.JwtService - Extracting username from JWT token
2026-08-02 15:46:52 [http-nio-8080-exec-8] DEBUG c.i.backend.security.JwtService - Extracting claim from JWT token
2026-08-02 15:46:52 [http-nio-8080-exec-8] DEBUG c.i.backend.security.JwtService - Retrieving signing key for JWT
2026-08-02 15:46:52 [http-nio-8080-exec-8] DEBUG c.i.backend.security.JwtService - Signing key retrieved successfully
2026-08-02 15:46:52 [http-nio-8080-exec-8] DEBUG c.i.backend.security.JwtService - Claims extracted successfully from JWT token
2026-08-02 15:46:52 [http-nio-8080-exec-8] DEBUG c.i.backend.security.JwtService - Username extracted successfully from JWT: ahmed
2026-08-02 15:46:52 [http-nio-8080-exec-8] DEBUG c.i.b.s.JwtAuthenticationFilter - Username extracted from JWT: ahmed
2026-08-02 15:46:52 [http-nio-8080-exec-8] DEBUG c.i.b.s.JwtAuthenticationFilter - Attempting to authenticate user: ahmed for request: POST /api/tasks
2026-08-02 15:46:52 [http-nio-8080-exec-8] DEBUG c.i.b.s.JwtAuthenticationFilter - User details found for username: ahmed
2026-08-02 15:46:52 [http-nio-8080-exec-8] DEBUG c.i.backend.security.JwtService - Validating JWT token for username: ahmed
2026-08-02 15:46:52 [http-nio-8080-exec-8] DEBUG c.i.backend.security.JwtService - Extracting username from JWT token
2026-08-02 15:46:52 [http-nio-8080-exec-8] DEBUG c.i.backend.security.JwtService - Extracting claim from JWT token
2026-08-02 15:46:52 [http-nio-8080-exec-8] DEBUG c.i.backend.security.JwtService - Retrieving signing key for JWT
2026-08-02 15:46:52 [http-nio-8080-exec-8] DEBUG c.i.backend.security.JwtService - Signing key retrieved successfully
2026-08-02 15:46:52 [http-nio-8080-exec-8] DEBUG c.i.backend.security.JwtService - Claims extracted successfully from JWT token
2026-08-02 15:46:52 [http-nio-8080-exec-8] DEBUG c.i.backend.security.JwtService - Username extracted successfully from JWT: ahmed
2026-08-02 15:46:52 [http-nio-8080-exec-8] DEBUG c.i.backend.security.JwtService - Checking if JWT token is expired
2026-08-02 15:46:52 [http-nio-8080-exec-8] DEBUG c.i.backend.security.JwtService - Extracting expiration date from JWT token
2026-08-02 15:46:52 [http-nio-8080-exec-8] DEBUG c.i.backend.security.JwtService - Extracting claim from JWT token
2026-08-02 15:46:52 [http-nio-8080-exec-8] DEBUG c.i.backend.security.JwtService - Retrieving signing key for JWT
2026-08-02 15:46:52 [http-nio-8080-exec-8] DEBUG c.i.backend.security.JwtService - Signing key retrieved successfully
2026-08-02 15:46:52 [http-nio-8080-exec-8] DEBUG c.i.backend.security.JwtService - Claims extracted successfully from JWT token
2026-08-02 15:46:52 [http-nio-8080-exec-8] DEBUG c.i.backend.security.JwtService - Expiration date extracted: Mon Aug 03 15:45:57 EEST 2026
2026-08-02 15:46:52 [http-nio-8080-exec-8] DEBUG c.i.backend.security.JwtService - Token expiration check - Expiration Date: Mon Aug 03 15:45:57 EEST 2026, Current Date: Sun Aug 02 15:46:52 EEST 2026, Is Expired: false
2026-08-02 15:46:52 [http-nio-8080-exec-8] DEBUG c.i.backend.security.JwtService - Token validation details - Username: ahmed, Username Match: true, Is Expired: false
2026-08-02 15:46:52 [http-nio-8080-exec-8] DEBUG c.i.backend.security.JwtService - JWT token validation successful for username: ahmed
2026-08-02 15:46:52 [http-nio-8080-exec-8] DEBUG c.i.b.s.JwtAuthenticationFilter - JWT token validation successful for user: ahmed
2026-08-02 15:46:52 [http-nio-8080-exec-8] INFO  c.i.b.s.JwtAuthenticationFilter - User authenticated successfully - Username: ahmed, Request: POST /api/tasks
2026-08-02 15:46:52 [http-nio-8080-exec-8] INFO  c.i.b.controller.TaskController - Creating new task for user: ahmed - Title: task3
2026-08-02 15:46:52 [http-nio-8080-exec-8] DEBUG c.i.backend.service.TaskService - Creating new task for user: ahmed - Title: 'task3', Priority: LOW, Status: DONE
2026-08-02 15:46:52 [http-nio-8080-exec-8] DEBUG c.i.backend.service.TaskService - Built task object - preparing to save for user: ahmed
2026-08-02 15:46:52 [http-nio-8080-exec-8] INFO  c.i.backend.service.TaskService - Task created and saved successfully - ID: 3, User: ahmed
2026-08-02 15:46:52 [http-nio-8080-exec-8] DEBUG c.i.backend.service.TaskService - Task response DTO created for task ID: 3
2026-08-02 15:46:52 [http-nio-8080-exec-8] INFO  c.i.b.controller.TaskController - Task created successfully for user: ahmed - Task ID: 3 - Duration: 12ms
2026-08-02 15:46:52 [http-nio-8080-exec-6] DEBUG c.i.b.s.JwtAuthenticationFilter - Processing request - Method: GET, Path: /api/tasks
2026-08-02 15:46:52 [http-nio-8080-exec-6] DEBUG c.i.b.s.JwtAuthenticationFilter - JWT token extracted from Authorization header for request: GET /api/tasks
2026-08-02 15:46:52 [http-nio-8080-exec-6] DEBUG c.i.backend.security.JwtService - Extracting username from JWT token
2026-08-02 15:46:52 [http-nio-8080-exec-6] DEBUG c.i.backend.security.JwtService - Extracting claim from JWT token
2026-08-02 15:46:52 [http-nio-8080-exec-6] DEBUG c.i.backend.security.JwtService - Retrieving signing key for JWT
2026-08-02 15:46:52 [http-nio-8080-exec-6] DEBUG c.i.backend.security.JwtService - Signing key retrieved successfully
2026-08-02 15:46:52 [http-nio-8080-exec-6] DEBUG c.i.backend.security.JwtService - Claims extracted successfully from JWT token
2026-08-02 15:46:52 [http-nio-8080-exec-6] DEBUG c.i.backend.security.JwtService - Username extracted successfully from JWT: ahmed
2026-08-02 15:46:52 [http-nio-8080-exec-6] DEBUG c.i.b.s.JwtAuthenticationFilter - Username extracted from JWT: ahmed
2026-08-02 15:46:52 [http-nio-8080-exec-6] DEBUG c.i.b.s.JwtAuthenticationFilter - Attempting to authenticate user: ahmed for request: GET /api/tasks
2026-08-02 15:46:52 [http-nio-8080-exec-6] DEBUG c.i.b.s.JwtAuthenticationFilter - User details found for username: ahmed
2026-08-02 15:46:52 [http-nio-8080-exec-6] DEBUG c.i.backend.security.JwtService - Validating JWT token for username: ahmed
2026-08-02 15:46:52 [http-nio-8080-exec-6] DEBUG c.i.backend.security.JwtService - Extracting username from JWT token
2026-08-02 15:46:52 [http-nio-8080-exec-6] DEBUG c.i.backend.security.JwtService - Extracting claim from JWT token
2026-08-02 15:46:52 [http-nio-8080-exec-6] DEBUG c.i.backend.security.JwtService - Retrieving signing key for JWT
2026-08-02 15:46:52 [http-nio-8080-exec-6] DEBUG c.i.backend.security.JwtService - Signing key retrieved successfully
2026-08-02 15:46:52 [http-nio-8080-exec-6] DEBUG c.i.backend.security.JwtService - Claims extracted successfully from JWT token
2026-08-02 15:46:52 [http-nio-8080-exec-6] DEBUG c.i.backend.security.JwtService - Username extracted successfully from JWT: ahmed
2026-08-02 15:46:52 [http-nio-8080-exec-6] DEBUG c.i.backend.security.JwtService - Checking if JWT token is expired
2026-08-02 15:46:52 [http-nio-8080-exec-6] DEBUG c.i.backend.security.JwtService - Extracting expiration date from JWT token
2026-08-02 15:46:52 [http-nio-8080-exec-6] DEBUG c.i.backend.security.JwtService - Extracting claim from JWT token
2026-08-02 15:46:52 [http-nio-8080-exec-6] DEBUG c.i.backend.security.JwtService - Retrieving signing key for JWT
2026-08-02 15:46:52 [http-nio-8080-exec-6] DEBUG c.i.backend.security.JwtService - Signing key retrieved successfully
2026-08-02 15:46:52 [http-nio-8080-exec-6] DEBUG c.i.backend.security.JwtService - Claims extracted successfully from JWT token
2026-08-02 15:46:52 [http-nio-8080-exec-6] DEBUG c.i.backend.security.JwtService - Expiration date extracted: Mon Aug 03 15:45:57 EEST 2026
2026-08-02 15:46:52 [http-nio-8080-exec-6] DEBUG c.i.backend.security.JwtService - Token expiration check - Expiration Date: Mon Aug 03 15:45:57 EEST 2026, Current Date: Sun Aug 02 15:46:52 EEST 2026, Is Expired: false
2026-08-02 15:46:52 [http-nio-8080-exec-6] DEBUG c.i.backend.security.JwtService - Token validation details - Username: ahmed, Username Match: true, Is Expired: false
2026-08-02 15:46:52 [http-nio-8080-exec-6] DEBUG c.i.backend.security.JwtService - JWT token validation successful for username: ahmed
2026-08-02 15:46:52 [http-nio-8080-exec-6] DEBUG c.i.b.s.JwtAuthenticationFilter - JWT token validation successful for user: ahmed
2026-08-02 15:46:52 [http-nio-8080-exec-6] INFO  c.i.b.s.JwtAuthenticationFilter - User authenticated successfully - Username: ahmed, Request: GET /api/tasks
2026-08-02 15:46:52 [http-nio-8080-exec-6] INFO  c.i.b.controller.TaskController - Fetching tasks for user: ahmed - Status filter: null, Priority filter: null
2026-08-02 15:46:52 [http-nio-8080-exec-6] DEBUG c.i.backend.service.TaskService - Fetching tasks for user: ahmed - Status filter: null, Priority filter: null
2026-08-02 15:46:52 [http-nio-8080-exec-6] DEBUG c.i.backend.service.TaskService - Querying all tasks for user: ahmed
2026-08-02 15:46:52 [http-nio-8080-exec-6] INFO  c.i.backend.service.TaskService - Retrieved 3 tasks for user: ahmed
2026-08-02 15:46:52 [http-nio-8080-exec-6] DEBUG c.i.backend.service.TaskService - Converted 3 tasks to response DTOs for user: ahmed
2026-08-02 15:46:52 [http-nio-8080-exec-6] INFO  c.i.b.controller.TaskController - Tasks fetched successfully for user: ahmed - Count: 3 - Duration: 6ms
2026-08-02 15:47:00 [http-nio-8080-exec-1] DEBUG c.i.b.s.JwtAuthenticationFilter - Processing request - Method: GET, Path: /api/tasks/2
2026-08-02 15:47:00 [http-nio-8080-exec-1] DEBUG c.i.b.s.JwtAuthenticationFilter - JWT token extracted from Authorization header for request: GET /api/tasks/2
2026-08-02 15:47:00 [http-nio-8080-exec-1] DEBUG c.i.backend.security.JwtService - Extracting username from JWT token
2026-08-02 15:47:00 [http-nio-8080-exec-1] DEBUG c.i.backend.security.JwtService - Extracting claim from JWT token
2026-08-02 15:47:00 [http-nio-8080-exec-1] DEBUG c.i.backend.security.JwtService - Retrieving signing key for JWT
2026-08-02 15:47:00 [http-nio-8080-exec-1] DEBUG c.i.backend.security.JwtService - Signing key retrieved successfully
2026-08-02 15:47:00 [http-nio-8080-exec-1] DEBUG c.i.backend.security.JwtService - Claims extracted successfully from JWT token
2026-08-02 15:47:00 [http-nio-8080-exec-1] DEBUG c.i.backend.security.JwtService - Username extracted successfully from JWT: ahmed
2026-08-02 15:47:00 [http-nio-8080-exec-1] DEBUG c.i.b.s.JwtAuthenticationFilter - Username extracted from JWT: ahmed
2026-08-02 15:47:00 [http-nio-8080-exec-1] DEBUG c.i.b.s.JwtAuthenticationFilter - Attempting to authenticate user: ahmed for request: GET /api/tasks/2
2026-08-02 15:47:00 [http-nio-8080-exec-1] DEBUG c.i.b.s.JwtAuthenticationFilter - User details found for username: ahmed
2026-08-02 15:47:00 [http-nio-8080-exec-1] DEBUG c.i.backend.security.JwtService - Validating JWT token for username: ahmed
2026-08-02 15:47:00 [http-nio-8080-exec-1] DEBUG c.i.backend.security.JwtService - Extracting username from JWT token
2026-08-02 15:47:00 [http-nio-8080-exec-1] DEBUG c.i.backend.security.JwtService - Extracting claim from JWT token
2026-08-02 15:47:00 [http-nio-8080-exec-1] DEBUG c.i.backend.security.JwtService - Retrieving signing key for JWT
2026-08-02 15:47:00 [http-nio-8080-exec-1] DEBUG c.i.backend.security.JwtService - Signing key retrieved successfully
2026-08-02 15:47:00 [http-nio-8080-exec-1] DEBUG c.i.backend.security.JwtService - Claims extracted successfully from JWT token
2026-08-02 15:47:00 [http-nio-8080-exec-1] DEBUG c.i.backend.security.JwtService - Username extracted successfully from JWT: ahmed
2026-08-02 15:47:00 [http-nio-8080-exec-1] DEBUG c.i.backend.security.JwtService - Checking if JWT token is expired
2026-08-02 15:47:00 [http-nio-8080-exec-1] DEBUG c.i.backend.security.JwtService - Extracting expiration date from JWT token
2026-08-02 15:47:00 [http-nio-8080-exec-1] DEBUG c.i.backend.security.JwtService - Extracting claim from JWT token
2026-08-02 15:47:00 [http-nio-8080-exec-1] DEBUG c.i.backend.security.JwtService - Retrieving signing key for JWT
2026-08-02 15:47:00 [http-nio-8080-exec-1] DEBUG c.i.backend.security.JwtService - Signing key retrieved successfully
2026-08-02 15:47:00 [http-nio-8080-exec-1] DEBUG c.i.backend.security.JwtService - Claims extracted successfully from JWT token
2026-08-02 15:47:00 [http-nio-8080-exec-1] DEBUG c.i.backend.security.JwtService - Expiration date extracted: Mon Aug 03 15:45:57 EEST 2026
2026-08-02 15:47:00 [http-nio-8080-exec-1] DEBUG c.i.backend.security.JwtService - Token expiration check - Expiration Date: Mon Aug 03 15:45:57 EEST 2026, Current Date: Sun Aug 02 15:47:00 EEST 2026, Is Expired: false
2026-08-02 15:47:00 [http-nio-8080-exec-1] DEBUG c.i.backend.security.JwtService - Token validation details - Username: ahmed, Username Match: true, Is Expired: false
2026-08-02 15:47:00 [http-nio-8080-exec-1] DEBUG c.i.backend.security.JwtService - JWT token validation successful for username: ahmed
2026-08-02 15:47:00 [http-nio-8080-exec-1] DEBUG c.i.b.s.JwtAuthenticationFilter - JWT token validation successful for user: ahmed
2026-08-02 15:47:00 [http-nio-8080-exec-1] INFO  c.i.b.s.JwtAuthenticationFilter - User authenticated successfully - Username: ahmed, Request: GET /api/tasks/2
2026-08-02 15:47:00 [http-nio-8080-exec-1] INFO  c.i.b.controller.TaskController - Fetching task ID: 2 for user: ahmed
2026-08-02 15:47:00 [http-nio-8080-exec-1] DEBUG c.i.backend.service.TaskService - Fetching task ID: 2 for user: ahmed
2026-08-02 15:47:00 [http-nio-8080-exec-1] DEBUG c.i.backend.service.TaskService - Validating task access - Task ID: 2, User: ahmed
2026-08-02 15:47:00 [http-nio-8080-exec-1] INFO  c.i.backend.service.TaskService - Task ID: 2 retrieved successfully for user: ahmed
2026-08-02 15:47:00 [http-nio-8080-exec-1] INFO  c.i.b.controller.TaskController - Task ID: 2 fetched successfully for user: ahmed - Duration: 17ms
2026-08-02 15:47:02 [http-nio-8080-exec-4] DEBUG c.i.b.s.JwtAuthenticationFilter - Processing request - Method: PUT, Path: /api/tasks/2
2026-08-02 15:47:02 [http-nio-8080-exec-4] DEBUG c.i.b.s.JwtAuthenticationFilter - JWT token extracted from Authorization header for request: PUT /api/tasks/2
2026-08-02 15:47:02 [http-nio-8080-exec-4] DEBUG c.i.backend.security.JwtService - Extracting username from JWT token
2026-08-02 15:47:02 [http-nio-8080-exec-4] DEBUG c.i.backend.security.JwtService - Extracting claim from JWT token
2026-08-02 15:47:02 [http-nio-8080-exec-4] DEBUG c.i.backend.security.JwtService - Retrieving signing key for JWT
2026-08-02 15:47:02 [http-nio-8080-exec-4] DEBUG c.i.backend.security.JwtService - Signing key retrieved successfully
2026-08-02 15:47:02 [http-nio-8080-exec-4] DEBUG c.i.backend.security.JwtService - Claims extracted successfully from JWT token
2026-08-02 15:47:02 [http-nio-8080-exec-4] DEBUG c.i.backend.security.JwtService - Username extracted successfully from JWT: ahmed
2026-08-02 15:47:02 [http-nio-8080-exec-4] DEBUG c.i.b.s.JwtAuthenticationFilter - Username extracted from JWT: ahmed
2026-08-02 15:47:02 [http-nio-8080-exec-4] DEBUG c.i.b.s.JwtAuthenticationFilter - Attempting to authenticate user: ahmed for request: PUT /api/tasks/2
2026-08-02 15:47:02 [http-nio-8080-exec-4] DEBUG c.i.b.s.JwtAuthenticationFilter - User details found for username: ahmed
2026-08-02 15:47:02 [http-nio-8080-exec-4] DEBUG c.i.backend.security.JwtService - Validating JWT token for username: ahmed
2026-08-02 15:47:02 [http-nio-8080-exec-4] DEBUG c.i.backend.security.JwtService - Extracting username from JWT token
2026-08-02 15:47:02 [http-nio-8080-exec-4] DEBUG c.i.backend.security.JwtService - Extracting claim from JWT token
2026-08-02 15:47:02 [http-nio-8080-exec-4] DEBUG c.i.backend.security.JwtService - Retrieving signing key for JWT
2026-08-02 15:47:02 [http-nio-8080-exec-4] DEBUG c.i.backend.security.JwtService - Signing key retrieved successfully
2026-08-02 15:47:02 [http-nio-8080-exec-4] DEBUG c.i.backend.security.JwtService - Claims extracted successfully from JWT token
2026-08-02 15:47:02 [http-nio-8080-exec-4] DEBUG c.i.backend.security.JwtService - Username extracted successfully from JWT: ahmed
2026-08-02 15:47:02 [http-nio-8080-exec-4] DEBUG c.i.backend.security.JwtService - Checking if JWT token is expired
2026-08-02 15:47:02 [http-nio-8080-exec-4] DEBUG c.i.backend.security.JwtService - Extracting expiration date from JWT token
2026-08-02 15:47:02 [http-nio-8080-exec-4] DEBUG c.i.backend.security.JwtService - Extracting claim from JWT token
2026-08-02 15:47:02 [http-nio-8080-exec-4] DEBUG c.i.backend.security.JwtService - Retrieving signing key for JWT
2026-08-02 15:47:02 [http-nio-8080-exec-4] DEBUG c.i.backend.security.JwtService - Signing key retrieved successfully
2026-08-02 15:47:02 [http-nio-8080-exec-4] DEBUG c.i.backend.security.JwtService - Claims extracted successfully from JWT token
2026-08-02 15:47:02 [http-nio-8080-exec-4] DEBUG c.i.backend.security.JwtService - Expiration date extracted: Mon Aug 03 15:45:57 EEST 2026
2026-08-02 15:47:02 [http-nio-8080-exec-4] DEBUG c.i.backend.security.JwtService - Token expiration check - Expiration Date: Mon Aug 03 15:45:57 EEST 2026, Current Date: Sun Aug 02 15:47:02 EEST 2026, Is Expired: false
2026-08-02 15:47:02 [http-nio-8080-exec-4] DEBUG c.i.backend.security.JwtService - Token validation details - Username: ahmed, Username Match: true, Is Expired: false
2026-08-02 15:47:02 [http-nio-8080-exec-4] DEBUG c.i.backend.security.JwtService - JWT token validation successful for username: ahmed
2026-08-02 15:47:02 [http-nio-8080-exec-4] DEBUG c.i.b.s.JwtAuthenticationFilter - JWT token validation successful for user: ahmed
2026-08-02 15:47:02 [http-nio-8080-exec-4] INFO  c.i.b.s.JwtAuthenticationFilter - User authenticated successfully - Username: ahmed, Request: PUT /api/tasks/2
2026-08-02 15:47:02 [http-nio-8080-exec-4] INFO  c.i.b.controller.TaskController - Updating task ID: 2 for user: ahmed - New title: task2
2026-08-02 15:47:02 [http-nio-8080-exec-4] DEBUG c.i.backend.service.TaskService - Updating task ID: 2 for user: ahmed - New Title: 'task2', New Priority: HIGH, New Status: IN_PROGRESS
2026-08-02 15:47:02 [http-nio-8080-exec-4] DEBUG c.i.backend.service.TaskService - Validating task access - Task ID: 2, User: ahmed
2026-08-02 15:47:02 [http-nio-8080-exec-4] DEBUG c.i.backend.service.TaskService - Task retrieved for update - ID: 2, Current Title: 'task2', Current Status: TODO
2026-08-02 15:47:02 [http-nio-8080-exec-4] DEBUG c.i.backend.service.TaskService - Task properties updated - ID: 2, Saving to database
2026-08-02 15:47:02 [http-nio-8080-exec-4] INFO  c.i.backend.service.TaskService - Task ID: 2 updated successfully for user: ahmed
2026-08-02 15:47:02 [http-nio-8080-exec-4] DEBUG c.i.backend.service.TaskService - Task response DTO created for updated task ID: 2
2026-08-02 15:47:02 [http-nio-8080-exec-4] INFO  c.i.b.controller.TaskController - Task ID: 2 updated successfully for user: ahmed - Duration: 27ms
2026-08-02 15:47:02 [http-nio-8080-exec-3] DEBUG c.i.b.s.JwtAuthenticationFilter - Processing request - Method: GET, Path: /api/tasks
2026-08-02 15:47:02 [http-nio-8080-exec-3] DEBUG c.i.b.s.JwtAuthenticationFilter - JWT token extracted from Authorization header for request: GET /api/tasks
2026-08-02 15:47:02 [http-nio-8080-exec-3] DEBUG c.i.backend.security.JwtService - Extracting username from JWT token
2026-08-02 15:47:02 [http-nio-8080-exec-3] DEBUG c.i.backend.security.JwtService - Extracting claim from JWT token
2026-08-02 15:47:02 [http-nio-8080-exec-3] DEBUG c.i.backend.security.JwtService - Retrieving signing key for JWT
2026-08-02 15:47:02 [http-nio-8080-exec-3] DEBUG c.i.backend.security.JwtService - Signing key retrieved successfully
2026-08-02 15:47:02 [http-nio-8080-exec-3] DEBUG c.i.backend.security.JwtService - Claims extracted successfully from JWT token
2026-08-02 15:47:02 [http-nio-8080-exec-3] DEBUG c.i.backend.security.JwtService - Username extracted successfully from JWT: ahmed
2026-08-02 15:47:02 [http-nio-8080-exec-3] DEBUG c.i.b.s.JwtAuthenticationFilter - Username extracted from JWT: ahmed
2026-08-02 15:47:02 [http-nio-8080-exec-3] DEBUG c.i.b.s.JwtAuthenticationFilter - Attempting to authenticate user: ahmed for request: GET /api/tasks
2026-08-02 15:47:02 [http-nio-8080-exec-3] DEBUG c.i.b.s.JwtAuthenticationFilter - User details found for username: ahmed
2026-08-02 15:47:02 [http-nio-8080-exec-3] DEBUG c.i.backend.security.JwtService - Validating JWT token for username: ahmed
2026-08-02 15:47:02 [http-nio-8080-exec-3] DEBUG c.i.backend.security.JwtService - Extracting username from JWT token
2026-08-02 15:47:02 [http-nio-8080-exec-3] DEBUG c.i.backend.security.JwtService - Extracting claim from JWT token
2026-08-02 15:47:02 [http-nio-8080-exec-3] DEBUG c.i.backend.security.JwtService - Retrieving signing key for JWT
2026-08-02 15:47:02 [http-nio-8080-exec-3] DEBUG c.i.backend.security.JwtService - Signing key retrieved successfully
2026-08-02 15:47:02 [http-nio-8080-exec-3] DEBUG c.i.backend.security.JwtService - Claims extracted successfully from JWT token
2026-08-02 15:47:02 [http-nio-8080-exec-3] DEBUG c.i.backend.security.JwtService - Username extracted successfully from JWT: ahmed
2026-08-02 15:47:02 [http-nio-8080-exec-3] DEBUG c.i.backend.security.JwtService - Checking if JWT token is expired
2026-08-02 15:47:02 [http-nio-8080-exec-3] DEBUG c.i.backend.security.JwtService - Extracting expiration date from JWT token
2026-08-02 15:47:02 [http-nio-8080-exec-3] DEBUG c.i.backend.security.JwtService - Extracting claim from JWT token
2026-08-02 15:47:02 [http-nio-8080-exec-3] DEBUG c.i.backend.security.JwtService - Retrieving signing key for JWT
2026-08-02 15:47:02 [http-nio-8080-exec-3] DEBUG c.i.backend.security.JwtService - Signing key retrieved successfully
2026-08-02 15:47:02 [http-nio-8080-exec-3] DEBUG c.i.backend.security.JwtService - Claims extracted successfully from JWT token
2026-08-02 15:47:02 [http-nio-8080-exec-3] DEBUG c.i.backend.security.JwtService - Expiration date extracted: Mon Aug 03 15:45:57 EEST 2026
2026-08-02 15:47:02 [http-nio-8080-exec-3] DEBUG c.i.backend.security.JwtService - Token expiration check - Expiration Date: Mon Aug 03 15:45:57 EEST 2026, Current Date: Sun Aug 02 15:47:02 EEST 2026, Is Expired: false
2026-08-02 15:47:02 [http-nio-8080-exec-3] DEBUG c.i.backend.security.JwtService - Token validation details - Username: ahmed, Username Match: true, Is Expired: false
2026-08-02 15:47:02 [http-nio-8080-exec-3] DEBUG c.i.backend.security.JwtService - JWT token validation successful for username: ahmed
2026-08-02 15:47:02 [http-nio-8080-exec-3] DEBUG c.i.b.s.JwtAuthenticationFilter - JWT token validation successful for user: ahmed
2026-08-02 15:47:02 [http-nio-8080-exec-3] INFO  c.i.b.s.JwtAuthenticationFilter - User authenticated successfully - Username: ahmed, Request: GET /api/tasks
2026-08-02 15:47:02 [http-nio-8080-exec-3] INFO  c.i.b.controller.TaskController - Fetching tasks for user: ahmed - Status filter: null, Priority filter: null
2026-08-02 15:47:02 [http-nio-8080-exec-3] DEBUG c.i.backend.service.TaskService - Fetching tasks for user: ahmed - Status filter: null, Priority filter: null
2026-08-02 15:47:02 [http-nio-8080-exec-3] DEBUG c.i.backend.service.TaskService - Querying all tasks for user: ahmed
2026-08-02 15:47:02 [http-nio-8080-exec-3] INFO  c.i.backend.service.TaskService - Retrieved 3 tasks for user: ahmed
2026-08-02 15:47:02 [http-nio-8080-exec-3] DEBUG c.i.backend.service.TaskService - Converted 3 tasks to response DTOs for user: ahmed
2026-08-02 15:47:02 [http-nio-8080-exec-3] INFO  c.i.b.controller.TaskController - Tasks fetched successfully for user: ahmed - Count: 3 - Duration: 6ms
2026-08-02 15:47:14 [http-nio-8080-exec-9] DEBUG c.i.b.s.JwtAuthenticationFilter - Processing request - Method: GET, Path: /api/tasks
2026-08-02 15:47:14 [http-nio-8080-exec-9] DEBUG c.i.b.s.JwtAuthenticationFilter - JWT token extracted from Authorization header for request: GET /api/tasks
2026-08-02 15:47:14 [http-nio-8080-exec-9] DEBUG c.i.backend.security.JwtService - Extracting username from JWT token
2026-08-02 15:47:14 [http-nio-8080-exec-9] DEBUG c.i.backend.security.JwtService - Extracting claim from JWT token
2026-08-02 15:47:14 [http-nio-8080-exec-9] DEBUG c.i.backend.security.JwtService - Retrieving signing key for JWT
2026-08-02 15:47:14 [http-nio-8080-exec-9] DEBUG c.i.backend.security.JwtService - Signing key retrieved successfully
2026-08-02 15:47:14 [http-nio-8080-exec-9] DEBUG c.i.backend.security.JwtService - Claims extracted successfully from JWT token
2026-08-02 15:47:14 [http-nio-8080-exec-9] DEBUG c.i.backend.security.JwtService - Username extracted successfully from JWT: ahmed
2026-08-02 15:47:14 [http-nio-8080-exec-9] DEBUG c.i.b.s.JwtAuthenticationFilter - Username extracted from JWT: ahmed
2026-08-02 15:47:14 [http-nio-8080-exec-9] DEBUG c.i.b.s.JwtAuthenticationFilter - Attempting to authenticate user: ahmed for request: GET /api/tasks
2026-08-02 15:47:14 [http-nio-8080-exec-9] DEBUG c.i.b.s.JwtAuthenticationFilter - User details found for username: ahmed
2026-08-02 15:47:14 [http-nio-8080-exec-9] DEBUG c.i.backend.security.JwtService - Validating JWT token for username: ahmed
2026-08-02 15:47:14 [http-nio-8080-exec-9] DEBUG c.i.backend.security.JwtService - Extracting username from JWT token
2026-08-02 15:47:14 [http-nio-8080-exec-9] DEBUG c.i.backend.security.JwtService - Extracting claim from JWT token
2026-08-02 15:47:14 [http-nio-8080-exec-9] DEBUG c.i.backend.security.JwtService - Retrieving signing key for JWT
2026-08-02 15:47:14 [http-nio-8080-exec-9] DEBUG c.i.backend.security.JwtService - Signing key retrieved successfully
2026-08-02 15:47:14 [http-nio-8080-exec-9] DEBUG c.i.backend.security.JwtService - Claims extracted successfully from JWT token
2026-08-02 15:47:14 [http-nio-8080-exec-9] DEBUG c.i.backend.security.JwtService - Username extracted successfully from JWT: ahmed
2026-08-02 15:47:14 [http-nio-8080-exec-9] DEBUG c.i.backend.security.JwtService - Checking if JWT token is expired
2026-08-02 15:47:14 [http-nio-8080-exec-9] DEBUG c.i.backend.security.JwtService - Extracting expiration date from JWT token
2026-08-02 15:47:14 [http-nio-8080-exec-9] DEBUG c.i.backend.security.JwtService - Extracting claim from JWT token
2026-08-02 15:47:14 [http-nio-8080-exec-9] DEBUG c.i.backend.security.JwtService - Retrieving signing key for JWT
2026-08-02 15:47:14 [http-nio-8080-exec-9] DEBUG c.i.backend.security.JwtService - Signing key retrieved successfully
2026-08-02 15:47:14 [http-nio-8080-exec-9] DEBUG c.i.backend.security.JwtService - Claims extracted successfully from JWT token
2026-08-02 15:47:14 [http-nio-8080-exec-9] DEBUG c.i.backend.security.JwtService - Expiration date extracted: Mon Aug 03 15:45:57 EEST 2026
2026-08-02 15:47:14 [http-nio-8080-exec-9] DEBUG c.i.backend.security.JwtService - Token expiration check - Expiration Date: Mon Aug 03 15:45:57 EEST 2026, Current Date: Sun Aug 02 15:47:14 EEST 2026, Is Expired: false
2026-08-02 15:47:14 [http-nio-8080-exec-9] DEBUG c.i.backend.security.JwtService - Token validation details - Username: ahmed, Username Match: true, Is Expired: false
2026-08-02 15:47:14 [http-nio-8080-exec-9] DEBUG c.i.backend.security.JwtService - JWT token validation successful for username: ahmed
2026-08-02 15:47:14 [http-nio-8080-exec-9] DEBUG c.i.b.s.JwtAuthenticationFilter - JWT token validation successful for user: ahmed
2026-08-02 15:47:14 [http-nio-8080-exec-9] INFO  c.i.b.s.JwtAuthenticationFilter - User authenticated successfully - Username: ahmed, Request: GET /api/tasks
2026-08-02 15:47:14 [http-nio-8080-exec-9] INFO  c.i.b.controller.TaskController - Fetching tasks for user: ahmed - Status filter: TODO, Priority filter: null
2026-08-02 15:47:14 [http-nio-8080-exec-9] DEBUG c.i.backend.service.TaskService - Fetching tasks for user: ahmed - Status filter: TODO, Priority filter: null
2026-08-02 15:47:14 [http-nio-8080-exec-9] DEBUG c.i.backend.service.TaskService - Querying tasks with status filter for user: ahmed
2026-08-02 15:47:14 [http-nio-8080-exec-9] INFO  c.i.backend.service.TaskService - Retrieved 0 tasks for user: ahmed
2026-08-02 15:47:14 [http-nio-8080-exec-9] DEBUG c.i.backend.service.TaskService - Converted 0 tasks to response DTOs for user: ahmed
2026-08-02 15:47:14 [http-nio-8080-exec-9] INFO  c.i.b.controller.TaskController - Tasks fetched successfully for user: ahmed - Count: 0 - Duration: 7ms
2026-08-02 15:47:17 [http-nio-8080-exec-7] DEBUG c.i.b.s.JwtAuthenticationFilter - Processing request - Method: GET, Path: /api/tasks
2026-08-02 15:47:17 [http-nio-8080-exec-7] DEBUG c.i.b.s.JwtAuthenticationFilter - JWT token extracted from Authorization header for request: GET /api/tasks
2026-08-02 15:47:17 [http-nio-8080-exec-7] DEBUG c.i.backend.security.JwtService - Extracting username from JWT token
2026-08-02 15:47:17 [http-nio-8080-exec-7] DEBUG c.i.backend.security.JwtService - Extracting claim from JWT token
2026-08-02 15:47:17 [http-nio-8080-exec-7] DEBUG c.i.backend.security.JwtService - Retrieving signing key for JWT
2026-08-02 15:47:17 [http-nio-8080-exec-7] DEBUG c.i.backend.security.JwtService - Signing key retrieved successfully
2026-08-02 15:47:17 [http-nio-8080-exec-7] DEBUG c.i.backend.security.JwtService - Claims extracted successfully from JWT token
2026-08-02 15:47:17 [http-nio-8080-exec-7] DEBUG c.i.backend.security.JwtService - Username extracted successfully from JWT: ahmed
2026-08-02 15:47:17 [http-nio-8080-exec-7] DEBUG c.i.b.s.JwtAuthenticationFilter - Username extracted from JWT: ahmed
2026-08-02 15:47:17 [http-nio-8080-exec-7] DEBUG c.i.b.s.JwtAuthenticationFilter - Attempting to authenticate user: ahmed for request: GET /api/tasks
2026-08-02 15:47:17 [http-nio-8080-exec-7] DEBUG c.i.b.s.JwtAuthenticationFilter - User details found for username: ahmed
2026-08-02 15:47:17 [http-nio-8080-exec-7] DEBUG c.i.backend.security.JwtService - Validating JWT token for username: ahmed
2026-08-02 15:47:17 [http-nio-8080-exec-7] DEBUG c.i.backend.security.JwtService - Extracting username from JWT token
2026-08-02 15:47:17 [http-nio-8080-exec-7] DEBUG c.i.backend.security.JwtService - Extracting claim from JWT token
2026-08-02 15:47:17 [http-nio-8080-exec-7] DEBUG c.i.backend.security.JwtService - Retrieving signing key for JWT
2026-08-02 15:47:17 [http-nio-8080-exec-7] DEBUG c.i.backend.security.JwtService - Signing key retrieved successfully
2026-08-02 15:47:17 [http-nio-8080-exec-7] DEBUG c.i.backend.security.JwtService - Claims extracted successfully from JWT token
2026-08-02 15:47:17 [http-nio-8080-exec-7] DEBUG c.i.backend.security.JwtService - Username extracted successfully from JWT: ahmed
2026-08-02 15:47:17 [http-nio-8080-exec-7] DEBUG c.i.backend.security.JwtService - Checking if JWT token is expired
2026-08-02 15:47:17 [http-nio-8080-exec-7] DEBUG c.i.backend.security.JwtService - Extracting expiration date from JWT token
2026-08-02 15:47:17 [http-nio-8080-exec-7] DEBUG c.i.backend.security.JwtService - Extracting claim from JWT token
2026-08-02 15:47:17 [http-nio-8080-exec-7] DEBUG c.i.backend.security.JwtService - Retrieving signing key for JWT
2026-08-02 15:47:17 [http-nio-8080-exec-7] DEBUG c.i.backend.security.JwtService - Signing key retrieved successfully
2026-08-02 15:47:17 [http-nio-8080-exec-7] DEBUG c.i.backend.security.JwtService - Claims extracted successfully from JWT token
2026-08-02 15:47:17 [http-nio-8080-exec-7] DEBUG c.i.backend.security.JwtService - Expiration date extracted: Mon Aug 03 15:45:57 EEST 2026
2026-08-02 15:47:17 [http-nio-8080-exec-7] DEBUG c.i.backend.security.JwtService - Token expiration check - Expiration Date: Mon Aug 03 15:45:57 EEST 2026, Current Date: Sun Aug 02 15:47:17 EEST 2026, Is Expired: false
2026-08-02 15:47:17 [http-nio-8080-exec-7] DEBUG c.i.backend.security.JwtService - Token validation details - Username: ahmed, Username Match: true, Is Expired: false
2026-08-02 15:47:17 [http-nio-8080-exec-7] DEBUG c.i.backend.security.JwtService - JWT token validation successful for username: ahmed
2026-08-02 15:47:17 [http-nio-8080-exec-7] DEBUG c.i.b.s.JwtAuthenticationFilter - JWT token validation successful for user: ahmed
2026-08-02 15:47:17 [http-nio-8080-exec-7] INFO  c.i.b.s.JwtAuthenticationFilter - User authenticated successfully - Username: ahmed, Request: GET /api/tasks
2026-08-02 15:47:17 [http-nio-8080-exec-7] INFO  c.i.b.controller.TaskController - Fetching tasks for user: ahmed - Status filter: null, Priority filter: null
2026-08-02 15:47:17 [http-nio-8080-exec-7] DEBUG c.i.backend.service.TaskService - Fetching tasks for user: ahmed - Status filter: null, Priority filter: null
2026-08-02 15:47:17 [http-nio-8080-exec-7] DEBUG c.i.backend.service.TaskService - Querying all tasks for user: ahmed
2026-08-02 15:47:17 [http-nio-8080-exec-7] INFO  c.i.backend.service.TaskService - Retrieved 3 tasks for user: ahmed
2026-08-02 15:47:17 [http-nio-8080-exec-7] DEBUG c.i.backend.service.TaskService - Converted 3 tasks to response DTOs for user: ahmed
2026-08-02 15:47:17 [http-nio-8080-exec-7] INFO  c.i.b.controller.TaskController - Tasks fetched successfully for user: ahmed - Count: 3 - Duration: 4ms
2026-08-02 15:47:20 [http-nio-8080-exec-8] DEBUG c.i.b.s.JwtAuthenticationFilter - Processing request - Method: GET, Path: /api/tasks/null
2026-08-02 15:47:20 [http-nio-8080-exec-8] DEBUG c.i.b.s.JwtAuthenticationFilter - JWT token extracted from Authorization header for request: GET /api/tasks/null
2026-08-02 15:47:20 [http-nio-8080-exec-8] DEBUG c.i.backend.security.JwtService - Extracting username from JWT token
2026-08-02 15:47:20 [http-nio-8080-exec-8] DEBUG c.i.backend.security.JwtService - Extracting claim from JWT token
2026-08-02 15:47:20 [http-nio-8080-exec-8] DEBUG c.i.backend.security.JwtService - Retrieving signing key for JWT
2026-08-02 15:47:20 [http-nio-8080-exec-8] DEBUG c.i.backend.security.JwtService - Signing key retrieved successfully
2026-08-02 15:47:20 [http-nio-8080-exec-8] DEBUG c.i.backend.security.JwtService - Claims extracted successfully from JWT token
2026-08-02 15:47:20 [http-nio-8080-exec-8] DEBUG c.i.backend.security.JwtService - Username extracted successfully from JWT: ahmed
2026-08-02 15:47:20 [http-nio-8080-exec-8] DEBUG c.i.b.s.JwtAuthenticationFilter - Username extracted from JWT: ahmed
2026-08-02 15:47:20 [http-nio-8080-exec-8] DEBUG c.i.b.s.JwtAuthenticationFilter - Attempting to authenticate user: ahmed for request: GET /api/tasks/null
2026-08-02 15:47:20 [http-nio-8080-exec-8] DEBUG c.i.b.s.JwtAuthenticationFilter - User details found for username: ahmed
2026-08-02 15:47:20 [http-nio-8080-exec-8] DEBUG c.i.backend.security.JwtService - Validating JWT token for username: ahmed
2026-08-02 15:47:20 [http-nio-8080-exec-8] DEBUG c.i.backend.security.JwtService - Extracting username from JWT token
2026-08-02 15:47:20 [http-nio-8080-exec-8] DEBUG c.i.backend.security.JwtService - Extracting claim from JWT token
2026-08-02 15:47:20 [http-nio-8080-exec-8] DEBUG c.i.backend.security.JwtService - Retrieving signing key for JWT
2026-08-02 15:47:20 [http-nio-8080-exec-8] DEBUG c.i.backend.security.JwtService - Signing key retrieved successfully
2026-08-02 15:47:20 [http-nio-8080-exec-8] DEBUG c.i.backend.security.JwtService - Claims extracted successfully from JWT token
2026-08-02 15:47:20 [http-nio-8080-exec-8] DEBUG c.i.backend.security.JwtService - Username extracted successfully from JWT: ahmed
2026-08-02 15:47:20 [http-nio-8080-exec-8] DEBUG c.i.backend.security.JwtService - Checking if JWT token is expired
2026-08-02 15:47:20 [http-nio-8080-exec-8] DEBUG c.i.backend.security.JwtService - Extracting expiration date from JWT token
2026-08-02 15:47:20 [http-nio-8080-exec-8] DEBUG c.i.backend.security.JwtService - Extracting claim from JWT token
2026-08-02 15:47:20 [http-nio-8080-exec-8] DEBUG c.i.backend.security.JwtService - Retrieving signing key for JWT
2026-08-02 15:47:20 [http-nio-8080-exec-8] DEBUG c.i.backend.security.JwtService - Signing key retrieved successfully
2026-08-02 15:47:20 [http-nio-8080-exec-8] DEBUG c.i.backend.security.JwtService - Claims extracted successfully from JWT token
2026-08-02 15:47:20 [http-nio-8080-exec-8] DEBUG c.i.backend.security.JwtService - Expiration date extracted: Mon Aug 03 15:45:57 EEST 2026
2026-08-02 15:47:20 [http-nio-8080-exec-8] DEBUG c.i.backend.security.JwtService - Token expiration check - Expiration Date: Mon Aug 03 15:45:57 EEST 2026, Current Date: Sun Aug 02 15:47:20 EEST 2026, Is Expired: false
2026-08-02 15:47:20 [http-nio-8080-exec-8] DEBUG c.i.backend.security.JwtService - Token validation details - Username: ahmed, Username Match: true, Is Expired: false
2026-08-02 15:47:20 [http-nio-8080-exec-8] DEBUG c.i.backend.security.JwtService - JWT token validation successful for username: ahmed
2026-08-02 15:47:20 [http-nio-8080-exec-8] DEBUG c.i.b.s.JwtAuthenticationFilter - JWT token validation successful for user: ahmed
2026-08-02 15:47:20 [http-nio-8080-exec-8] INFO  c.i.b.s.JwtAuthenticationFilter - User authenticated successfully - Username: ahmed, Request: GET /api/tasks/null
2026-08-02 15:47:20 [http-nio-8080-exec-8] WARN  o.s.w.s.m.s.DefaultHandlerExceptionResolver - Resolved [org.springframework.web.method.annotation.MethodArgumentTypeMismatchException: Method parameter 'id': Failed to convert value of type 'java.lang.String' to required type 'java.lang.Long'; For input string: "null"]
2026-08-02 15:47:30 [http-nio-8080-exec-6] DEBUG c.i.b.s.JwtAuthenticationFilter - Processing request - Method: POST, Path: /api/tasks
2026-08-02 15:47:30 [http-nio-8080-exec-6] DEBUG c.i.b.s.JwtAuthenticationFilter - JWT token extracted from Authorization header for request: POST /api/tasks
2026-08-02 15:47:30 [http-nio-8080-exec-6] DEBUG c.i.backend.security.JwtService - Extracting username from JWT token
2026-08-02 15:47:30 [http-nio-8080-exec-6] DEBUG c.i.backend.security.JwtService - Extracting claim from JWT token
2026-08-02 15:47:30 [http-nio-8080-exec-6] DEBUG c.i.backend.security.JwtService - Retrieving signing key for JWT
2026-08-02 15:47:30 [http-nio-8080-exec-6] DEBUG c.i.backend.security.JwtService - Signing key retrieved successfully
2026-08-02 15:47:30 [http-nio-8080-exec-6] DEBUG c.i.backend.security.JwtService - Claims extracted successfully from JWT token
2026-08-02 15:47:30 [http-nio-8080-exec-6] DEBUG c.i.backend.security.JwtService - Username extracted successfully from JWT: ahmed
2026-08-02 15:47:30 [http-nio-8080-exec-6] DEBUG c.i.b.s.JwtAuthenticationFilter - Username extracted from JWT: ahmed
2026-08-02 15:47:30 [http-nio-8080-exec-6] DEBUG c.i.b.s.JwtAuthenticationFilter - Attempting to authenticate user: ahmed for request: POST /api/tasks
2026-08-02 15:47:30 [http-nio-8080-exec-6] DEBUG c.i.b.s.JwtAuthenticationFilter - User details found for username: ahmed
2026-08-02 15:47:30 [http-nio-8080-exec-6] DEBUG c.i.backend.security.JwtService - Validating JWT token for username: ahmed
2026-08-02 15:47:30 [http-nio-8080-exec-6] DEBUG c.i.backend.security.JwtService - Extracting username from JWT token
2026-08-02 15:47:30 [http-nio-8080-exec-6] DEBUG c.i.backend.security.JwtService - Extracting claim from JWT token
2026-08-02 15:47:30 [http-nio-8080-exec-6] DEBUG c.i.backend.security.JwtService - Retrieving signing key for JWT
2026-08-02 15:47:30 [http-nio-8080-exec-6] DEBUG c.i.backend.security.JwtService - Signing key retrieved successfully
2026-08-02 15:47:30 [http-nio-8080-exec-6] DEBUG c.i.backend.security.JwtService - Claims extracted successfully from JWT token
2026-08-02 15:47:30 [http-nio-8080-exec-6] DEBUG c.i.backend.security.JwtService - Username extracted successfully from JWT: ahmed
2026-08-02 15:47:30 [http-nio-8080-exec-6] DEBUG c.i.backend.security.JwtService - Checking if JWT token is expired
2026-08-02 15:47:30 [http-nio-8080-exec-6] DEBUG c.i.backend.security.JwtService - Extracting expiration date from JWT token
2026-08-02 15:47:30 [http-nio-8080-exec-6] DEBUG c.i.backend.security.JwtService - Extracting claim from JWT token
2026-08-02 15:47:30 [http-nio-8080-exec-6] DEBUG c.i.backend.security.JwtService - Retrieving signing key for JWT
2026-08-02 15:47:30 [http-nio-8080-exec-6] DEBUG c.i.backend.security.JwtService - Signing key retrieved successfully
2026-08-02 15:47:30 [http-nio-8080-exec-6] DEBUG c.i.backend.security.JwtService - Claims extracted successfully from JWT token
2026-08-02 15:47:30 [http-nio-8080-exec-6] DEBUG c.i.backend.security.JwtService - Expiration date extracted: Mon Aug 03 15:45:57 EEST 2026
2026-08-02 15:47:30 [http-nio-8080-exec-6] DEBUG c.i.backend.security.JwtService - Token expiration check - Expiration Date: Mon Aug 03 15:45:57 EEST 2026, Current Date: Sun Aug 02 15:47:30 EEST 2026, Is Expired: false
2026-08-02 15:47:30 [http-nio-8080-exec-6] DEBUG c.i.backend.security.JwtService - Token validation details - Username: ahmed, Username Match: true, Is Expired: false
2026-08-02 15:47:30 [http-nio-8080-exec-6] DEBUG c.i.backend.security.JwtService - JWT token validation successful for username: ahmed
2026-08-02 15:47:30 [http-nio-8080-exec-6] DEBUG c.i.b.s.JwtAuthenticationFilter - JWT token validation successful for user: ahmed
2026-08-02 15:47:30 [http-nio-8080-exec-6] INFO  c.i.b.s.JwtAuthenticationFilter - User authenticated successfully - Username: ahmed, Request: POST /api/tasks
2026-08-02 15:47:30 [http-nio-8080-exec-6] INFO  c.i.b.controller.TaskController - Creating new task for user: ahmed - Title: task4
2026-08-02 15:47:30 [http-nio-8080-exec-6] DEBUG c.i.backend.service.TaskService - Creating new task for user: ahmed - Title: 'task4', Priority: MEDIUM, Status: TODO
2026-08-02 15:47:30 [http-nio-8080-exec-6] DEBUG c.i.backend.service.TaskService - Built task object - preparing to save for user: ahmed
2026-08-02 15:47:30 [http-nio-8080-exec-6] INFO  c.i.backend.service.TaskService - Task created and saved successfully - ID: 4, User: ahmed
2026-08-02 15:47:30 [http-nio-8080-exec-6] DEBUG c.i.backend.service.TaskService - Task response DTO created for task ID: 4
2026-08-02 15:47:30 [http-nio-8080-exec-6] INFO  c.i.b.controller.TaskController - Task created successfully for user: ahmed - Task ID: 4 - Duration: 8ms
2026-08-02 15:47:30 [http-nio-8080-exec-10] DEBUG c.i.b.s.JwtAuthenticationFilter - Processing request - Method: GET, Path: /api/tasks
2026-08-02 15:47:30 [http-nio-8080-exec-10] DEBUG c.i.b.s.JwtAuthenticationFilter - JWT token extracted from Authorization header for request: GET /api/tasks
2026-08-02 15:47:30 [http-nio-8080-exec-10] DEBUG c.i.backend.security.JwtService - Extracting username from JWT token
2026-08-02 15:47:30 [http-nio-8080-exec-10] DEBUG c.i.backend.security.JwtService - Extracting claim from JWT token
2026-08-02 15:47:30 [http-nio-8080-exec-10] DEBUG c.i.backend.security.JwtService - Retrieving signing key for JWT
2026-08-02 15:47:30 [http-nio-8080-exec-10] DEBUG c.i.backend.security.JwtService - Signing key retrieved successfully
2026-08-02 15:47:30 [http-nio-8080-exec-10] DEBUG c.i.backend.security.JwtService - Claims extracted successfully from JWT token
2026-08-02 15:47:30 [http-nio-8080-exec-10] DEBUG c.i.backend.security.JwtService - Username extracted successfully from JWT: ahmed
2026-08-02 15:47:30 [http-nio-8080-exec-10] DEBUG c.i.b.s.JwtAuthenticationFilter - Username extracted from JWT: ahmed
2026-08-02 15:47:30 [http-nio-8080-exec-10] DEBUG c.i.b.s.JwtAuthenticationFilter - Attempting to authenticate user: ahmed for request: GET /api/tasks
2026-08-02 15:47:30 [http-nio-8080-exec-10] DEBUG c.i.b.s.JwtAuthenticationFilter - User details found for username: ahmed
2026-08-02 15:47:30 [http-nio-8080-exec-10] DEBUG c.i.backend.security.JwtService - Validating JWT token for username: ahmed
2026-08-02 15:47:30 [http-nio-8080-exec-10] DEBUG c.i.backend.security.JwtService - Extracting username from JWT token
2026-08-02 15:47:30 [http-nio-8080-exec-10] DEBUG c.i.backend.security.JwtService - Extracting claim from JWT token
2026-08-02 15:47:30 [http-nio-8080-exec-10] DEBUG c.i.backend.security.JwtService - Retrieving signing key for JWT
2026-08-02 15:47:30 [http-nio-8080-exec-10] DEBUG c.i.backend.security.JwtService - Signing key retrieved successfully
2026-08-02 15:47:30 [http-nio-8080-exec-10] DEBUG c.i.backend.security.JwtService - Claims extracted successfully from JWT token
2026-08-02 15:47:30 [http-nio-8080-exec-10] DEBUG c.i.backend.security.JwtService - Username extracted successfully from JWT: ahmed
2026-08-02 15:47:30 [http-nio-8080-exec-10] DEBUG c.i.backend.security.JwtService - Checking if JWT token is expired
2026-08-02 15:47:30 [http-nio-8080-exec-10] DEBUG c.i.backend.security.JwtService - Extracting expiration date from JWT token
2026-08-02 15:47:30 [http-nio-8080-exec-10] DEBUG c.i.backend.security.JwtService - Extracting claim from JWT token
2026-08-02 15:47:30 [http-nio-8080-exec-10] DEBUG c.i.backend.security.JwtService - Retrieving signing key for JWT
2026-08-02 15:47:30 [http-nio-8080-exec-10] DEBUG c.i.backend.security.JwtService - Signing key retrieved successfully
2026-08-02 15:47:30 [http-nio-8080-exec-10] DEBUG c.i.backend.security.JwtService - Claims extracted successfully from JWT token
2026-08-02 15:47:30 [http-nio-8080-exec-10] DEBUG c.i.backend.security.JwtService - Expiration date extracted: Mon Aug 03 15:45:57 EEST 2026
2026-08-02 15:47:30 [http-nio-8080-exec-10] DEBUG c.i.backend.security.JwtService - Token expiration check - Expiration Date: Mon Aug 03 15:45:57 EEST 2026, Current Date: Sun Aug 02 15:47:30 EEST 2026, Is Expired: false
2026-08-02 15:47:30 [http-nio-8080-exec-10] DEBUG c.i.backend.security.JwtService - Token validation details - Username: ahmed, Username Match: true, Is Expired: false
2026-08-02 15:47:30 [http-nio-8080-exec-10] DEBUG c.i.backend.security.JwtService - JWT token validation successful for username: ahmed
2026-08-02 15:47:30 [http-nio-8080-exec-10] DEBUG c.i.b.s.JwtAuthenticationFilter - JWT token validation successful for user: ahmed
2026-08-02 15:47:30 [http-nio-8080-exec-10] INFO  c.i.b.s.JwtAuthenticationFilter - User authenticated successfully - Username: ahmed, Request: GET /api/tasks
2026-08-02 15:47:30 [http-nio-8080-exec-10] INFO  c.i.b.controller.TaskController - Fetching tasks for user: ahmed - Status filter: null, Priority filter: null
2026-08-02 15:47:30 [http-nio-8080-exec-10] DEBUG c.i.backend.service.TaskService - Fetching tasks for user: ahmed - Status filter: null, Priority filter: null
2026-08-02 15:47:30 [http-nio-8080-exec-10] DEBUG c.i.backend.service.TaskService - Querying all tasks for user: ahmed
2026-08-02 15:47:30 [http-nio-8080-exec-10] INFO  c.i.backend.service.TaskService - Retrieved 4 tasks for user: ahmed
2026-08-02 15:47:30 [http-nio-8080-exec-10] DEBUG c.i.backend.service.TaskService - Converted 4 tasks to response DTOs for user: ahmed
2026-08-02 15:47:30 [http-nio-8080-exec-10] INFO  c.i.b.controller.TaskController - Tasks fetched successfully for user: ahmed - Count: 4 - Duration: 5ms
2026-08-02 15:47:35 [http-nio-8080-exec-1] DEBUG c.i.b.s.JwtAuthenticationFilter - Processing request - Method: GET, Path: /api/tasks
2026-08-02 15:47:35 [http-nio-8080-exec-1] DEBUG c.i.b.s.JwtAuthenticationFilter - JWT token extracted from Authorization header for request: GET /api/tasks
2026-08-02 15:47:35 [http-nio-8080-exec-1] DEBUG c.i.backend.security.JwtService - Extracting username from JWT token
2026-08-02 15:47:35 [http-nio-8080-exec-1] DEBUG c.i.backend.security.JwtService - Extracting claim from JWT token
2026-08-02 15:47:35 [http-nio-8080-exec-1] DEBUG c.i.backend.security.JwtService - Retrieving signing key for JWT
2026-08-02 15:47:35 [http-nio-8080-exec-1] DEBUG c.i.backend.security.JwtService - Signing key retrieved successfully
2026-08-02 15:47:35 [http-nio-8080-exec-1] DEBUG c.i.backend.security.JwtService - Claims extracted successfully from JWT token
2026-08-02 15:47:35 [http-nio-8080-exec-1] DEBUG c.i.backend.security.JwtService - Username extracted successfully from JWT: ahmed
2026-08-02 15:47:35 [http-nio-8080-exec-1] DEBUG c.i.b.s.JwtAuthenticationFilter - Username extracted from JWT: ahmed
2026-08-02 15:47:35 [http-nio-8080-exec-1] DEBUG c.i.b.s.JwtAuthenticationFilter - Attempting to authenticate user: ahmed for request: GET /api/tasks
2026-08-02 15:47:35 [http-nio-8080-exec-1] DEBUG c.i.b.s.JwtAuthenticationFilter - User details found for username: ahmed
2026-08-02 15:47:35 [http-nio-8080-exec-1] DEBUG c.i.backend.security.JwtService - Validating JWT token for username: ahmed
2026-08-02 15:47:35 [http-nio-8080-exec-1] DEBUG c.i.backend.security.JwtService - Extracting username from JWT token
2026-08-02 15:47:35 [http-nio-8080-exec-1] DEBUG c.i.backend.security.JwtService - Extracting claim from JWT token
2026-08-02 15:47:35 [http-nio-8080-exec-1] DEBUG c.i.backend.security.JwtService - Retrieving signing key for JWT
2026-08-02 15:47:35 [http-nio-8080-exec-1] DEBUG c.i.backend.security.JwtService - Signing key retrieved successfully
2026-08-02 15:47:35 [http-nio-8080-exec-1] DEBUG c.i.backend.security.JwtService - Claims extracted successfully from JWT token
2026-08-02 15:47:35 [http-nio-8080-exec-1] DEBUG c.i.backend.security.JwtService - Username extracted successfully from JWT: ahmed
2026-08-02 15:47:35 [http-nio-8080-exec-1] DEBUG c.i.backend.security.JwtService - Checking if JWT token is expired
2026-08-02 15:47:35 [http-nio-8080-exec-1] DEBUG c.i.backend.security.JwtService - Extracting expiration date from JWT token
2026-08-02 15:47:35 [http-nio-8080-exec-1] DEBUG c.i.backend.security.JwtService - Extracting claim from JWT token
2026-08-02 15:47:35 [http-nio-8080-exec-1] DEBUG c.i.backend.security.JwtService - Retrieving signing key for JWT
2026-08-02 15:47:35 [http-nio-8080-exec-1] DEBUG c.i.backend.security.JwtService - Signing key retrieved successfully
2026-08-02 15:47:35 [http-nio-8080-exec-1] DEBUG c.i.backend.security.JwtService - Claims extracted successfully from JWT token
2026-08-02 15:47:35 [http-nio-8080-exec-1] DEBUG c.i.backend.security.JwtService - Expiration date extracted: Mon Aug 03 15:45:57 EEST 2026
2026-08-02 15:47:35 [http-nio-8080-exec-1] DEBUG c.i.backend.security.JwtService - Token expiration check - Expiration Date: Mon Aug 03 15:45:57 EEST 2026, Current Date: Sun Aug 02 15:47:35 EEST 2026, Is Expired: false
2026-08-02 15:47:35 [http-nio-8080-exec-1] DEBUG c.i.backend.security.JwtService - Token validation details - Username: ahmed, Username Match: true, Is Expired: false
2026-08-02 15:47:35 [http-nio-8080-exec-1] DEBUG c.i.backend.security.JwtService - JWT token validation successful for username: ahmed
2026-08-02 15:47:35 [http-nio-8080-exec-1] DEBUG c.i.b.s.JwtAuthenticationFilter - JWT token validation successful for user: ahmed
2026-08-02 15:47:35 [http-nio-8080-exec-1] INFO  c.i.b.s.JwtAuthenticationFilter - User authenticated successfully - Username: ahmed, Request: GET /api/tasks
2026-08-02 15:47:35 [http-nio-8080-exec-1] INFO  c.i.b.controller.TaskController - Fetching tasks for user: ahmed - Status filter: TODO, Priority filter: null
2026-08-02 15:47:35 [http-nio-8080-exec-1] DEBUG c.i.backend.service.TaskService - Fetching tasks for user: ahmed - Status filter: TODO, Priority filter: null
2026-08-02 15:47:35 [http-nio-8080-exec-1] DEBUG c.i.backend.service.TaskService - Querying tasks with status filter for user: ahmed
2026-08-02 15:47:35 [http-nio-8080-exec-1] INFO  c.i.backend.service.TaskService - Retrieved 1 tasks for user: ahmed
2026-08-02 15:47:35 [http-nio-8080-exec-1] DEBUG c.i.backend.service.TaskService - Converted 1 tasks to response DTOs for user: ahmed
2026-08-02 15:47:35 [http-nio-8080-exec-1] INFO  c.i.b.controller.TaskController - Tasks fetched successfully for user: ahmed - Count: 1 - Duration: 5ms
2026-08-02 15:47:43 [http-nio-8080-exec-2] DEBUG c.i.b.s.JwtAuthenticationFilter - Processing request - Method: GET, Path: /api/tasks
2026-08-02 15:47:43 [http-nio-8080-exec-2] DEBUG c.i.b.s.JwtAuthenticationFilter - JWT token extracted from Authorization header for request: GET /api/tasks
2026-08-02 15:47:43 [http-nio-8080-exec-2] DEBUG c.i.backend.security.JwtService - Extracting username from JWT token
2026-08-02 15:47:43 [http-nio-8080-exec-2] DEBUG c.i.backend.security.JwtService - Extracting claim from JWT token
2026-08-02 15:47:43 [http-nio-8080-exec-2] DEBUG c.i.backend.security.JwtService - Retrieving signing key for JWT
2026-08-02 15:47:43 [http-nio-8080-exec-2] DEBUG c.i.backend.security.JwtService - Signing key retrieved successfully
2026-08-02 15:47:43 [http-nio-8080-exec-2] DEBUG c.i.backend.security.JwtService - Claims extracted successfully from JWT token
2026-08-02 15:47:43 [http-nio-8080-exec-2] DEBUG c.i.backend.security.JwtService - Username extracted successfully from JWT: ahmed
2026-08-02 15:47:43 [http-nio-8080-exec-2] DEBUG c.i.b.s.JwtAuthenticationFilter - Username extracted from JWT: ahmed
2026-08-02 15:47:43 [http-nio-8080-exec-2] DEBUG c.i.b.s.JwtAuthenticationFilter - Attempting to authenticate user: ahmed for request: GET /api/tasks
2026-08-02 15:47:43 [http-nio-8080-exec-2] DEBUG c.i.b.s.JwtAuthenticationFilter - User details found for username: ahmed
2026-08-02 15:47:43 [http-nio-8080-exec-2] DEBUG c.i.backend.security.JwtService - Validating JWT token for username: ahmed
2026-08-02 15:47:43 [http-nio-8080-exec-2] DEBUG c.i.backend.security.JwtService - Extracting username from JWT token
2026-08-02 15:47:43 [http-nio-8080-exec-2] DEBUG c.i.backend.security.JwtService - Extracting claim from JWT token
2026-08-02 15:47:43 [http-nio-8080-exec-2] DEBUG c.i.backend.security.JwtService - Retrieving signing key for JWT
2026-08-02 15:47:43 [http-nio-8080-exec-2] DEBUG c.i.backend.security.JwtService - Signing key retrieved successfully
2026-08-02 15:47:43 [http-nio-8080-exec-2] DEBUG c.i.backend.security.JwtService - Claims extracted successfully from JWT token
2026-08-02 15:47:43 [http-nio-8080-exec-2] DEBUG c.i.backend.security.JwtService - Username extracted successfully from JWT: ahmed
2026-08-02 15:47:43 [http-nio-8080-exec-2] DEBUG c.i.backend.security.JwtService - Checking if JWT token is expired
2026-08-02 15:47:43 [http-nio-8080-exec-2] DEBUG c.i.backend.security.JwtService - Extracting expiration date from JWT token
2026-08-02 15:47:43 [http-nio-8080-exec-2] DEBUG c.i.backend.security.JwtService - Extracting claim from JWT token
2026-08-02 15:47:43 [http-nio-8080-exec-2] DEBUG c.i.backend.security.JwtService - Retrieving signing key for JWT
2026-08-02 15:47:43 [http-nio-8080-exec-2] DEBUG c.i.backend.security.JwtService - Signing key retrieved successfully
2026-08-02 15:47:43 [http-nio-8080-exec-2] DEBUG c.i.backend.security.JwtService - Claims extracted successfully from JWT token
2026-08-02 15:47:43 [http-nio-8080-exec-2] DEBUG c.i.backend.security.JwtService - Expiration date extracted: Mon Aug 03 15:45:57 EEST 2026
2026-08-02 15:47:43 [http-nio-8080-exec-2] DEBUG c.i.backend.security.JwtService - Token expiration check - Expiration Date: Mon Aug 03 15:45:57 EEST 2026, Current Date: Sun Aug 02 15:47:43 EEST 2026, Is Expired: false
2026-08-02 15:47:43 [http-nio-8080-exec-2] DEBUG c.i.backend.security.JwtService - Token validation details - Username: ahmed, Username Match: true, Is Expired: false
2026-08-02 15:47:43 [http-nio-8080-exec-2] DEBUG c.i.backend.security.JwtService - JWT token validation successful for username: ahmed
2026-08-02 15:47:43 [http-nio-8080-exec-2] DEBUG c.i.b.s.JwtAuthenticationFilter - JWT token validation successful for user: ahmed
2026-08-02 15:47:43 [http-nio-8080-exec-2] INFO  c.i.b.s.JwtAuthenticationFilter - User authenticated successfully - Username: ahmed, Request: GET /api/tasks
2026-08-02 15:47:43 [http-nio-8080-exec-2] INFO  c.i.b.controller.TaskController - Fetching tasks for user: ahmed - Status filter: null, Priority filter: null
2026-08-02 15:47:43 [http-nio-8080-exec-2] DEBUG c.i.backend.service.TaskService - Fetching tasks for user: ahmed - Status filter: null, Priority filter: null
2026-08-02 15:47:43 [http-nio-8080-exec-2] DEBUG c.i.backend.service.TaskService - Querying all tasks for user: ahmed
2026-08-02 15:47:43 [http-nio-8080-exec-2] INFO  c.i.backend.service.TaskService - Retrieved 4 tasks for user: ahmed
2026-08-02 15:47:43 [http-nio-8080-exec-2] DEBUG c.i.backend.service.TaskService - Converted 4 tasks to response DTOs for user: ahmed
2026-08-02 15:47:43 [http-nio-8080-exec-2] INFO  c.i.b.controller.TaskController - Tasks fetched successfully for user: ahmed - Count: 4 - Duration: 3ms
2026-08-02 15:50:31 [http-nio-8080-exec-3] DEBUG c.i.b.s.JwtAuthenticationFilter - Processing request - Method: GET, Path: /api/tasks
2026-08-02 15:50:31 [http-nio-8080-exec-3] DEBUG c.i.b.s.JwtAuthenticationFilter - JWT token extracted from Authorization header for request: GET /api/tasks
2026-08-02 15:50:31 [http-nio-8080-exec-3] DEBUG c.i.backend.security.JwtService - Extracting username from JWT token
2026-08-02 15:50:31 [http-nio-8080-exec-3] DEBUG c.i.backend.security.JwtService - Extracting claim from JWT token
2026-08-02 15:50:31 [http-nio-8080-exec-3] DEBUG c.i.backend.security.JwtService - Retrieving signing key for JWT
2026-08-02 15:50:31 [http-nio-8080-exec-3] DEBUG c.i.backend.security.JwtService - Signing key retrieved successfully
2026-08-02 15:50:31 [http-nio-8080-exec-3] DEBUG c.i.backend.security.JwtService - Claims extracted successfully from JWT token
2026-08-02 15:50:31 [http-nio-8080-exec-3] DEBUG c.i.backend.security.JwtService - Username extracted successfully from JWT: ahmed
2026-08-02 15:50:31 [http-nio-8080-exec-3] DEBUG c.i.b.s.JwtAuthenticationFilter - Username extracted from JWT: ahmed
2026-08-02 15:50:31 [http-nio-8080-exec-3] DEBUG c.i.b.s.JwtAuthenticationFilter - Attempting to authenticate user: ahmed for request: GET /api/tasks
2026-08-02 15:50:31 [http-nio-8080-exec-3] DEBUG c.i.b.s.JwtAuthenticationFilter - User details found for username: ahmed
2026-08-02 15:50:31 [http-nio-8080-exec-3] DEBUG c.i.backend.security.JwtService - Validating JWT token for username: ahmed
2026-08-02 15:50:31 [http-nio-8080-exec-3] DEBUG c.i.backend.security.JwtService - Extracting username from JWT token
2026-08-02 15:50:31 [http-nio-8080-exec-3] DEBUG c.i.backend.security.JwtService - Extracting claim from JWT token
2026-08-02 15:50:31 [http-nio-8080-exec-3] DEBUG c.i.backend.security.JwtService - Retrieving signing key for JWT
2026-08-02 15:50:31 [http-nio-8080-exec-3] DEBUG c.i.backend.security.JwtService - Signing key retrieved successfully
2026-08-02 15:50:31 [http-nio-8080-exec-3] DEBUG c.i.backend.security.JwtService - Claims extracted successfully from JWT token
2026-08-02 15:50:31 [http-nio-8080-exec-3] DEBUG c.i.backend.security.JwtService - Username extracted successfully from JWT: ahmed
2026-08-02 15:50:31 [http-nio-8080-exec-3] DEBUG c.i.backend.security.JwtService - Checking if JWT token is expired
2026-08-02 15:50:31 [http-nio-8080-exec-3] DEBUG c.i.backend.security.JwtService - Extracting expiration date from JWT token
2026-08-02 15:50:31 [http-nio-8080-exec-3] DEBUG c.i.backend.security.JwtService - Extracting claim from JWT token
2026-08-02 15:50:31 [http-nio-8080-exec-3] DEBUG c.i.backend.security.JwtService - Retrieving signing key for JWT
2026-08-02 15:50:31 [http-nio-8080-exec-3] DEBUG c.i.backend.security.JwtService - Signing key retrieved successfully
2026-08-02 15:50:31 [http-nio-8080-exec-3] DEBUG c.i.backend.security.JwtService - Claims extracted successfully from JWT token
2026-08-02 15:50:31 [http-nio-8080-exec-3] DEBUG c.i.backend.security.JwtService - Expiration date extracted: Mon Aug 03 15:45:57 EEST 2026
2026-08-02 15:50:31 [http-nio-8080-exec-3] DEBUG c.i.backend.security.JwtService - Token expiration check - Expiration Date: Mon Aug 03 15:45:57 EEST 2026, Current Date: Sun Aug 02 15:50:31 EEST 2026, Is Expired: false
2026-08-02 15:50:31 [http-nio-8080-exec-3] DEBUG c.i.backend.security.JwtService - Token validation details - Username: ahmed, Username Match: true, Is Expired: false
2026-08-02 15:50:31 [http-nio-8080-exec-3] DEBUG c.i.backend.security.JwtService - JWT token validation successful for username: ahmed
2026-08-02 15:50:31 [http-nio-8080-exec-3] DEBUG c.i.b.s.JwtAuthenticationFilter - JWT token validation successful for user: ahmed
2026-08-02 15:50:31 [http-nio-8080-exec-3] INFO  c.i.b.s.JwtAuthenticationFilter - User authenticated successfully - Username: ahmed, Request: GET /api/tasks
2026-08-02 15:50:31 [http-nio-8080-exec-3] INFO  c.i.b.controller.TaskController - Fetching tasks for user: ahmed - Status filter: null, Priority filter: null
2026-08-02 15:50:31 [http-nio-8080-exec-3] DEBUG c.i.backend.service.TaskService - Fetching tasks for user: ahmed - Status filter: null, Priority filter: null
2026-08-02 15:50:31 [http-nio-8080-exec-3] DEBUG c.i.backend.service.TaskService - Querying all tasks for user: ahmed
2026-08-02 15:50:31 [http-nio-8080-exec-3] INFO  c.i.backend.service.TaskService - Retrieved 4 tasks for user: ahmed
2026-08-02 15:50:31 [http-nio-8080-exec-3] DEBUG c.i.backend.service.TaskService - Converted 4 tasks to response DTOs for user: ahmed
2026-08-02 15:50:31 [http-nio-8080-exec-3] INFO  c.i.b.controller.TaskController - Tasks fetched successfully for user: ahmed - Count: 4 - Duration: 5ms
2026-08-02 15:52:35 [http-nio-8080-exec-9] DEBUG c.i.b.s.JwtAuthenticationFilter - Processing request - Method: GET, Path: /api/tasks
2026-08-02 15:52:35 [http-nio-8080-exec-9] DEBUG c.i.b.s.JwtAuthenticationFilter - JWT token extracted from Authorization header for request: GET /api/tasks
2026-08-02 15:52:35 [http-nio-8080-exec-9] DEBUG c.i.backend.security.JwtService - Extracting username from JWT token
2026-08-02 15:52:35 [http-nio-8080-exec-9] DEBUG c.i.backend.security.JwtService - Extracting claim from JWT token
2026-08-02 15:52:35 [http-nio-8080-exec-9] DEBUG c.i.backend.security.JwtService - Retrieving signing key for JWT
2026-08-02 15:52:35 [http-nio-8080-exec-9] DEBUG c.i.backend.security.JwtService - Signing key retrieved successfully
2026-08-02 15:52:35 [http-nio-8080-exec-9] DEBUG c.i.backend.security.JwtService - Claims extracted successfully from JWT token
2026-08-02 15:52:35 [http-nio-8080-exec-9] DEBUG c.i.backend.security.JwtService - Username extracted successfully from JWT: ahmed
2026-08-02 15:52:35 [http-nio-8080-exec-9] DEBUG c.i.b.s.JwtAuthenticationFilter - Username extracted from JWT: ahmed
2026-08-02 15:52:35 [http-nio-8080-exec-9] DEBUG c.i.b.s.JwtAuthenticationFilter - Attempting to authenticate user: ahmed for request: GET /api/tasks
2026-08-02 15:52:35 [http-nio-8080-exec-9] DEBUG c.i.b.s.JwtAuthenticationFilter - User details found for username: ahmed
2026-08-02 15:52:35 [http-nio-8080-exec-9] DEBUG c.i.backend.security.JwtService - Validating JWT token for username: ahmed
2026-08-02 15:52:35 [http-nio-8080-exec-9] DEBUG c.i.backend.security.JwtService - Extracting username from JWT token
2026-08-02 15:52:35 [http-nio-8080-exec-9] DEBUG c.i.backend.security.JwtService - Extracting claim from JWT token
2026-08-02 15:52:35 [http-nio-8080-exec-9] DEBUG c.i.backend.security.JwtService - Retrieving signing key for JWT
2026-08-02 15:52:35 [http-nio-8080-exec-9] DEBUG c.i.backend.security.JwtService - Signing key retrieved successfully
2026-08-02 15:52:35 [http-nio-8080-exec-9] DEBUG c.i.backend.security.JwtService - Claims extracted successfully from JWT token
2026-08-02 15:52:35 [http-nio-8080-exec-9] DEBUG c.i.backend.security.JwtService - Username extracted successfully from JWT: ahmed
2026-08-02 15:52:35 [http-nio-8080-exec-9] DEBUG c.i.backend.security.JwtService - Checking if JWT token is expired
2026-08-02 15:52:35 [http-nio-8080-exec-9] DEBUG c.i.backend.security.JwtService - Extracting expiration date from JWT token
2026-08-02 15:52:35 [http-nio-8080-exec-9] DEBUG c.i.backend.security.JwtService - Extracting claim from JWT token
2026-08-02 15:52:35 [http-nio-8080-exec-9] DEBUG c.i.backend.security.JwtService - Retrieving signing key for JWT
2026-08-02 15:52:35 [http-nio-8080-exec-9] DEBUG c.i.backend.security.JwtService - Signing key retrieved successfully
2026-08-02 15:52:35 [http-nio-8080-exec-9] DEBUG c.i.backend.security.JwtService - Claims extracted successfully from JWT token
2026-08-02 15:52:35 [http-nio-8080-exec-9] DEBUG c.i.backend.security.JwtService - Expiration date extracted: Mon Aug 03 15:45:57 EEST 2026
2026-08-02 15:52:35 [http-nio-8080-exec-9] DEBUG c.i.backend.security.JwtService - Token expiration check - Expiration Date: Mon Aug 03 15:45:57 EEST 2026, Current Date: Sun Aug 02 15:52:35 EEST 2026, Is Expired: false
2026-08-02 15:52:35 [http-nio-8080-exec-9] DEBUG c.i.backend.security.JwtService - Token validation details - Username: ahmed, Username Match: true, Is Expired: false
2026-08-02 15:52:35 [http-nio-8080-exec-9] DEBUG c.i.backend.security.JwtService - JWT token validation successful for username: ahmed
2026-08-02 15:52:35 [http-nio-8080-exec-9] DEBUG c.i.b.s.JwtAuthenticationFilter - JWT token validation successful for user: ahmed
2026-08-02 15:52:35 [http-nio-8080-exec-9] INFO  c.i.b.s.JwtAuthenticationFilter - User authenticated successfully - Username: ahmed, Request: GET /api/tasks
2026-08-02 15:52:35 [http-nio-8080-exec-9] INFO  c.i.b.controller.TaskController - Fetching tasks for user: ahmed - Status filter: null, Priority filter: null
2026-08-02 15:52:35 [http-nio-8080-exec-9] DEBUG c.i.backend.service.TaskService - Fetching tasks for user: ahmed - Status filter: null, Priority filter: null
2026-08-02 15:52:35 [http-nio-8080-exec-9] DEBUG c.i.backend.service.TaskService - Querying all tasks for user: ahmed
2026-08-02 15:52:35 [http-nio-8080-exec-9] INFO  c.i.backend.service.TaskService - Retrieved 4 tasks for user: ahmed
2026-08-02 15:52:35 [http-nio-8080-exec-9] DEBUG c.i.backend.service.TaskService - Converted 4 tasks to response DTOs for user: ahmed
2026-08-02 15:52:35 [http-nio-8080-exec-9] INFO  c.i.b.controller.TaskController - Tasks fetched successfully for user: ahmed - Count: 4 - Duration: 6ms
2026-08-02 15:52:48 [http-nio-8080-exec-8] DEBUG c.i.b.s.JwtAuthenticationFilter - Processing request - Method: GET, Path: /api/tasks
2026-08-02 15:52:48 [http-nio-8080-exec-8] DEBUG c.i.b.s.JwtAuthenticationFilter - JWT token extracted from Authorization header for request: GET /api/tasks
2026-08-02 15:52:48 [http-nio-8080-exec-8] DEBUG c.i.backend.security.JwtService - Extracting username from JWT token
2026-08-02 15:52:48 [http-nio-8080-exec-8] DEBUG c.i.backend.security.JwtService - Extracting claim from JWT token
2026-08-02 15:52:48 [http-nio-8080-exec-8] DEBUG c.i.backend.security.JwtService - Retrieving signing key for JWT
2026-08-02 15:52:48 [http-nio-8080-exec-8] DEBUG c.i.backend.security.JwtService - Signing key retrieved successfully
2026-08-02 15:52:48 [http-nio-8080-exec-8] DEBUG c.i.backend.security.JwtService - Claims extracted successfully from JWT token
2026-08-02 15:52:48 [http-nio-8080-exec-8] DEBUG c.i.backend.security.JwtService - Username extracted successfully from JWT: ahmed
2026-08-02 15:52:48 [http-nio-8080-exec-8] DEBUG c.i.b.s.JwtAuthenticationFilter - Username extracted from JWT: ahmed
2026-08-02 15:52:48 [http-nio-8080-exec-8] DEBUG c.i.b.s.JwtAuthenticationFilter - Attempting to authenticate user: ahmed for request: GET /api/tasks
2026-08-02 15:52:48 [http-nio-8080-exec-8] DEBUG c.i.b.s.JwtAuthenticationFilter - User details found for username: ahmed
2026-08-02 15:52:48 [http-nio-8080-exec-8] DEBUG c.i.backend.security.JwtService - Validating JWT token for username: ahmed
2026-08-02 15:52:48 [http-nio-8080-exec-8] DEBUG c.i.backend.security.JwtService - Extracting username from JWT token
2026-08-02 15:52:48 [http-nio-8080-exec-8] DEBUG c.i.backend.security.JwtService - Extracting claim from JWT token
2026-08-02 15:52:48 [http-nio-8080-exec-8] DEBUG c.i.backend.security.JwtService - Retrieving signing key for JWT
2026-08-02 15:52:48 [http-nio-8080-exec-8] DEBUG c.i.backend.security.JwtService - Signing key retrieved successfully
2026-08-02 15:52:48 [http-nio-8080-exec-8] DEBUG c.i.backend.security.JwtService - Claims extracted successfully from JWT token
2026-08-02 15:52:48 [http-nio-8080-exec-8] DEBUG c.i.backend.security.JwtService - Username extracted successfully from JWT: ahmed
2026-08-02 15:52:48 [http-nio-8080-exec-8] DEBUG c.i.backend.security.JwtService - Checking if JWT token is expired
2026-08-02 15:52:48 [http-nio-8080-exec-8] DEBUG c.i.backend.security.JwtService - Extracting expiration date from JWT token
2026-08-02 15:52:48 [http-nio-8080-exec-8] DEBUG c.i.backend.security.JwtService - Extracting claim from JWT token
2026-08-02 15:52:48 [http-nio-8080-exec-8] DEBUG c.i.backend.security.JwtService - Retrieving signing key for JWT
2026-08-02 15:52:48 [http-nio-8080-exec-8] DEBUG c.i.backend.security.JwtService - Signing key retrieved successfully
2026-08-02 15:52:48 [http-nio-8080-exec-8] DEBUG c.i.backend.security.JwtService - Claims extracted successfully from JWT token
2026-08-02 15:52:48 [http-nio-8080-exec-8] DEBUG c.i.backend.security.JwtService - Expiration date extracted: Mon Aug 03 15:45:57 EEST 2026
2026-08-02 15:52:48 [http-nio-8080-exec-8] DEBUG c.i.backend.security.JwtService - Token expiration check - Expiration Date: Mon Aug 03 15:45:57 EEST 2026, Current Date: Sun Aug 02 15:52:48 EEST 2026, Is Expired: false
2026-08-02 15:52:48 [http-nio-8080-exec-8] DEBUG c.i.backend.security.JwtService - Token validation details - Username: ahmed, Username Match: true, Is Expired: false
2026-08-02 15:52:48 [http-nio-8080-exec-8] DEBUG c.i.backend.security.JwtService - JWT token validation successful for username: ahmed
2026-08-02 15:52:48 [http-nio-8080-exec-8] DEBUG c.i.b.s.JwtAuthenticationFilter - JWT token validation successful for user: ahmed
2026-08-02 15:52:48 [http-nio-8080-exec-8] INFO  c.i.b.s.JwtAuthenticationFilter - User authenticated successfully - Username: ahmed, Request: GET /api/tasks
2026-08-02 15:52:48 [http-nio-8080-exec-8] INFO  c.i.b.controller.TaskController - Fetching tasks for user: ahmed - Status filter: IN_PROGRESS, Priority filter: null
2026-08-02 15:52:48 [http-nio-8080-exec-8] DEBUG c.i.backend.service.TaskService - Fetching tasks for user: ahmed - Status filter: IN_PROGRESS, Priority filter: null
2026-08-02 15:52:48 [http-nio-8080-exec-8] DEBUG c.i.backend.service.TaskService - Querying tasks with status filter for user: ahmed
2026-08-02 15:52:48 [http-nio-8080-exec-8] INFO  c.i.backend.service.TaskService - Retrieved 2 tasks for user: ahmed
2026-08-02 15:52:48 [http-nio-8080-exec-8] DEBUG c.i.backend.service.TaskService - Converted 2 tasks to response DTOs for user: ahmed
2026-08-02 15:52:48 [http-nio-8080-exec-8] INFO  c.i.b.controller.TaskController - Tasks fetched successfully for user: ahmed - Count: 2 - Duration: 7ms
2026-08-02 15:52:50 [http-nio-8080-exec-10] DEBUG c.i.b.s.JwtAuthenticationFilter - Processing request - Method: GET, Path: /api/tasks
2026-08-02 15:52:50 [http-nio-8080-exec-10] DEBUG c.i.b.s.JwtAuthenticationFilter - JWT token extracted from Authorization header for request: GET /api/tasks
2026-08-02 15:52:50 [http-nio-8080-exec-10] DEBUG c.i.backend.security.JwtService - Extracting username from JWT token
2026-08-02 15:52:50 [http-nio-8080-exec-10] DEBUG c.i.backend.security.JwtService - Extracting claim from JWT token
2026-08-02 15:52:50 [http-nio-8080-exec-10] DEBUG c.i.backend.security.JwtService - Retrieving signing key for JWT
2026-08-02 15:52:50 [http-nio-8080-exec-10] DEBUG c.i.backend.security.JwtService - Signing key retrieved successfully
2026-08-02 15:52:50 [http-nio-8080-exec-10] DEBUG c.i.backend.security.JwtService - Claims extracted successfully from JWT token
2026-08-02 15:52:50 [http-nio-8080-exec-10] DEBUG c.i.backend.security.JwtService - Username extracted successfully from JWT: ahmed
2026-08-02 15:52:50 [http-nio-8080-exec-10] DEBUG c.i.b.s.JwtAuthenticationFilter - Username extracted from JWT: ahmed
2026-08-02 15:52:50 [http-nio-8080-exec-10] DEBUG c.i.b.s.JwtAuthenticationFilter - Attempting to authenticate user: ahmed for request: GET /api/tasks
2026-08-02 15:52:50 [http-nio-8080-exec-10] DEBUG c.i.b.s.JwtAuthenticationFilter - User details found for username: ahmed
2026-08-02 15:52:50 [http-nio-8080-exec-10] DEBUG c.i.backend.security.JwtService - Validating JWT token for username: ahmed
2026-08-02 15:52:50 [http-nio-8080-exec-10] DEBUG c.i.backend.security.JwtService - Extracting username from JWT token
2026-08-02 15:52:50 [http-nio-8080-exec-10] DEBUG c.i.backend.security.JwtService - Extracting claim from JWT token
2026-08-02 15:52:50 [http-nio-8080-exec-10] DEBUG c.i.backend.security.JwtService - Retrieving signing key for JWT
2026-08-02 15:52:50 [http-nio-8080-exec-10] DEBUG c.i.backend.security.JwtService - Signing key retrieved successfully
2026-08-02 15:52:50 [http-nio-8080-exec-10] DEBUG c.i.backend.security.JwtService - Claims extracted successfully from JWT token
2026-08-02 15:52:50 [http-nio-8080-exec-10] DEBUG c.i.backend.security.JwtService - Username extracted successfully from JWT: ahmed
2026-08-02 15:52:50 [http-nio-8080-exec-10] DEBUG c.i.backend.security.JwtService - Checking if JWT token is expired
2026-08-02 15:52:50 [http-nio-8080-exec-10] DEBUG c.i.backend.security.JwtService - Extracting expiration date from JWT token
2026-08-02 15:52:50 [http-nio-8080-exec-10] DEBUG c.i.backend.security.JwtService - Extracting claim from JWT token
2026-08-02 15:52:50 [http-nio-8080-exec-10] DEBUG c.i.backend.security.JwtService - Retrieving signing key for JWT
2026-08-02 15:52:50 [http-nio-8080-exec-10] DEBUG c.i.backend.security.JwtService - Signing key retrieved successfully
2026-08-02 15:52:50 [http-nio-8080-exec-10] DEBUG c.i.backend.security.JwtService - Claims extracted successfully from JWT token
2026-08-02 15:52:50 [http-nio-8080-exec-10] DEBUG c.i.backend.security.JwtService - Expiration date extracted: Mon Aug 03 15:45:57 EEST 2026
2026-08-02 15:52:50 [http-nio-8080-exec-10] DEBUG c.i.backend.security.JwtService - Token expiration check - Expiration Date: Mon Aug 03 15:45:57 EEST 2026, Current Date: Sun Aug 02 15:52:50 EEST 2026, Is Expired: false
2026-08-02 15:52:50 [http-nio-8080-exec-10] DEBUG c.i.backend.security.JwtService - Token validation details - Username: ahmed, Username Match: true, Is Expired: false
2026-08-02 15:52:50 [http-nio-8080-exec-10] DEBUG c.i.backend.security.JwtService - JWT token validation successful for username: ahmed
2026-08-02 15:52:50 [http-nio-8080-exec-10] DEBUG c.i.b.s.JwtAuthenticationFilter - JWT token validation successful for user: ahmed
2026-08-02 15:52:50 [http-nio-8080-exec-10] INFO  c.i.b.s.JwtAuthenticationFilter - User authenticated successfully - Username: ahmed, Request: GET /api/tasks
2026-08-02 15:52:50 [http-nio-8080-exec-10] INFO  c.i.b.controller.TaskController - Fetching tasks for user: ahmed - Status filter: IN_PROGRESS, Priority filter: LOW
2026-08-02 15:52:50 [http-nio-8080-exec-10] DEBUG c.i.backend.service.TaskService - Fetching tasks for user: ahmed - Status filter: IN_PROGRESS, Priority filter: LOW
2026-08-02 15:52:50 [http-nio-8080-exec-10] DEBUG c.i.backend.service.TaskService - Querying tasks with both status and priority filters for user: ahmed
2026-08-02 15:52:50 [http-nio-8080-exec-10] INFO  c.i.backend.service.TaskService - Retrieved 1 tasks for user: ahmed
2026-08-02 15:52:50 [http-nio-8080-exec-10] DEBUG c.i.backend.service.TaskService - Converted 1 tasks to response DTOs for user: ahmed
2026-08-02 15:52:50 [http-nio-8080-exec-10] INFO  c.i.b.controller.TaskController - Tasks fetched successfully for user: ahmed - Count: 1 - Duration: 8ms
2026-08-02 15:52:54 [http-nio-8080-exec-1] DEBUG c.i.b.s.JwtAuthenticationFilter - Processing request - Method: GET, Path: /api/tasks
2026-08-02 15:52:54 [http-nio-8080-exec-1] DEBUG c.i.b.s.JwtAuthenticationFilter - JWT token extracted from Authorization header for request: GET /api/tasks
2026-08-02 15:52:54 [http-nio-8080-exec-1] DEBUG c.i.backend.security.JwtService - Extracting username from JWT token
2026-08-02 15:52:54 [http-nio-8080-exec-1] DEBUG c.i.backend.security.JwtService - Extracting claim from JWT token
2026-08-02 15:52:54 [http-nio-8080-exec-1] DEBUG c.i.backend.security.JwtService - Retrieving signing key for JWT
2026-08-02 15:52:54 [http-nio-8080-exec-1] DEBUG c.i.backend.security.JwtService - Signing key retrieved successfully
2026-08-02 15:52:54 [http-nio-8080-exec-1] DEBUG c.i.backend.security.JwtService - Claims extracted successfully from JWT token
2026-08-02 15:52:54 [http-nio-8080-exec-1] DEBUG c.i.backend.security.JwtService - Username extracted successfully from JWT: ahmed
2026-08-02 15:52:54 [http-nio-8080-exec-1] DEBUG c.i.b.s.JwtAuthenticationFilter - Username extracted from JWT: ahmed
2026-08-02 15:52:54 [http-nio-8080-exec-1] DEBUG c.i.b.s.JwtAuthenticationFilter - Attempting to authenticate user: ahmed for request: GET /api/tasks
2026-08-02 15:52:54 [http-nio-8080-exec-1] DEBUG c.i.b.s.JwtAuthenticationFilter - User details found for username: ahmed
2026-08-02 15:52:54 [http-nio-8080-exec-1] DEBUG c.i.backend.security.JwtService - Validating JWT token for username: ahmed
2026-08-02 15:52:54 [http-nio-8080-exec-1] DEBUG c.i.backend.security.JwtService - Extracting username from JWT token
2026-08-02 15:52:54 [http-nio-8080-exec-1] DEBUG c.i.backend.security.JwtService - Extracting claim from JWT token
2026-08-02 15:52:54 [http-nio-8080-exec-1] DEBUG c.i.backend.security.JwtService - Retrieving signing key for JWT
2026-08-02 15:52:54 [http-nio-8080-exec-1] DEBUG c.i.backend.security.JwtService - Signing key retrieved successfully
2026-08-02 15:52:54 [http-nio-8080-exec-1] DEBUG c.i.backend.security.JwtService - Claims extracted successfully from JWT token
2026-08-02 15:52:54 [http-nio-8080-exec-1] DEBUG c.i.backend.security.JwtService - Username extracted successfully from JWT: ahmed
2026-08-02 15:52:54 [http-nio-8080-exec-1] DEBUG c.i.backend.security.JwtService - Checking if JWT token is expired
2026-08-02 15:52:54 [http-nio-8080-exec-1] DEBUG c.i.backend.security.JwtService - Extracting expiration date from JWT token
2026-08-02 15:52:54 [http-nio-8080-exec-1] DEBUG c.i.backend.security.JwtService - Extracting claim from JWT token
2026-08-02 15:52:54 [http-nio-8080-exec-1] DEBUG c.i.backend.security.JwtService - Retrieving signing key for JWT
2026-08-02 15:52:54 [http-nio-8080-exec-1] DEBUG c.i.backend.security.JwtService - Signing key retrieved successfully
2026-08-02 15:52:54 [http-nio-8080-exec-1] DEBUG c.i.backend.security.JwtService - Claims extracted successfully from JWT token
2026-08-02 15:52:54 [http-nio-8080-exec-1] DEBUG c.i.backend.security.JwtService - Expiration date extracted: Mon Aug 03 15:45:57 EEST 2026
2026-08-02 15:52:54 [http-nio-8080-exec-1] DEBUG c.i.backend.security.JwtService - Token expiration check - Expiration Date: Mon Aug 03 15:45:57 EEST 2026, Current Date: Sun Aug 02 15:52:54 EEST 2026, Is Expired: false
2026-08-02 15:52:54 [http-nio-8080-exec-1] DEBUG c.i.backend.security.JwtService - Token validation details - Username: ahmed, Username Match: true, Is Expired: false
2026-08-02 15:52:54 [http-nio-8080-exec-1] DEBUG c.i.backend.security.JwtService - JWT token validation successful for username: ahmed
2026-08-02 15:52:54 [http-nio-8080-exec-1] DEBUG c.i.b.s.JwtAuthenticationFilter - JWT token validation successful for user: ahmed
2026-08-02 15:52:54 [http-nio-8080-exec-1] INFO  c.i.b.s.JwtAuthenticationFilter - User authenticated successfully - Username: ahmed, Request: GET /api/tasks
2026-08-02 15:52:54 [http-nio-8080-exec-1] INFO  c.i.b.controller.TaskController - Fetching tasks for user: ahmed - Status filter: null, Priority filter: null
2026-08-02 15:52:54 [http-nio-8080-exec-1] DEBUG c.i.backend.service.TaskService - Fetching tasks for user: ahmed - Status filter: null, Priority filter: null
2026-08-02 15:52:54 [http-nio-8080-exec-1] DEBUG c.i.backend.service.TaskService - Querying all tasks for user: ahmed
2026-08-02 15:52:54 [http-nio-8080-exec-1] INFO  c.i.backend.service.TaskService - Retrieved 4 tasks for user: ahmed
2026-08-02 15:52:54 [http-nio-8080-exec-1] DEBUG c.i.backend.service.TaskService - Converted 4 tasks to response DTOs for user: ahmed
2026-08-02 15:52:54 [http-nio-8080-exec-1] INFO  c.i.b.controller.TaskController - Tasks fetched successfully for user: ahmed - Count: 4 - Duration: 4ms
2026-08-02 15:52:57 [http-nio-8080-exec-2] DEBUG c.i.b.s.JwtAuthenticationFilter - Processing request - Method: GET, Path: /api/tasks
2026-08-02 15:52:57 [http-nio-8080-exec-2] DEBUG c.i.b.s.JwtAuthenticationFilter - JWT token extracted from Authorization header for request: GET /api/tasks
2026-08-02 15:52:57 [http-nio-8080-exec-2] DEBUG c.i.backend.security.JwtService - Extracting username from JWT token
2026-08-02 15:52:57 [http-nio-8080-exec-2] DEBUG c.i.backend.security.JwtService - Extracting claim from JWT token
2026-08-02 15:52:57 [http-nio-8080-exec-2] DEBUG c.i.backend.security.JwtService - Retrieving signing key for JWT
2026-08-02 15:52:57 [http-nio-8080-exec-2] DEBUG c.i.backend.security.JwtService - Signing key retrieved successfully
2026-08-02 15:52:57 [http-nio-8080-exec-2] DEBUG c.i.backend.security.JwtService - Claims extracted successfully from JWT token
2026-08-02 15:52:57 [http-nio-8080-exec-2] DEBUG c.i.backend.security.JwtService - Username extracted successfully from JWT: ahmed
2026-08-02 15:52:57 [http-nio-8080-exec-2] DEBUG c.i.b.s.JwtAuthenticationFilter - Username extracted from JWT: ahmed
2026-08-02 15:52:57 [http-nio-8080-exec-2] DEBUG c.i.b.s.JwtAuthenticationFilter - Attempting to authenticate user: ahmed for request: GET /api/tasks
2026-08-02 15:52:57 [http-nio-8080-exec-2] DEBUG c.i.b.s.JwtAuthenticationFilter - User details found for username: ahmed
2026-08-02 15:52:57 [http-nio-8080-exec-2] DEBUG c.i.backend.security.JwtService - Validating JWT token for username: ahmed
2026-08-02 15:52:57 [http-nio-8080-exec-2] DEBUG c.i.backend.security.JwtService - Extracting username from JWT token
2026-08-02 15:52:57 [http-nio-8080-exec-2] DEBUG c.i.backend.security.JwtService - Extracting claim from JWT token
2026-08-02 15:52:57 [http-nio-8080-exec-2] DEBUG c.i.backend.security.JwtService - Retrieving signing key for JWT
2026-08-02 15:52:57 [http-nio-8080-exec-2] DEBUG c.i.backend.security.JwtService - Signing key retrieved successfully
2026-08-02 15:52:57 [http-nio-8080-exec-2] DEBUG c.i.backend.security.JwtService - Claims extracted successfully from JWT token
2026-08-02 15:52:57 [http-nio-8080-exec-2] DEBUG c.i.backend.security.JwtService - Username extracted successfully from JWT: ahmed
2026-08-02 15:52:57 [http-nio-8080-exec-2] DEBUG c.i.backend.security.JwtService - Checking if JWT token is expired
2026-08-02 15:52:57 [http-nio-8080-exec-2] DEBUG c.i.backend.security.JwtService - Extracting expiration date from JWT token
2026-08-02 15:52:57 [http-nio-8080-exec-2] DEBUG c.i.backend.security.JwtService - Extracting claim from JWT token
2026-08-02 15:52:57 [http-nio-8080-exec-2] DEBUG c.i.backend.security.JwtService - Retrieving signing key for JWT
2026-08-02 15:52:57 [http-nio-8080-exec-2] DEBUG c.i.backend.security.JwtService - Signing key retrieved successfully
2026-08-02 15:52:57 [http-nio-8080-exec-2] DEBUG c.i.backend.security.JwtService - Claims extracted successfully from JWT token
2026-08-02 15:52:57 [http-nio-8080-exec-2] DEBUG c.i.backend.security.JwtService - Expiration date extracted: Mon Aug 03 15:45:57 EEST 2026
2026-08-02 15:52:57 [http-nio-8080-exec-2] DEBUG c.i.backend.security.JwtService - Token expiration check - Expiration Date: Mon Aug 03 15:45:57 EEST 2026, Current Date: Sun Aug 02 15:52:57 EEST 2026, Is Expired: false
2026-08-02 15:52:57 [http-nio-8080-exec-2] DEBUG c.i.backend.security.JwtService - Token validation details - Username: ahmed, Username Match: true, Is Expired: false
2026-08-02 15:52:57 [http-nio-8080-exec-2] DEBUG c.i.backend.security.JwtService - JWT token validation successful for username: ahmed
2026-08-02 15:52:57 [http-nio-8080-exec-2] DEBUG c.i.b.s.JwtAuthenticationFilter - JWT token validation successful for user: ahmed
2026-08-02 15:52:57 [http-nio-8080-exec-2] INFO  c.i.b.s.JwtAuthenticationFilter - User authenticated successfully - Username: ahmed, Request: GET /api/tasks
2026-08-02 15:52:57 [http-nio-8080-exec-2] INFO  c.i.b.controller.TaskController - Fetching tasks for user: ahmed - Status filter: null, Priority filter: null
2026-08-02 15:52:57 [http-nio-8080-exec-2] DEBUG c.i.backend.service.TaskService - Fetching tasks for user: ahmed - Status filter: null, Priority filter: null
2026-08-02 15:52:57 [http-nio-8080-exec-2] DEBUG c.i.backend.service.TaskService - Querying all tasks for user: ahmed
2026-08-02 15:52:57 [http-nio-8080-exec-2] INFO  c.i.backend.service.TaskService - Retrieved 4 tasks for user: ahmed
2026-08-02 15:52:57 [http-nio-8080-exec-2] DEBUG c.i.backend.service.TaskService - Converted 4 tasks to response DTOs for user: ahmed
2026-08-02 15:52:57 [http-nio-8080-exec-2] INFO  c.i.b.controller.TaskController - Tasks fetched successfully for user: ahmed - Count: 4 - Duration: 3ms
2026-08-02 15:52:58 [http-nio-8080-exec-4] DEBUG c.i.b.s.JwtAuthenticationFilter - Processing request - Method: GET, Path: /api/tasks
2026-08-02 15:52:58 [http-nio-8080-exec-4] DEBUG c.i.b.s.JwtAuthenticationFilter - JWT token extracted from Authorization header for request: GET /api/tasks
2026-08-02 15:52:58 [http-nio-8080-exec-4] DEBUG c.i.backend.security.JwtService - Extracting username from JWT token
2026-08-02 15:52:58 [http-nio-8080-exec-4] DEBUG c.i.backend.security.JwtService - Extracting claim from JWT token
2026-08-02 15:52:58 [http-nio-8080-exec-4] DEBUG c.i.backend.security.JwtService - Retrieving signing key for JWT
2026-08-02 15:52:58 [http-nio-8080-exec-4] DEBUG c.i.backend.security.JwtService - Signing key retrieved successfully
2026-08-02 15:52:58 [http-nio-8080-exec-4] DEBUG c.i.backend.security.JwtService - Claims extracted successfully from JWT token
2026-08-02 15:52:58 [http-nio-8080-exec-4] DEBUG c.i.backend.security.JwtService - Username extracted successfully from JWT: ahmed
2026-08-02 15:52:58 [http-nio-8080-exec-4] DEBUG c.i.b.s.JwtAuthenticationFilter - Username extracted from JWT: ahmed
2026-08-02 15:52:58 [http-nio-8080-exec-4] DEBUG c.i.b.s.JwtAuthenticationFilter - Attempting to authenticate user: ahmed for request: GET /api/tasks
2026-08-02 15:52:58 [http-nio-8080-exec-4] DEBUG c.i.b.s.JwtAuthenticationFilter - User details found for username: ahmed
2026-08-02 15:52:58 [http-nio-8080-exec-4] DEBUG c.i.backend.security.JwtService - Validating JWT token for username: ahmed
2026-08-02 15:52:58 [http-nio-8080-exec-4] DEBUG c.i.backend.security.JwtService - Extracting username from JWT token
2026-08-02 15:52:58 [http-nio-8080-exec-4] DEBUG c.i.backend.security.JwtService - Extracting claim from JWT token
2026-08-02 15:52:58 [http-nio-8080-exec-4] DEBUG c.i.backend.security.JwtService - Retrieving signing key for JWT
2026-08-02 15:52:58 [http-nio-8080-exec-4] DEBUG c.i.backend.security.JwtService - Signing key retrieved successfully
2026-08-02 15:52:58 [http-nio-8080-exec-4] DEBUG c.i.backend.security.JwtService - Claims extracted successfully from JWT token
2026-08-02 15:52:58 [http-nio-8080-exec-4] DEBUG c.i.backend.security.JwtService - Username extracted successfully from JWT: ahmed
2026-08-02 15:52:58 [http-nio-8080-exec-4] DEBUG c.i.backend.security.JwtService - Checking if JWT token is expired
2026-08-02 15:52:58 [http-nio-8080-exec-4] DEBUG c.i.backend.security.JwtService - Extracting expiration date from JWT token
2026-08-02 15:52:58 [http-nio-8080-exec-4] DEBUG c.i.backend.security.JwtService - Extracting claim from JWT token
2026-08-02 15:52:58 [http-nio-8080-exec-4] DEBUG c.i.backend.security.JwtService - Retrieving signing key for JWT
2026-08-02 15:52:58 [http-nio-8080-exec-4] DEBUG c.i.backend.security.JwtService - Signing key retrieved successfully
2026-08-02 15:52:58 [http-nio-8080-exec-4] DEBUG c.i.backend.security.JwtService - Claims extracted successfully from JWT token
2026-08-02 15:52:58 [http-nio-8080-exec-4] DEBUG c.i.backend.security.JwtService - Expiration date extracted: Mon Aug 03 15:45:57 EEST 2026
2026-08-02 15:52:58 [http-nio-8080-exec-4] DEBUG c.i.backend.security.JwtService - Token expiration check - Expiration Date: Mon Aug 03 15:45:57 EEST 2026, Current Date: Sun Aug 02 15:52:58 EEST 2026, Is Expired: false
2026-08-02 15:52:58 [http-nio-8080-exec-4] DEBUG c.i.backend.security.JwtService - Token validation details - Username: ahmed, Username Match: true, Is Expired: false
2026-08-02 15:52:58 [http-nio-8080-exec-4] DEBUG c.i.backend.security.JwtService - JWT token validation successful for username: ahmed
2026-08-02 15:52:58 [http-nio-8080-exec-4] DEBUG c.i.b.s.JwtAuthenticationFilter - JWT token validation successful for user: ahmed
2026-08-02 15:52:58 [http-nio-8080-exec-4] INFO  c.i.b.s.JwtAuthenticationFilter - User authenticated successfully - Username: ahmed, Request: GET /api/tasks
2026-08-02 15:52:58 [http-nio-8080-exec-4] INFO  c.i.b.controller.TaskController - Fetching tasks for user: ahmed - Status filter: null, Priority filter: null
2026-08-02 15:52:58 [http-nio-8080-exec-4] DEBUG c.i.backend.service.TaskService - Fetching tasks for user: ahmed - Status filter: null, Priority filter: null
2026-08-02 15:52:58 [http-nio-8080-exec-4] DEBUG c.i.backend.service.TaskService - Querying all tasks for user: ahmed
2026-08-02 15:52:58 [http-nio-8080-exec-4] INFO  c.i.backend.service.TaskService - Retrieved 4 tasks for user: ahmed
2026-08-02 15:52:58 [http-nio-8080-exec-4] DEBUG c.i.backend.service.TaskService - Converted 4 tasks to response DTOs for user: ahmed
2026-08-02 15:52:58 [http-nio-8080-exec-4] INFO  c.i.b.controller.TaskController - Tasks fetched successfully for user: ahmed - Count: 4 - Duration: 4ms
2026-08-02 15:52:58 [http-nio-8080-exec-3] DEBUG c.i.b.s.JwtAuthenticationFilter - Processing request - Method: GET, Path: /api/tasks
2026-08-02 15:52:58 [http-nio-8080-exec-3] DEBUG c.i.b.s.JwtAuthenticationFilter - JWT token extracted from Authorization header for request: GET /api/tasks
2026-08-02 15:52:58 [http-nio-8080-exec-3] DEBUG c.i.backend.security.JwtService - Extracting username from JWT token
2026-08-02 15:52:58 [http-nio-8080-exec-3] DEBUG c.i.backend.security.JwtService - Extracting claim from JWT token
2026-08-02 15:52:58 [http-nio-8080-exec-3] DEBUG c.i.backend.security.JwtService - Retrieving signing key for JWT
2026-08-02 15:52:58 [http-nio-8080-exec-3] DEBUG c.i.backend.security.JwtService - Signing key retrieved successfully
2026-08-02 15:52:58 [http-nio-8080-exec-3] DEBUG c.i.backend.security.JwtService - Claims extracted successfully from JWT token
2026-08-02 15:52:58 [http-nio-8080-exec-3] DEBUG c.i.backend.security.JwtService - Username extracted successfully from JWT: ahmed
2026-08-02 15:52:58 [http-nio-8080-exec-3] DEBUG c.i.b.s.JwtAuthenticationFilter - Username extracted from JWT: ahmed
2026-08-02 15:52:58 [http-nio-8080-exec-3] DEBUG c.i.b.s.JwtAuthenticationFilter - Attempting to authenticate user: ahmed for request: GET /api/tasks
2026-08-02 15:52:58 [http-nio-8080-exec-3] DEBUG c.i.b.s.JwtAuthenticationFilter - User details found for username: ahmed
2026-08-02 15:52:58 [http-nio-8080-exec-3] DEBUG c.i.backend.security.JwtService - Validating JWT token for username: ahmed
2026-08-02 15:52:58 [http-nio-8080-exec-3] DEBUG c.i.backend.security.JwtService - Extracting username from JWT token
2026-08-02 15:52:58 [http-nio-8080-exec-3] DEBUG c.i.backend.security.JwtService - Extracting claim from JWT token
2026-08-02 15:52:58 [http-nio-8080-exec-3] DEBUG c.i.backend.security.JwtService - Retrieving signing key for JWT
2026-08-02 15:52:58 [http-nio-8080-exec-3] DEBUG c.i.backend.security.JwtService - Signing key retrieved successfully
2026-08-02 15:52:58 [http-nio-8080-exec-3] DEBUG c.i.backend.security.JwtService - Claims extracted successfully from JWT token
2026-08-02 15:52:58 [http-nio-8080-exec-3] DEBUG c.i.backend.security.JwtService - Username extracted successfully from JWT: ahmed
2026-08-02 15:52:58 [http-nio-8080-exec-3] DEBUG c.i.backend.security.JwtService - Checking if JWT token is expired
2026-08-02 15:52:58 [http-nio-8080-exec-3] DEBUG c.i.backend.security.JwtService - Extracting expiration date from JWT token
2026-08-02 15:52:58 [http-nio-8080-exec-3] DEBUG c.i.backend.security.JwtService - Extracting claim from JWT token
2026-08-02 15:52:58 [http-nio-8080-exec-3] DEBUG c.i.backend.security.JwtService - Retrieving signing key for JWT
2026-08-02 15:52:58 [http-nio-8080-exec-3] DEBUG c.i.backend.security.JwtService - Signing key retrieved successfully
2026-08-02 15:52:58 [http-nio-8080-exec-3] DEBUG c.i.backend.security.JwtService - Claims extracted successfully from JWT token
2026-08-02 15:52:58 [http-nio-8080-exec-3] DEBUG c.i.backend.security.JwtService - Expiration date extracted: Mon Aug 03 15:45:57 EEST 2026
2026-08-02 15:52:58 [http-nio-8080-exec-3] DEBUG c.i.backend.security.JwtService - Token expiration check - Expiration Date: Mon Aug 03 15:45:57 EEST 2026, Current Date: Sun Aug 02 15:52:58 EEST 2026, Is Expired: false
2026-08-02 15:52:58 [http-nio-8080-exec-3] DEBUG c.i.backend.security.JwtService - Token validation details - Username: ahmed, Username Match: true, Is Expired: false
2026-08-02 15:52:58 [http-nio-8080-exec-3] DEBUG c.i.backend.security.JwtService - JWT token validation successful for username: ahmed
2026-08-02 15:52:58 [http-nio-8080-exec-3] DEBUG c.i.b.s.JwtAuthenticationFilter - JWT token validation successful for user: ahmed
2026-08-02 15:52:58 [http-nio-8080-exec-3] INFO  c.i.b.s.JwtAuthenticationFilter - User authenticated successfully - Username: ahmed, Request: GET /api/tasks
2026-08-02 15:52:58 [http-nio-8080-exec-3] INFO  c.i.b.controller.TaskController - Fetching tasks for user: ahmed - Status filter: null, Priority filter: null
2026-08-02 15:52:58 [http-nio-8080-exec-3] DEBUG c.i.backend.service.TaskService - Fetching tasks for user: ahmed - Status filter: null, Priority filter: null
2026-08-02 15:52:58 [http-nio-8080-exec-3] DEBUG c.i.backend.service.TaskService - Querying all tasks for user: ahmed
2026-08-02 15:52:58 [http-nio-8080-exec-3] INFO  c.i.backend.service.TaskService - Retrieved 4 tasks for user: ahmed
2026-08-02 15:52:58 [http-nio-8080-exec-3] DEBUG c.i.backend.service.TaskService - Converted 4 tasks to response DTOs for user: ahmed
2026-08-02 15:52:58 [http-nio-8080-exec-3] INFO  c.i.b.controller.TaskController - Tasks fetched successfully for user: ahmed - Count: 4 - Duration: 2ms
2026-08-02 15:53:07 [http-nio-8080-exec-5] DEBUG c.i.b.s.JwtAuthenticationFilter - Processing request - Method: POST, Path: /api/auth/login
2026-08-02 15:53:07 [http-nio-8080-exec-5] DEBUG c.i.b.s.JwtAuthenticationFilter - No valid Authorization header found for request: POST /api/auth/login
2026-08-02 15:53:07 [http-nio-8080-exec-5] INFO  c.i.b.controller.AuthController - Processing login request for username: ahmed
2026-08-02 15:53:07 [http-nio-8080-exec-5] DEBUG c.i.backend.service.AuthService - Starting login process for username: ahmed
2026-08-02 15:53:07 [http-nio-8080-exec-5] DEBUG c.i.backend.service.AuthService - Authenticating credentials for username: ahmed
2026-08-02 15:53:07 [http-nio-8080-exec-5] DEBUG c.i.backend.service.AuthService - Authentication successful for username: ahmed
2026-08-02 15:53:07 [http-nio-8080-exec-5] DEBUG c.i.backend.service.AuthService - Fetching user details from database for username: ahmed
2026-08-02 15:53:07 [http-nio-8080-exec-5] DEBUG c.i.backend.service.AuthService - User details fetched successfully for username: ahmed
2026-08-02 15:53:07 [http-nio-8080-exec-5] DEBUG c.i.backend.service.AuthService - Generating JWT token for login - username: ahmed
2026-08-02 15:53:07 [http-nio-8080-exec-5] DEBUG c.i.backend.security.JwtService - Generating JWT token for username: ahmed
2026-08-02 15:53:07 [http-nio-8080-exec-5] DEBUG c.i.backend.security.JwtService - Retrieving signing key for JWT
2026-08-02 15:53:07 [http-nio-8080-exec-5] DEBUG c.i.backend.security.JwtService - Signing key retrieved successfully
2026-08-02 15:53:07 [http-nio-8080-exec-5] INFO  c.i.backend.security.JwtService - JWT token generated successfully for username: ahmed - Expiration: Mon Aug 03 15:53:07 EEST 2026
2026-08-02 15:53:07 [http-nio-8080-exec-5] DEBUG c.i.backend.security.JwtService - JWT token length: 152 characters
2026-08-02 15:53:07 [http-nio-8080-exec-5] DEBUG c.i.backend.service.AuthService - JWT token generated successfully for login - username: ahmed
2026-08-02 15:53:07 [http-nio-8080-exec-5] INFO  c.i.backend.service.AuthService - Login completed successfully for username: ahmed
2026-08-02 15:53:07 [http-nio-8080-exec-5] INFO  c.i.b.controller.AuthController - Login successful for username: ahmed - Duration: 97ms
2026-08-02 15:53:07 [http-nio-8080-exec-9] DEBUG c.i.b.s.JwtAuthenticationFilter - Processing request - Method: GET, Path: /api/tasks
2026-08-02 15:53:07 [http-nio-8080-exec-9] DEBUG c.i.b.s.JwtAuthenticationFilter - JWT token extracted from Authorization header for request: GET /api/tasks
2026-08-02 15:53:07 [http-nio-8080-exec-9] DEBUG c.i.backend.security.JwtService - Extracting username from JWT token
2026-08-02 15:53:07 [http-nio-8080-exec-9] DEBUG c.i.backend.security.JwtService - Extracting claim from JWT token
2026-08-02 15:53:07 [http-nio-8080-exec-9] DEBUG c.i.backend.security.JwtService - Retrieving signing key for JWT
2026-08-02 15:53:07 [http-nio-8080-exec-9] DEBUG c.i.backend.security.JwtService - Signing key retrieved successfully
2026-08-02 15:53:07 [http-nio-8080-exec-9] DEBUG c.i.backend.security.JwtService - Claims extracted successfully from JWT token
2026-08-02 15:53:07 [http-nio-8080-exec-9] DEBUG c.i.backend.security.JwtService - Username extracted successfully from JWT: ahmed
2026-08-02 15:53:07 [http-nio-8080-exec-9] DEBUG c.i.b.s.JwtAuthenticationFilter - Username extracted from JWT: ahmed
2026-08-02 15:53:07 [http-nio-8080-exec-9] DEBUG c.i.b.s.JwtAuthenticationFilter - Attempting to authenticate user: ahmed for request: GET /api/tasks
2026-08-02 15:53:07 [http-nio-8080-exec-9] DEBUG c.i.b.s.JwtAuthenticationFilter - User details found for username: ahmed
2026-08-02 15:53:07 [http-nio-8080-exec-9] DEBUG c.i.backend.security.JwtService - Validating JWT token for username: ahmed
2026-08-02 15:53:07 [http-nio-8080-exec-9] DEBUG c.i.backend.security.JwtService - Extracting username from JWT token
2026-08-02 15:53:07 [http-nio-8080-exec-9] DEBUG c.i.backend.security.JwtService - Extracting claim from JWT token
2026-08-02 15:53:07 [http-nio-8080-exec-9] DEBUG c.i.backend.security.JwtService - Retrieving signing key for JWT
2026-08-02 15:53:07 [http-nio-8080-exec-9] DEBUG c.i.backend.security.JwtService - Signing key retrieved successfully
2026-08-02 15:53:07 [http-nio-8080-exec-9] DEBUG c.i.backend.security.JwtService - Claims extracted successfully from JWT token
2026-08-02 15:53:07 [http-nio-8080-exec-9] DEBUG c.i.backend.security.JwtService - Username extracted successfully from JWT: ahmed
2026-08-02 15:53:07 [http-nio-8080-exec-9] DEBUG c.i.backend.security.JwtService - Checking if JWT token is expired
2026-08-02 15:53:07 [http-nio-8080-exec-9] DEBUG c.i.backend.security.JwtService - Extracting expiration date from JWT token
2026-08-02 15:53:07 [http-nio-8080-exec-9] DEBUG c.i.backend.security.JwtService - Extracting claim from JWT token
2026-08-02 15:53:07 [http-nio-8080-exec-9] DEBUG c.i.backend.security.JwtService - Retrieving signing key for JWT
2026-08-02 15:53:07 [http-nio-8080-exec-9] DEBUG c.i.backend.security.JwtService - Signing key retrieved successfully
2026-08-02 15:53:07 [http-nio-8080-exec-9] DEBUG c.i.backend.security.JwtService - Claims extracted successfully from JWT token
2026-08-02 15:53:07 [http-nio-8080-exec-9] DEBUG c.i.backend.security.JwtService - Expiration date extracted: Mon Aug 03 15:53:07 EEST 2026
2026-08-02 15:53:07 [http-nio-8080-exec-9] DEBUG c.i.backend.security.JwtService - Token expiration check - Expiration Date: Mon Aug 03 15:53:07 EEST 2026, Current Date: Sun Aug 02 15:53:07 EEST 2026, Is Expired: false
2026-08-02 15:53:07 [http-nio-8080-exec-9] DEBUG c.i.backend.security.JwtService - Token validation details - Username: ahmed, Username Match: true, Is Expired: false
2026-08-02 15:53:07 [http-nio-8080-exec-9] DEBUG c.i.backend.security.JwtService - JWT token validation successful for username: ahmed
2026-08-02 15:53:07 [http-nio-8080-exec-9] DEBUG c.i.b.s.JwtAuthenticationFilter - JWT token validation successful for user: ahmed
2026-08-02 15:53:07 [http-nio-8080-exec-9] INFO  c.i.b.s.JwtAuthenticationFilter - User authenticated successfully - Username: ahmed, Request: GET /api/tasks
2026-08-02 15:53:07 [http-nio-8080-exec-9] INFO  c.i.b.controller.TaskController - Fetching tasks for user: ahmed - Status filter: null, Priority filter: null
2026-08-02 15:53:07 [http-nio-8080-exec-9] DEBUG c.i.backend.service.TaskService - Fetching tasks for user: ahmed - Status filter: null, Priority filter: null
2026-08-02 15:53:07 [http-nio-8080-exec-9] DEBUG c.i.backend.service.TaskService - Querying all tasks for user: ahmed
2026-08-02 15:53:07 [http-nio-8080-exec-9] INFO  c.i.backend.service.TaskService - Retrieved 4 tasks for user: ahmed
2026-08-02 15:53:07 [http-nio-8080-exec-9] DEBUG c.i.backend.service.TaskService - Converted 4 tasks to response DTOs for user: ahmed
2026-08-02 15:53:07 [http-nio-8080-exec-9] INFO  c.i.b.controller.TaskController - Tasks fetched successfully for user: ahmed - Count: 4 - Duration: 7ms
2026-08-02 15:55:20 [SpringApplicationShutdownHook] INFO  o.s.boot.tomcat.GracefulShutdown - Commencing graceful shutdown. Waiting for active requests to complete
2026-08-02 15:55:20 [tomcat-shutdown] INFO  o.s.boot.tomcat.GracefulShutdown - Graceful shutdown complete
2026-08-02 15:55:20 [SpringApplicationShutdownHook] INFO  o.s.o.j.LocalContainerEntityManagerFactoryBean - Closing JPA EntityManagerFactory for persistence unit 'default'
2026-08-02 15:55:20 [SpringApplicationShutdownHook] INFO  com.zaxxer.hikari.HikariDataSource - HikariPool-1 - Shutdown initiated...
2026-08-02 15:55:20 [SpringApplicationShutdownHook] INFO  com.zaxxer.hikari.HikariDataSource - HikariPool-1 - Shutdown completed.
2026-08-02 16:00:58 [main] INFO  c.i.backend.BackendApplication - Starting BackendApplication using Java 25.0.2 with PID 8528 (C:\internship\mini project\Task-Management\backend\target\classes started by LoQ in C:\internship\mini project\Task-Management)
2026-08-02 16:00:58 [main] DEBUG c.i.backend.BackendApplication - Running with Spring Boot v4.1.0, Spring v7.0.8
2026-08-02 16:00:58 [main] INFO  c.i.backend.BackendApplication - No active profile set, falling back to 1 default profile: "default"
2026-08-02 16:00:59 [main] INFO  o.s.d.r.c.RepositoryConfigurationDelegate - Bootstrapping Spring Data JPA repositories in DEFAULT mode.
2026-08-02 16:00:59 [main] INFO  o.s.d.r.c.RepositoryConfigurationDelegate - Finished Spring Data repository scanning in 38 ms. Found 2 JPA repository interfaces.
2026-08-02 16:01:00 [main] INFO  o.s.boot.tomcat.TomcatWebServer - Tomcat initialized with port 8080 (http)
2026-08-02 16:01:00 [main] INFO  o.a.catalina.core.StandardService - Starting service [Tomcat]
2026-08-02 16:01:00 [main] INFO  o.a.catalina.core.StandardEngine - Starting Servlet engine: [Apache Tomcat/11.0.22]
2026-08-02 16:01:00 [main] INFO  o.s.b.w.c.s.WebApplicationContextInitializer - Root WebApplicationContext: initialization completed in 1141 ms
2026-08-02 16:01:00 [main] INFO  org.hibernate.orm.jpa - HHH008540: Processing PersistenceUnitInfo [name: default]
2026-08-02 16:01:00 [main] INFO  org.hibernate.orm.core - HHH000001: Hibernate ORM core version 7.4.1.Final
2026-08-02 16:01:00 [main] INFO  o.s.o.j.p.SpringPersistenceUnitInfo - No LoadTimeWeaver setup: ignoring JPA class transformer
2026-08-02 16:01:00 [main] INFO  com.zaxxer.hikari.HikariDataSource - HikariPool-1 - Starting...
2026-08-02 16:01:00 [main] INFO  com.zaxxer.hikari.pool.HikariPool - HikariPool-1 - Added connection org.postgresql.jdbc.PgConnection@75e4fe3c
2026-08-02 16:01:00 [main] INFO  com.zaxxer.hikari.HikariDataSource - HikariPool-1 - Start completed.
2026-08-02 16:01:00 [main] WARN  org.hibernate.orm.deprecation - HHH90000025: PostgreSQLDialect does not need to be specified explicitly using 'hibernate.dialect' (remove the property setting and it will be selected by default)
2026-08-02 16:01:00 [main] INFO  o.hibernate.orm.connections.pooling - HHH10001005: Database info:
	Database JDBC URL [jdbc:postgresql://localhost:5432/task_management_db]
	Database driver: PostgreSQL JDBC Driver
	Database dialect: PostgreSQLDialect
	Database version: 16.14
	Default catalog/schema: task_management_db/public
	Autocommit mode: undefined/unknown
	Isolation level: READ_COMMITTED [default READ_COMMITTED]
	JDBC fetch size: none
	Pool: DataSourceConnectionProvider
	Minimum pool size: undefined/unknown
	Maximum pool size: undefined/unknown
2026-08-02 16:01:01 [main] INFO  org.hibernate.orm.core - HHH000489: No JTA platform available (set 'hibernate.transaction.jta.platform' to enable JTA platform integration)
2026-08-02 16:01:02 [main] INFO  o.s.o.j.LocalContainerEntityManagerFactoryBean - Initialized JPA EntityManagerFactory for persistence unit 'default'
2026-08-02 16:01:02 [main] INFO  o.s.d.j.r.q.QueryEnhancerFactories - Hibernate is in classpath; If applicable, HQL parser will be used.
2026-08-02 16:01:02 [main] DEBUG c.i.b.s.JwtAuthenticationFilter - Filter 'jwtAuthenticationFilter' configured for use
2026-08-02 16:01:02 [main] INFO  o.s.s.c.a.a.c.InitializeAuthenticationProviderBeanManagerConfigurer$InitializeAuthenticationProviderManagerConfigurer - Global AuthenticationManager configured with AuthenticationProvider bean with name authenticationProvider
2026-08-02 16:01:02 [main] WARN  o.s.s.c.a.a.c.InitializeUserDetailsBeanManagerConfigurer$InitializeUserDetailsManagerConfigurer - Global AuthenticationManager configured with an AuthenticationProvider bean. UserDetailsService beans will not be used by Spring Security for automatically configuring username/password login. Consider removing the AuthenticationProvider bean. Alternatively, consider using the UserDetailsService in a manually instantiated DaoAuthenticationProvider. If the current configuration is intentional, to turn off this warning, increase the logging level of 'org.springframework.security.config.annotation.authentication.configuration.InitializeUserDetailsBeanManagerConfigurer' to ERROR
2026-08-02 16:01:02 [main] WARN  o.s.b.j.a.JpaBaseConfiguration$JpaWebConfiguration - spring.jpa.open-in-view is enabled by default. Therefore, database queries may be performed during view rendering. Explicitly configure spring.jpa.open-in-view to disable this warning
2026-08-02 16:01:02 [main] INFO  o.s.boot.tomcat.TomcatWebServer - Tomcat started on port 8080 (http) with context path '/'
2026-08-02 16:01:02 [main] INFO  c.i.backend.BackendApplication - Started BackendApplication in 4.304 seconds (process running for 11.17)
2026-08-02 16:01:23 [http-nio-8080-exec-3] INFO  o.a.c.c.C.[Tomcat].[localhost].[/] - Initializing Spring DispatcherServlet 'dispatcherServlet'
2026-08-02 16:01:23 [http-nio-8080-exec-3] INFO  o.s.web.servlet.DispatcherServlet - Initializing Servlet 'dispatcherServlet'
2026-08-02 16:01:23 [http-nio-8080-exec-3] INFO  o.s.web.servlet.DispatcherServlet - Completed initialization in 2 ms
2026-08-02 16:01:23 [http-nio-8080-exec-8] DEBUG c.i.b.s.JwtAuthenticationFilter - Processing request - Method: POST, Path: /api/auth/login
2026-08-02 16:01:23 [http-nio-8080-exec-8] DEBUG c.i.b.s.JwtAuthenticationFilter - No valid Authorization header found for request: POST /api/auth/login
2026-08-02 16:01:24 [http-nio-8080-exec-8] INFO  c.i.b.controller.AuthController - Processing login request for username: ahmed 
2026-08-02 16:01:24 [http-nio-8080-exec-8] DEBUG c.i.backend.service.AuthService - Starting login process for username: ahmed 
2026-08-02 16:01:24 [http-nio-8080-exec-8] DEBUG c.i.backend.service.AuthService - Authenticating credentials for username: ahmed 
2026-08-02 16:01:25 [http-nio-8080-exec-8] WARN  c.i.backend.service.AuthService - Authentication failed for username: ahmed  - Error: Bad credentials
2026-08-02 16:01:25 [http-nio-8080-exec-8] ERROR c.i.b.controller.AuthController - Unexpected error during login for username: ahmed  - Duration: 881ms
org.springframework.security.authentication.BadCredentialsException: Bad credentials
	at org.springframework.security.authentication.dao.AbstractUserDetailsAuthenticationProvider.authenticate(AbstractUserDetailsAuthenticationProvider.java:154)
	at org.springframework.security.authentication.ProviderManager.authenticate(ProviderManager.java:183)
	at com.internship.backend.service.AuthService.login(AuthService.java:66)
	at com.internship.backend.controller.AuthController.login(AuthController.java:51)
	at java.base/jdk.internal.reflect.DirectMethodHandleAccessor.invoke(DirectMethodHandleAccessor.java:104)
	at java.base/java.lang.reflect.Method.invoke(Method.java:565)
	at org.springframework.web.method.support.InvocableHandlerMethod.doInvoke(InvocableHandlerMethod.java:252)
	at org.springframework.web.method.support.InvocableHandlerMethod.invokeForRequest(InvocableHandlerMethod.java:184)
	at org.springframework.web.servlet.mvc.method.annotation.ServletInvocableHandlerMethod.invokeAndHandle(ServletInvocableHandlerMethod.java:117)
	at org.springframework.web.servlet.mvc.method.annotation.RequestMappingHandlerAdapter.invokeHandlerMethod(RequestMappingHandlerAdapter.java:934)
	at org.springframework.web.servlet.mvc.method.annotation.RequestMappingHandlerAdapter.handleInternal(RequestMappingHandlerAdapter.java:853)
	at org.springframework.web.servlet.mvc.method.AbstractHandlerMethodAdapter.handle(AbstractHandlerMethodAdapter.java:86)
	at org.springframework.web.servlet.DispatcherServlet.doDispatch(DispatcherServlet.java:963)
	at org.springframework.web.servlet.DispatcherServlet.doService(DispatcherServlet.java:866)
	at org.springframework.web.servlet.FrameworkServlet.processRequest(FrameworkServlet.java:1000)
	at org.springframework.web.servlet.FrameworkServlet.doPost(FrameworkServlet.java:903)
	at jakarta.servlet.http.HttpServlet.service(HttpServlet.java:649)
	at org.springframework.web.servlet.FrameworkServlet.service(FrameworkServlet.java:874)
	at jakarta.servlet.http.HttpServlet.service(HttpServlet.java:710)
	at org.apache.catalina.core.ApplicationFilterChain.doFilter(ApplicationFilterChain.java:128)
	at org.apache.tomcat.websocket.server.WsFilter.doFilter(WsFilter.java:53)
	at org.apache.catalina.core.ApplicationFilterChain.doFilter(ApplicationFilterChain.java:107)
	at org.springframework.web.filter.OncePerRequestFilter.doFilter(OncePerRequestFilter.java:110)
	at org.apache.catalina.core.ApplicationFilterChain.doFilter(ApplicationFilterChain.java:107)
	at org.springframework.web.filter.CompositeFilter$VirtualFilterChain.doFilter(CompositeFilter.java:108)
	at org.springframework.security.web.FilterChainProxy.lambda$doFilterInternal$2(FilterChainProxy.java:235)
	at org.springframework.security.web.FilterChainProxy$VirtualFilterChain.doFilter(FilterChainProxy.java:376)
	at org.springframework.security.web.access.intercept.AuthorizationFilter.doFilter(AuthorizationFilter.java:101)
	at org.springframework.security.web.FilterChainProxy$VirtualFilterChain.doFilter(FilterChainProxy.java:385)
	at org.springframework.security.web.access.ExceptionTranslationFilter.doFilter(ExceptionTranslationFilter.java:126)
	at org.springframework.security.web.access.ExceptionTranslationFilter.doFilter(ExceptionTranslationFilter.java:120)
	at org.springframework.security.web.FilterChainProxy$VirtualFilterChain.doFilter(FilterChainProxy.java:385)
	at org.springframework.security.web.session.SessionManagementFilter.doFilter(SessionManagementFilter.java:132)
	at org.springframework.security.web.session.SessionManagementFilter.doFilter(SessionManagementFilter.java:86)
	at org.springframework.security.web.FilterChainProxy$VirtualFilterChain.doFilter(FilterChainProxy.java:385)
	at org.springframework.security.web.authentication.AnonymousAuthenticationFilter.doFilter(AnonymousAuthenticationFilter.java:100)
	at org.springframework.security.web.FilterChainProxy$VirtualFilterChain.doFilter(FilterChainProxy.java:385)
	at org.springframework.security.web.servletapi.SecurityContextHolderAwareRequestFilter.doFilter(SecurityContextHolderAwareRequestFilter.java:181)
	at org.springframework.security.web.FilterChainProxy$VirtualFilterChain.doFilter(FilterChainProxy.java:385)
	at org.springframework.security.web.savedrequest.RequestCacheAwareFilter.doFilter(RequestCacheAwareFilter.java:63)
	at org.springframework.security.web.FilterChainProxy$VirtualFilterChain.doFilter(FilterChainProxy.java:385)
	at com.internship.backend.security.JwtAuthenticationFilter.doFilterInternal(JwtAuthenticationFilter.java:45)
	at org.springframework.web.filter.OncePerRequestFilter.doFilter(OncePerRequestFilter.java:116)
	at org.springframework.security.web.FilterChainProxy$VirtualFilterChain.doFilter(FilterChainProxy.java:385)
	at org.springframework.security.web.authentication.logout.LogoutFilter.doFilter(LogoutFilter.java:110)
	at org.springframework.security.web.authentication.logout.LogoutFilter.doFilter(LogoutFilter.java:96)
	at org.springframework.security.web.FilterChainProxy$VirtualFilterChain.doFilter(FilterChainProxy.java:385)
	at org.springframework.web.filter.CorsFilter.doFilterInternal(CorsFilter.java:91)
	at org.springframework.web.filter.OncePerRequestFilter.doFilter(OncePerRequestFilter.java:116)
	at org.springframework.security.web.FilterChainProxy$VirtualFilterChain.doFilter(FilterChainProxy.java:385)
	at org.springframework.security.web.header.HeaderWriterFilter.doHeadersAfter(HeaderWriterFilter.java:90)
	at org.springframework.security.web.header.HeaderWriterFilter.doFilterInternal(HeaderWriterFilter.java:75)
	at org.springframework.web.filter.OncePerRequestFilter.doFilter(OncePerRequestFilter.java:116)
	at org.springframework.security.web.FilterChainProxy$VirtualFilterChain.doFilter(FilterChainProxy.java:385)
	at org.springframework.security.web.context.SecurityContextHolderFilter.doFilter(SecurityContextHolderFilter.java:82)
	at org.springframework.security.web.context.SecurityContextHolderFilter.doFilter(SecurityContextHolderFilter.java:69)
	at org.springframework.security.web.FilterChainProxy$VirtualFilterChain.doFilter(FilterChainProxy.java:385)
	at org.springframework.security.web.context.request.async.WebAsyncManagerIntegrationFilter.doFilterInternal(WebAsyncManagerIntegrationFilter.java:62)
	at org.springframework.web.filter.OncePerRequestFilter.doFilter(OncePerRequestFilter.java:116)
	at org.springframework.security.web.FilterChainProxy$VirtualFilterChain.doFilter(FilterChainProxy.java:385)
	at org.springframework.security.web.session.DisableEncodeUrlFilter.doFilterInternal(DisableEncodeUrlFilter.java:42)
	at org.springframework.web.filter.OncePerRequestFilter.doFilter(OncePerRequestFilter.java:116)
	at org.springframework.security.web.FilterChainProxy$VirtualFilterChain.doFilter(FilterChainProxy.java:385)
	at org.springframework.security.web.FilterChainProxy.doFilterInternal(FilterChainProxy.java:237)
	at org.springframework.security.web.FilterChainProxy.doFilter(FilterChainProxy.java:195)
	at org.springframework.web.filter.CompositeFilter$VirtualFilterChain.doFilter(CompositeFilter.java:113)
	at org.springframework.web.filter.ServletRequestPathFilter.doFilter(ServletRequestPathFilter.java:52)
	at org.springframework.web.filter.CompositeFilter$VirtualFilterChain.doFilter(CompositeFilter.java:113)
	at org.springframework.web.filter.CompositeFilter.doFilter(CompositeFilter.java:74)
	at org.springframework.security.config.annotation.web.configuration.WebSecurityConfiguration$CompositeFilterChainProxy.doFilter(WebSecurityConfiguration.java:317)
	at org.springframework.web.filter.DelegatingFilterProxy.invokeDelegate(DelegatingFilterProxy.java:355)
	at org.springframework.web.filter.DelegatingFilterProxy.doFilter(DelegatingFilterProxy.java:272)
	at org.apache.catalina.core.ApplicationFilterChain.doFilter(ApplicationFilterChain.java:107)
	at org.springframework.web.filter.RequestContextFilter.doFilterInternal(RequestContextFilter.java:100)
	at org.springframework.web.filter.OncePerRequestFilter.doFilter(OncePerRequestFilter.java:116)
	at org.apache.catalina.core.ApplicationFilterChain.doFilter(ApplicationFilterChain.java:107)
	at org.springframework.web.filter.FormContentFilter.doFilterInternal(FormContentFilter.java:93)
	at org.springframework.web.filter.OncePerRequestFilter.doFilter(OncePerRequestFilter.java:116)
	at org.apache.catalina.core.ApplicationFilterChain.doFilter(ApplicationFilterChain.java:107)
	at org.springframework.web.filter.CharacterEncodingFilter.doFilterInternal(CharacterEncodingFilter.java:199)
	at org.springframework.web.filter.OncePerRequestFilter.doFilter(OncePerRequestFilter.java:116)
	at org.apache.catalina.core.ApplicationFilterChain.doFilter(ApplicationFilterChain.java:107)
	at org.apache.catalina.core.StandardWrapperValve.invoke(StandardWrapperValve.java:165)
	at org.apache.catalina.core.StandardContextValve.invoke(StandardContextValve.java:77)
	at org.apache.catalina.authenticator.AuthenticatorBase.invoke(AuthenticatorBase.java:492)
	at org.apache.catalina.core.StandardHostValve.invoke(StandardHostValve.java:113)
	at org.apache.catalina.valves.ErrorReportValve.invoke(ErrorReportValve.java:83)
	at org.apache.catalina.core.StandardEngineValve.invoke(StandardEngineValve.java:72)
	at org.apache.catalina.connector.CoyoteAdapter.service(CoyoteAdapter.java:341)
	at org.apache.coyote.http11.Http11Processor.service(Http11Processor.java:397)
	at org.apache.coyote.AbstractProcessorLight.process(AbstractProcessorLight.java:63)
	at org.apache.coyote.AbstractProtocol$ConnectionHandler.process(AbstractProtocol.java:1272)
	at org.apache.tomcat.util.net.NioEndpoint$SocketProcessor.doRun(NioEndpoint.java:1801)
	at org.apache.tomcat.util.net.SocketProcessorBase.run(SocketProcessorBase.java:52)
	at org.apache.tomcat.util.threads.ThreadPoolExecutor.runWorker(ThreadPoolExecutor.java:946)
	at org.apache.tomcat.util.threads.ThreadPoolExecutor$Worker.run(ThreadPoolExecutor.java:480)
	at org.apache.tomcat.util.threads.TaskThread$WrappingRunnable.run(TaskThread.java:57)
	at java.base/java.lang.Thread.run(Thread.java:1474)
Caused by: org.springframework.security.core.userdetails.UsernameNotFoundException: User not found
	at com.internship.backend.security.SecurityConfig.lambda$userDetailsService$1(SecurityConfig.java:38)
	at java.base/java.util.Optional.orElseThrow(Optional.java:403)
	at com.internship.backend.security.SecurityConfig.lambda$userDetailsService$0(SecurityConfig.java:38)
	at org.springframework.security.authentication.dao.DaoAuthenticationProvider.retrieveUser(DaoAuthenticationProvider.java:106)
	at org.springframework.security.authentication.dao.AbstractUserDetailsAuthenticationProvider.authenticate(AbstractUserDetailsAuthenticationProvider.java:145)
	... 97 common frames omitted
2026-08-02 16:01:32 [http-nio-8080-exec-5] DEBUG c.i.b.s.JwtAuthenticationFilter - Processing request - Method: POST, Path: /api/auth/register
2026-08-02 16:01:32 [http-nio-8080-exec-5] DEBUG c.i.b.s.JwtAuthenticationFilter - No valid Authorization header found for request: POST /api/auth/register
2026-08-02 16:01:32 [http-nio-8080-exec-5] INFO  c.i.b.controller.AuthController - Processing registration request for username: ahmed
2026-08-02 16:01:32 [http-nio-8080-exec-5] DEBUG c.i.backend.service.AuthService - Starting registration process for username: ahmed
2026-08-02 16:01:32 [http-nio-8080-exec-5] DEBUG c.i.backend.service.AuthService - Username availability check passed for: ahmed
2026-08-02 16:01:32 [http-nio-8080-exec-5] DEBUG c.i.backend.service.AuthService - Encrypting password for username: ahmed
2026-08-02 16:01:32 [http-nio-8080-exec-5] DEBUG c.i.backend.service.AuthService - Saving user to database: ahmed
2026-08-02 16:01:32 [http-nio-8080-exec-5] INFO  c.i.backend.service.AuthService - User saved successfully to database: ahmed
2026-08-02 16:01:32 [http-nio-8080-exec-5] DEBUG c.i.backend.service.AuthService - Generating JWT token for username: ahmed
2026-08-02 16:01:32 [http-nio-8080-exec-5] DEBUG c.i.backend.security.JwtService - Generating JWT token for username: ahmed
2026-08-02 16:01:33 [http-nio-8080-exec-5] DEBUG c.i.backend.security.JwtService - Retrieving signing key for JWT
2026-08-02 16:01:33 [http-nio-8080-exec-5] DEBUG c.i.backend.security.JwtService - Signing key retrieved successfully
2026-08-02 16:01:33 [http-nio-8080-exec-5] INFO  c.i.backend.security.JwtService - JWT token generated successfully for username: ahmed - Expiration: Mon Aug 03 16:01:32 EEST 2026
2026-08-02 16:01:33 [http-nio-8080-exec-5] DEBUG c.i.backend.security.JwtService - JWT token length: 152 characters
2026-08-02 16:01:33 [http-nio-8080-exec-5] DEBUG c.i.backend.service.AuthService - JWT token generated successfully for username: ahmed
2026-08-02 16:01:33 [http-nio-8080-exec-5] INFO  c.i.backend.service.AuthService - Registration completed successfully for username: ahmed
2026-08-02 16:01:33 [http-nio-8080-exec-5] INFO  c.i.b.controller.AuthController - Registration successful for username: ahmed - Duration: 369ms
2026-08-02 16:01:37 [http-nio-8080-exec-2] DEBUG c.i.b.s.JwtAuthenticationFilter - Processing request - Method: POST, Path: /api/auth/login
2026-08-02 16:01:37 [http-nio-8080-exec-2] DEBUG c.i.b.s.JwtAuthenticationFilter - No valid Authorization header found for request: POST /api/auth/login
2026-08-02 16:01:37 [http-nio-8080-exec-2] INFO  c.i.b.controller.AuthController - Processing login request for username: ahmed
2026-08-02 16:01:37 [http-nio-8080-exec-2] DEBUG c.i.backend.service.AuthService - Starting login process for username: ahmed
2026-08-02 16:01:37 [http-nio-8080-exec-2] DEBUG c.i.backend.service.AuthService - Authenticating credentials for username: ahmed
2026-08-02 16:01:37 [http-nio-8080-exec-2] DEBUG c.i.backend.service.AuthService - Authentication successful for username: ahmed
2026-08-02 16:01:37 [http-nio-8080-exec-2] DEBUG c.i.backend.service.AuthService - Fetching user details from database for username: ahmed
2026-08-02 16:01:37 [http-nio-8080-exec-2] DEBUG c.i.backend.service.AuthService - User details fetched successfully for username: ahmed
2026-08-02 16:01:37 [http-nio-8080-exec-2] DEBUG c.i.backend.service.AuthService - Generating JWT token for login - username: ahmed
2026-08-02 16:01:37 [http-nio-8080-exec-2] DEBUG c.i.backend.security.JwtService - Generating JWT token for username: ahmed
2026-08-02 16:01:37 [http-nio-8080-exec-2] DEBUG c.i.backend.security.JwtService - Retrieving signing key for JWT
2026-08-02 16:01:37 [http-nio-8080-exec-2] DEBUG c.i.backend.security.JwtService - Signing key retrieved successfully
2026-08-02 16:01:37 [http-nio-8080-exec-2] INFO  c.i.backend.security.JwtService - JWT token generated successfully for username: ahmed - Expiration: Mon Aug 03 16:01:37 EEST 2026
2026-08-02 16:01:37 [http-nio-8080-exec-2] DEBUG c.i.backend.security.JwtService - JWT token length: 152 characters
2026-08-02 16:01:37 [http-nio-8080-exec-2] DEBUG c.i.backend.service.AuthService - JWT token generated successfully for login - username: ahmed
2026-08-02 16:01:37 [http-nio-8080-exec-2] INFO  c.i.backend.service.AuthService - Login completed successfully for username: ahmed
2026-08-02 16:01:37 [http-nio-8080-exec-2] INFO  c.i.b.controller.AuthController - Login successful for username: ahmed - Duration: 176ms
2026-08-02 16:01:37 [http-nio-8080-exec-7] DEBUG c.i.b.s.JwtAuthenticationFilter - Processing request - Method: GET, Path: /api/tasks
2026-08-02 16:01:37 [http-nio-8080-exec-7] DEBUG c.i.b.s.JwtAuthenticationFilter - JWT token extracted from Authorization header for request: GET /api/tasks
2026-08-02 16:01:37 [http-nio-8080-exec-7] DEBUG c.i.backend.security.JwtService - Extracting username from JWT token
2026-08-02 16:01:37 [http-nio-8080-exec-7] DEBUG c.i.backend.security.JwtService - Extracting claim from JWT token
2026-08-02 16:01:37 [http-nio-8080-exec-7] DEBUG c.i.backend.security.JwtService - Retrieving signing key for JWT
2026-08-02 16:01:37 [http-nio-8080-exec-7] DEBUG c.i.backend.security.JwtService - Signing key retrieved successfully
2026-08-02 16:01:37 [http-nio-8080-exec-7] DEBUG c.i.backend.security.JwtService - Claims extracted successfully from JWT token
2026-08-02 16:01:37 [http-nio-8080-exec-7] DEBUG c.i.backend.security.JwtService - Username extracted successfully from JWT: ahmed
2026-08-02 16:01:37 [http-nio-8080-exec-7] DEBUG c.i.b.s.JwtAuthenticationFilter - Username extracted from JWT: ahmed
2026-08-02 16:01:37 [http-nio-8080-exec-7] DEBUG c.i.b.s.JwtAuthenticationFilter - Attempting to authenticate user: ahmed for request: GET /api/tasks
2026-08-02 16:01:37 [http-nio-8080-exec-7] DEBUG c.i.b.s.JwtAuthenticationFilter - User details found for username: ahmed
2026-08-02 16:01:37 [http-nio-8080-exec-7] DEBUG c.i.backend.security.JwtService - Validating JWT token for username: ahmed
2026-08-02 16:01:37 [http-nio-8080-exec-7] DEBUG c.i.backend.security.JwtService - Extracting username from JWT token
2026-08-02 16:01:37 [http-nio-8080-exec-7] DEBUG c.i.backend.security.JwtService - Extracting claim from JWT token
2026-08-02 16:01:37 [http-nio-8080-exec-7] DEBUG c.i.backend.security.JwtService - Retrieving signing key for JWT
2026-08-02 16:01:37 [http-nio-8080-exec-7] DEBUG c.i.backend.security.JwtService - Signing key retrieved successfully
2026-08-02 16:01:37 [http-nio-8080-exec-7] DEBUG c.i.backend.security.JwtService - Claims extracted successfully from JWT token
2026-08-02 16:01:37 [http-nio-8080-exec-7] DEBUG c.i.backend.security.JwtService - Username extracted successfully from JWT: ahmed
2026-08-02 16:01:37 [http-nio-8080-exec-7] DEBUG c.i.backend.security.JwtService - Checking if JWT token is expired
2026-08-02 16:01:37 [http-nio-8080-exec-7] DEBUG c.i.backend.security.JwtService - Extracting expiration date from JWT token
2026-08-02 16:01:37 [http-nio-8080-exec-7] DEBUG c.i.backend.security.JwtService - Extracting claim from JWT token
2026-08-02 16:01:37 [http-nio-8080-exec-7] DEBUG c.i.backend.security.JwtService - Retrieving signing key for JWT
2026-08-02 16:01:37 [http-nio-8080-exec-7] DEBUG c.i.backend.security.JwtService - Signing key retrieved successfully
2026-08-02 16:01:37 [http-nio-8080-exec-7] DEBUG c.i.backend.security.JwtService - Claims extracted successfully from JWT token
2026-08-02 16:01:37 [http-nio-8080-exec-7] DEBUG c.i.backend.security.JwtService - Expiration date extracted: Mon Aug 03 16:01:37 EEST 2026
2026-08-02 16:01:37 [http-nio-8080-exec-7] DEBUG c.i.backend.security.JwtService - Token expiration check - Expiration Date: Mon Aug 03 16:01:37 EEST 2026, Current Date: Sun Aug 02 16:01:37 EEST 2026, Is Expired: false
2026-08-02 16:01:37 [http-nio-8080-exec-7] DEBUG c.i.backend.security.JwtService - Token validation details - Username: ahmed, Username Match: true, Is Expired: false
2026-08-02 16:01:37 [http-nio-8080-exec-7] DEBUG c.i.backend.security.JwtService - JWT token validation successful for username: ahmed
2026-08-02 16:01:37 [http-nio-8080-exec-7] DEBUG c.i.b.s.JwtAuthenticationFilter - JWT token validation successful for user: ahmed
2026-08-02 16:01:37 [http-nio-8080-exec-7] INFO  c.i.b.s.JwtAuthenticationFilter - User authenticated successfully - Username: ahmed, Request: GET /api/tasks
2026-08-02 16:01:37 [http-nio-8080-exec-7] INFO  c.i.b.controller.TaskController - Fetching tasks for user: ahmed - Status filter: null, Priority filter: null
2026-08-02 16:01:37 [http-nio-8080-exec-7] DEBUG c.i.backend.service.TaskService - Fetching tasks for user: ahmed - Status filter: null, Priority filter: null
2026-08-02 16:01:37 [http-nio-8080-exec-7] DEBUG c.i.backend.service.TaskService - Querying all tasks for user: ahmed
2026-08-02 16:01:37 [http-nio-8080-exec-7] INFO  c.i.backend.service.TaskService - Retrieved 0 tasks for user: ahmed
2026-08-02 16:01:37 [http-nio-8080-exec-7] DEBUG c.i.backend.service.TaskService - Converted 0 tasks to response DTOs for user: ahmed
2026-08-02 16:01:37 [http-nio-8080-exec-7] INFO  c.i.b.controller.TaskController - Tasks fetched successfully for user: ahmed - Count: 0 - Duration: 18ms
2026-08-02 16:01:39 [http-nio-8080-exec-10] DEBUG c.i.b.s.JwtAuthenticationFilter - Processing request - Method: GET, Path: /api/tasks/null
2026-08-02 16:01:39 [http-nio-8080-exec-10] DEBUG c.i.b.s.JwtAuthenticationFilter - JWT token extracted from Authorization header for request: GET /api/tasks/null
2026-08-02 16:01:39 [http-nio-8080-exec-10] DEBUG c.i.backend.security.JwtService - Extracting username from JWT token
2026-08-02 16:01:39 [http-nio-8080-exec-10] DEBUG c.i.backend.security.JwtService - Extracting claim from JWT token
2026-08-02 16:01:39 [http-nio-8080-exec-10] DEBUG c.i.backend.security.JwtService - Retrieving signing key for JWT
2026-08-02 16:01:39 [http-nio-8080-exec-10] DEBUG c.i.backend.security.JwtService - Signing key retrieved successfully
2026-08-02 16:01:39 [http-nio-8080-exec-10] DEBUG c.i.backend.security.JwtService - Claims extracted successfully from JWT token
2026-08-02 16:01:39 [http-nio-8080-exec-10] DEBUG c.i.backend.security.JwtService - Username extracted successfully from JWT: ahmed
2026-08-02 16:01:39 [http-nio-8080-exec-10] DEBUG c.i.b.s.JwtAuthenticationFilter - Username extracted from JWT: ahmed
2026-08-02 16:01:39 [http-nio-8080-exec-10] DEBUG c.i.b.s.JwtAuthenticationFilter - Attempting to authenticate user: ahmed for request: GET /api/tasks/null
2026-08-02 16:01:39 [http-nio-8080-exec-10] DEBUG c.i.b.s.JwtAuthenticationFilter - User details found for username: ahmed
2026-08-02 16:01:39 [http-nio-8080-exec-10] DEBUG c.i.backend.security.JwtService - Validating JWT token for username: ahmed
2026-08-02 16:01:39 [http-nio-8080-exec-10] DEBUG c.i.backend.security.JwtService - Extracting username from JWT token
2026-08-02 16:01:39 [http-nio-8080-exec-10] DEBUG c.i.backend.security.JwtService - Extracting claim from JWT token
2026-08-02 16:01:39 [http-nio-8080-exec-10] DEBUG c.i.backend.security.JwtService - Retrieving signing key for JWT
2026-08-02 16:01:39 [http-nio-8080-exec-10] DEBUG c.i.backend.security.JwtService - Signing key retrieved successfully
2026-08-02 16:01:39 [http-nio-8080-exec-10] DEBUG c.i.backend.security.JwtService - Claims extracted successfully from JWT token
2026-08-02 16:01:39 [http-nio-8080-exec-10] DEBUG c.i.backend.security.JwtService - Username extracted successfully from JWT: ahmed
2026-08-02 16:01:39 [http-nio-8080-exec-10] DEBUG c.i.backend.security.JwtService - Checking if JWT token is expired
2026-08-02 16:01:39 [http-nio-8080-exec-10] DEBUG c.i.backend.security.JwtService - Extracting expiration date from JWT token
2026-08-02 16:01:39 [http-nio-8080-exec-10] DEBUG c.i.backend.security.JwtService - Extracting claim from JWT token
2026-08-02 16:01:39 [http-nio-8080-exec-10] DEBUG c.i.backend.security.JwtService - Retrieving signing key for JWT
2026-08-02 16:01:39 [http-nio-8080-exec-10] DEBUG c.i.backend.security.JwtService - Signing key retrieved successfully
2026-08-02 16:01:39 [http-nio-8080-exec-10] DEBUG c.i.backend.security.JwtService - Claims extracted successfully from JWT token
2026-08-02 16:01:39 [http-nio-8080-exec-10] DEBUG c.i.backend.security.JwtService - Expiration date extracted: Mon Aug 03 16:01:37 EEST 2026
2026-08-02 16:01:39 [http-nio-8080-exec-10] DEBUG c.i.backend.security.JwtService - Token expiration check - Expiration Date: Mon Aug 03 16:01:37 EEST 2026, Current Date: Sun Aug 02 16:01:39 EEST 2026, Is Expired: false
2026-08-02 16:01:39 [http-nio-8080-exec-10] DEBUG c.i.backend.security.JwtService - Token validation details - Username: ahmed, Username Match: true, Is Expired: false
2026-08-02 16:01:39 [http-nio-8080-exec-10] DEBUG c.i.backend.security.JwtService - JWT token validation successful for username: ahmed
2026-08-02 16:01:39 [http-nio-8080-exec-10] DEBUG c.i.b.s.JwtAuthenticationFilter - JWT token validation successful for user: ahmed
2026-08-02 16:01:39 [http-nio-8080-exec-10] INFO  c.i.b.s.JwtAuthenticationFilter - User authenticated successfully - Username: ahmed, Request: GET /api/tasks/null
2026-08-02 16:01:39 [http-nio-8080-exec-10] WARN  o.s.w.s.m.s.DefaultHandlerExceptionResolver - Resolved [org.springframework.web.method.annotation.MethodArgumentTypeMismatchException: Method parameter 'id': Failed to convert value of type 'java.lang.String' to required type 'java.lang.Long'; For input string: "null"]
2026-08-02 16:01:55 [http-nio-8080-exec-3] DEBUG c.i.b.s.JwtAuthenticationFilter - Processing request - Method: POST, Path: /api/tasks
2026-08-02 16:01:55 [http-nio-8080-exec-3] DEBUG c.i.b.s.JwtAuthenticationFilter - JWT token extracted from Authorization header for request: POST /api/tasks
2026-08-02 16:01:55 [http-nio-8080-exec-3] DEBUG c.i.backend.security.JwtService - Extracting username from JWT token
2026-08-02 16:01:55 [http-nio-8080-exec-3] DEBUG c.i.backend.security.JwtService - Extracting claim from JWT token
2026-08-02 16:01:55 [http-nio-8080-exec-3] DEBUG c.i.backend.security.JwtService - Retrieving signing key for JWT
2026-08-02 16:01:55 [http-nio-8080-exec-3] DEBUG c.i.backend.security.JwtService - Signing key retrieved successfully
2026-08-02 16:01:55 [http-nio-8080-exec-3] DEBUG c.i.backend.security.JwtService - Claims extracted successfully from JWT token
2026-08-02 16:01:55 [http-nio-8080-exec-3] DEBUG c.i.backend.security.JwtService - Username extracted successfully from JWT: ahmed
2026-08-02 16:01:55 [http-nio-8080-exec-3] DEBUG c.i.b.s.JwtAuthenticationFilter - Username extracted from JWT: ahmed
2026-08-02 16:01:55 [http-nio-8080-exec-3] DEBUG c.i.b.s.JwtAuthenticationFilter - Attempting to authenticate user: ahmed for request: POST /api/tasks
2026-08-02 16:01:55 [http-nio-8080-exec-3] DEBUG c.i.b.s.JwtAuthenticationFilter - User details found for username: ahmed
2026-08-02 16:01:55 [http-nio-8080-exec-3] DEBUG c.i.backend.security.JwtService - Validating JWT token for username: ahmed
2026-08-02 16:01:55 [http-nio-8080-exec-3] DEBUG c.i.backend.security.JwtService - Extracting username from JWT token
2026-08-02 16:01:55 [http-nio-8080-exec-3] DEBUG c.i.backend.security.JwtService - Extracting claim from JWT token
2026-08-02 16:01:55 [http-nio-8080-exec-3] DEBUG c.i.backend.security.JwtService - Retrieving signing key for JWT
2026-08-02 16:01:55 [http-nio-8080-exec-3] DEBUG c.i.backend.security.JwtService - Signing key retrieved successfully
2026-08-02 16:01:55 [http-nio-8080-exec-3] DEBUG c.i.backend.security.JwtService - Claims extracted successfully from JWT token
2026-08-02 16:01:55 [http-nio-8080-exec-3] DEBUG c.i.backend.security.JwtService - Username extracted successfully from JWT: ahmed
2026-08-02 16:01:55 [http-nio-8080-exec-3] DEBUG c.i.backend.security.JwtService - Checking if JWT token is expired
2026-08-02 16:01:55 [http-nio-8080-exec-3] DEBUG c.i.backend.security.JwtService - Extracting expiration date from JWT token
2026-08-02 16:01:55 [http-nio-8080-exec-3] DEBUG c.i.backend.security.JwtService - Extracting claim from JWT token
2026-08-02 16:01:55 [http-nio-8080-exec-3] DEBUG c.i.backend.security.JwtService - Retrieving signing key for JWT
2026-08-02 16:01:55 [http-nio-8080-exec-3] DEBUG c.i.backend.security.JwtService - Signing key retrieved successfully
2026-08-02 16:01:55 [http-nio-8080-exec-3] DEBUG c.i.backend.security.JwtService - Claims extracted successfully from JWT token
2026-08-02 16:01:55 [http-nio-8080-exec-3] DEBUG c.i.backend.security.JwtService - Expiration date extracted: Mon Aug 03 16:01:37 EEST 2026
2026-08-02 16:01:55 [http-nio-8080-exec-3] DEBUG c.i.backend.security.JwtService - Token expiration check - Expiration Date: Mon Aug 03 16:01:37 EEST 2026, Current Date: Sun Aug 02 16:01:55 EEST 2026, Is Expired: false
2026-08-02 16:01:55 [http-nio-8080-exec-3] DEBUG c.i.backend.security.JwtService - Token validation details - Username: ahmed, Username Match: true, Is Expired: false
2026-08-02 16:01:55 [http-nio-8080-exec-3] DEBUG c.i.backend.security.JwtService - JWT token validation successful for username: ahmed
2026-08-02 16:01:55 [http-nio-8080-exec-3] DEBUG c.i.b.s.JwtAuthenticationFilter - JWT token validation successful for user: ahmed
2026-08-02 16:01:55 [http-nio-8080-exec-3] INFO  c.i.b.s.JwtAuthenticationFilter - User authenticated successfully - Username: ahmed, Request: POST /api/tasks
2026-08-02 16:01:55 [http-nio-8080-exec-3] INFO  c.i.b.controller.TaskController - Creating new task for user: ahmed - Title: Task 1
2026-08-02 16:01:55 [http-nio-8080-exec-3] DEBUG c.i.backend.service.TaskService - Creating new task for user: ahmed - Title: 'Task 1', Priority: LOW, Status: DONE
2026-08-02 16:01:55 [http-nio-8080-exec-3] DEBUG c.i.backend.service.TaskService - Built task object - preparing to save for user: ahmed
2026-08-02 16:01:55 [http-nio-8080-exec-3] INFO  c.i.backend.service.TaskService - Task created and saved successfully - ID: 1, User: ahmed
2026-08-02 16:01:55 [http-nio-8080-exec-3] DEBUG c.i.backend.service.TaskService - Task response DTO created for task ID: 1
2026-08-02 16:01:55 [http-nio-8080-exec-3] INFO  c.i.b.controller.TaskController - Task created successfully for user: ahmed - Task ID: 1 - Duration: 14ms
2026-08-02 16:01:55 [http-nio-8080-exec-8] DEBUG c.i.b.s.JwtAuthenticationFilter - Processing request - Method: GET, Path: /api/tasks
2026-08-02 16:01:55 [http-nio-8080-exec-8] DEBUG c.i.b.s.JwtAuthenticationFilter - JWT token extracted from Authorization header for request: GET /api/tasks
2026-08-02 16:01:55 [http-nio-8080-exec-8] DEBUG c.i.backend.security.JwtService - Extracting username from JWT token
2026-08-02 16:01:55 [http-nio-8080-exec-8] DEBUG c.i.backend.security.JwtService - Extracting claim from JWT token
2026-08-02 16:01:55 [http-nio-8080-exec-8] DEBUG c.i.backend.security.JwtService - Retrieving signing key for JWT
2026-08-02 16:01:55 [http-nio-8080-exec-8] DEBUG c.i.backend.security.JwtService - Signing key retrieved successfully
2026-08-02 16:01:55 [http-nio-8080-exec-8] DEBUG c.i.backend.security.JwtService - Claims extracted successfully from JWT token
2026-08-02 16:01:55 [http-nio-8080-exec-8] DEBUG c.i.backend.security.JwtService - Username extracted successfully from JWT: ahmed
2026-08-02 16:01:55 [http-nio-8080-exec-8] DEBUG c.i.b.s.JwtAuthenticationFilter - Username extracted from JWT: ahmed
2026-08-02 16:01:55 [http-nio-8080-exec-8] DEBUG c.i.b.s.JwtAuthenticationFilter - Attempting to authenticate user: ahmed for request: GET /api/tasks
2026-08-02 16:01:55 [http-nio-8080-exec-8] DEBUG c.i.b.s.JwtAuthenticationFilter - User details found for username: ahmed
2026-08-02 16:01:55 [http-nio-8080-exec-8] DEBUG c.i.backend.security.JwtService - Validating JWT token for username: ahmed
2026-08-02 16:01:55 [http-nio-8080-exec-8] DEBUG c.i.backend.security.JwtService - Extracting username from JWT token
2026-08-02 16:01:55 [http-nio-8080-exec-8] DEBUG c.i.backend.security.JwtService - Extracting claim from JWT token
2026-08-02 16:01:55 [http-nio-8080-exec-8] DEBUG c.i.backend.security.JwtService - Retrieving signing key for JWT
2026-08-02 16:01:55 [http-nio-8080-exec-8] DEBUG c.i.backend.security.JwtService - Signing key retrieved successfully
2026-08-02 16:01:55 [http-nio-8080-exec-8] DEBUG c.i.backend.security.JwtService - Claims extracted successfully from JWT token
2026-08-02 16:01:55 [http-nio-8080-exec-8] DEBUG c.i.backend.security.JwtService - Username extracted successfully from JWT: ahmed
2026-08-02 16:01:55 [http-nio-8080-exec-8] DEBUG c.i.backend.security.JwtService - Checking if JWT token is expired
2026-08-02 16:01:55 [http-nio-8080-exec-8] DEBUG c.i.backend.security.JwtService - Extracting expiration date from JWT token
2026-08-02 16:01:55 [http-nio-8080-exec-8] DEBUG c.i.backend.security.JwtService - Extracting claim from JWT token
2026-08-02 16:01:55 [http-nio-8080-exec-8] DEBUG c.i.backend.security.JwtService - Retrieving signing key for JWT
2026-08-02 16:01:55 [http-nio-8080-exec-8] DEBUG c.i.backend.security.JwtService - Signing key retrieved successfully
2026-08-02 16:01:55 [http-nio-8080-exec-8] DEBUG c.i.backend.security.JwtService - Claims extracted successfully from JWT token
2026-08-02 16:01:55 [http-nio-8080-exec-8] DEBUG c.i.backend.security.JwtService - Expiration date extracted: Mon Aug 03 16:01:37 EEST 2026
2026-08-02 16:01:55 [http-nio-8080-exec-8] DEBUG c.i.backend.security.JwtService - Token expiration check - Expiration Date: Mon Aug 03 16:01:37 EEST 2026, Current Date: Sun Aug 02 16:01:55 EEST 2026, Is Expired: false
2026-08-02 16:01:55 [http-nio-8080-exec-8] DEBUG c.i.backend.security.JwtService - Token validation details - Username: ahmed, Username Match: true, Is Expired: false
2026-08-02 16:01:55 [http-nio-8080-exec-8] DEBUG c.i.backend.security.JwtService - JWT token validation successful for username: ahmed
2026-08-02 16:01:55 [http-nio-8080-exec-8] DEBUG c.i.b.s.JwtAuthenticationFilter - JWT token validation successful for user: ahmed
2026-08-02 16:01:55 [http-nio-8080-exec-8] INFO  c.i.b.s.JwtAuthenticationFilter - User authenticated successfully - Username: ahmed, Request: GET /api/tasks
2026-08-02 16:01:55 [http-nio-8080-exec-8] INFO  c.i.b.controller.TaskController - Fetching tasks for user: ahmed - Status filter: null, Priority filter: null
2026-08-02 16:01:55 [http-nio-8080-exec-8] DEBUG c.i.backend.service.TaskService - Fetching tasks for user: ahmed - Status filter: null, Priority filter: null
2026-08-02 16:01:55 [http-nio-8080-exec-8] DEBUG c.i.backend.service.TaskService - Querying all tasks for user: ahmed
2026-08-02 16:01:55 [http-nio-8080-exec-8] INFO  c.i.backend.service.TaskService - Retrieved 1 tasks for user: ahmed
2026-08-02 16:01:55 [http-nio-8080-exec-8] DEBUG c.i.backend.service.TaskService - Converted 1 tasks to response DTOs for user: ahmed
2026-08-02 16:01:55 [http-nio-8080-exec-8] INFO  c.i.b.controller.TaskController - Tasks fetched successfully for user: ahmed - Count: 1 - Duration: 12ms
2026-08-02 16:02:00 [http-nio-8080-exec-5] DEBUG c.i.b.s.JwtAuthenticationFilter - Processing request - Method: GET, Path: /api/tasks
2026-08-02 16:02:00 [http-nio-8080-exec-5] DEBUG c.i.b.s.JwtAuthenticationFilter - JWT token extracted from Authorization header for request: GET /api/tasks
2026-08-02 16:02:00 [http-nio-8080-exec-5] DEBUG c.i.backend.security.JwtService - Extracting username from JWT token
2026-08-02 16:02:00 [http-nio-8080-exec-5] DEBUG c.i.backend.security.JwtService - Extracting claim from JWT token
2026-08-02 16:02:00 [http-nio-8080-exec-5] DEBUG c.i.backend.security.JwtService - Retrieving signing key for JWT
2026-08-02 16:02:00 [http-nio-8080-exec-5] DEBUG c.i.backend.security.JwtService - Signing key retrieved successfully
2026-08-02 16:02:00 [http-nio-8080-exec-5] DEBUG c.i.backend.security.JwtService - Claims extracted successfully from JWT token
2026-08-02 16:02:00 [http-nio-8080-exec-5] DEBUG c.i.backend.security.JwtService - Username extracted successfully from JWT: ahmed
2026-08-02 16:02:00 [http-nio-8080-exec-5] DEBUG c.i.b.s.JwtAuthenticationFilter - Username extracted from JWT: ahmed
2026-08-02 16:02:00 [http-nio-8080-exec-5] DEBUG c.i.b.s.JwtAuthenticationFilter - Attempting to authenticate user: ahmed for request: GET /api/tasks
2026-08-02 16:02:00 [http-nio-8080-exec-5] DEBUG c.i.b.s.JwtAuthenticationFilter - User details found for username: ahmed
2026-08-02 16:02:00 [http-nio-8080-exec-5] DEBUG c.i.backend.security.JwtService - Validating JWT token for username: ahmed
2026-08-02 16:02:00 [http-nio-8080-exec-5] DEBUG c.i.backend.security.JwtService - Extracting username from JWT token
2026-08-02 16:02:00 [http-nio-8080-exec-5] DEBUG c.i.backend.security.JwtService - Extracting claim from JWT token
2026-08-02 16:02:00 [http-nio-8080-exec-5] DEBUG c.i.backend.security.JwtService - Retrieving signing key for JWT
2026-08-02 16:02:00 [http-nio-8080-exec-5] DEBUG c.i.backend.security.JwtService - Signing key retrieved successfully
2026-08-02 16:02:00 [http-nio-8080-exec-5] DEBUG c.i.backend.security.JwtService - Claims extracted successfully from JWT token
2026-08-02 16:02:00 [http-nio-8080-exec-5] DEBUG c.i.backend.security.JwtService - Username extracted successfully from JWT: ahmed
2026-08-02 16:02:00 [http-nio-8080-exec-5] DEBUG c.i.backend.security.JwtService - Checking if JWT token is expired
2026-08-02 16:02:00 [http-nio-8080-exec-5] DEBUG c.i.backend.security.JwtService - Extracting expiration date from JWT token
2026-08-02 16:02:00 [http-nio-8080-exec-5] DEBUG c.i.backend.security.JwtService - Extracting claim from JWT token
2026-08-02 16:02:00 [http-nio-8080-exec-5] DEBUG c.i.backend.security.JwtService - Retrieving signing key for JWT
2026-08-02 16:02:00 [http-nio-8080-exec-5] DEBUG c.i.backend.security.JwtService - Signing key retrieved successfully
2026-08-02 16:02:00 [http-nio-8080-exec-5] DEBUG c.i.backend.security.JwtService - Claims extracted successfully from JWT token
2026-08-02 16:02:00 [http-nio-8080-exec-5] DEBUG c.i.backend.security.JwtService - Expiration date extracted: Mon Aug 03 16:01:37 EEST 2026
2026-08-02 16:02:00 [http-nio-8080-exec-5] DEBUG c.i.backend.security.JwtService - Token expiration check - Expiration Date: Mon Aug 03 16:01:37 EEST 2026, Current Date: Sun Aug 02 16:02:00 EEST 2026, Is Expired: false
2026-08-02 16:02:00 [http-nio-8080-exec-5] DEBUG c.i.backend.security.JwtService - Token validation details - Username: ahmed, Username Match: true, Is Expired: false
2026-08-02 16:02:00 [http-nio-8080-exec-5] DEBUG c.i.backend.security.JwtService - JWT token validation successful for username: ahmed
2026-08-02 16:02:00 [http-nio-8080-exec-5] DEBUG c.i.b.s.JwtAuthenticationFilter - JWT token validation successful for user: ahmed
2026-08-02 16:02:00 [http-nio-8080-exec-5] INFO  c.i.b.s.JwtAuthenticationFilter - User authenticated successfully - Username: ahmed, Request: GET /api/tasks
2026-08-02 16:02:00 [http-nio-8080-exec-5] INFO  c.i.b.controller.TaskController - Fetching tasks for user: ahmed - Status filter: null, Priority filter: LOW
2026-08-02 16:02:00 [http-nio-8080-exec-5] DEBUG c.i.backend.service.TaskService - Fetching tasks for user: ahmed - Status filter: null, Priority filter: LOW
2026-08-02 16:02:00 [http-nio-8080-exec-5] DEBUG c.i.backend.service.TaskService - Querying tasks with priority filter for user: ahmed
2026-08-02 16:02:00 [http-nio-8080-exec-5] INFO  c.i.backend.service.TaskService - Retrieved 1 tasks for user: ahmed
2026-08-02 16:02:00 [http-nio-8080-exec-5] DEBUG c.i.backend.service.TaskService - Converted 1 tasks to response DTOs for user: ahmed
2026-08-02 16:02:00 [http-nio-8080-exec-5] INFO  c.i.b.controller.TaskController - Tasks fetched successfully for user: ahmed - Count: 1 - Duration: 17ms
2026-08-02 16:02:01 [http-nio-8080-exec-6] DEBUG c.i.b.s.JwtAuthenticationFilter - Processing request - Method: GET, Path: /api/tasks
2026-08-02 16:02:01 [http-nio-8080-exec-6] DEBUG c.i.b.s.JwtAuthenticationFilter - JWT token extracted from Authorization header for request: GET /api/tasks
2026-08-02 16:02:01 [http-nio-8080-exec-6] DEBUG c.i.backend.security.JwtService - Extracting username from JWT token
2026-08-02 16:02:01 [http-nio-8080-exec-6] DEBUG c.i.backend.security.JwtService - Extracting claim from JWT token
2026-08-02 16:02:01 [http-nio-8080-exec-6] DEBUG c.i.backend.security.JwtService - Retrieving signing key for JWT
2026-08-02 16:02:01 [http-nio-8080-exec-6] DEBUG c.i.backend.security.JwtService - Signing key retrieved successfully
2026-08-02 16:02:01 [http-nio-8080-exec-6] DEBUG c.i.backend.security.JwtService - Claims extracted successfully from JWT token
2026-08-02 16:02:01 [http-nio-8080-exec-6] DEBUG c.i.backend.security.JwtService - Username extracted successfully from JWT: ahmed
2026-08-02 16:02:01 [http-nio-8080-exec-6] DEBUG c.i.b.s.JwtAuthenticationFilter - Username extracted from JWT: ahmed
2026-08-02 16:02:01 [http-nio-8080-exec-6] DEBUG c.i.b.s.JwtAuthenticationFilter - Attempting to authenticate user: ahmed for request: GET /api/tasks
2026-08-02 16:02:01 [http-nio-8080-exec-6] DEBUG c.i.b.s.JwtAuthenticationFilter - User details found for username: ahmed
2026-08-02 16:02:01 [http-nio-8080-exec-6] DEBUG c.i.backend.security.JwtService - Validating JWT token for username: ahmed
2026-08-02 16:02:01 [http-nio-8080-exec-6] DEBUG c.i.backend.security.JwtService - Extracting username from JWT token
2026-08-02 16:02:01 [http-nio-8080-exec-6] DEBUG c.i.backend.security.JwtService - Extracting claim from JWT token
2026-08-02 16:02:01 [http-nio-8080-exec-6] DEBUG c.i.backend.security.JwtService - Retrieving signing key for JWT
2026-08-02 16:02:01 [http-nio-8080-exec-6] DEBUG c.i.backend.security.JwtService - Signing key retrieved successfully
2026-08-02 16:02:01 [http-nio-8080-exec-6] DEBUG c.i.backend.security.JwtService - Claims extracted successfully from JWT token
2026-08-02 16:02:01 [http-nio-8080-exec-6] DEBUG c.i.backend.security.JwtService - Username extracted successfully from JWT: ahmed
2026-08-02 16:02:01 [http-nio-8080-exec-6] DEBUG c.i.backend.security.JwtService - Checking if JWT token is expired
2026-08-02 16:02:01 [http-nio-8080-exec-6] DEBUG c.i.backend.security.JwtService - Extracting expiration date from JWT token
2026-08-02 16:02:01 [http-nio-8080-exec-6] DEBUG c.i.backend.security.JwtService - Extracting claim from JWT token
2026-08-02 16:02:01 [http-nio-8080-exec-6] DEBUG c.i.backend.security.JwtService - Retrieving signing key for JWT
2026-08-02 16:02:01 [http-nio-8080-exec-6] DEBUG c.i.backend.security.JwtService - Signing key retrieved successfully
2026-08-02 16:02:01 [http-nio-8080-exec-6] DEBUG c.i.backend.security.JwtService - Claims extracted successfully from JWT token
2026-08-02 16:02:01 [http-nio-8080-exec-6] DEBUG c.i.backend.security.JwtService - Expiration date extracted: Mon Aug 03 16:01:37 EEST 2026
2026-08-02 16:02:01 [http-nio-8080-exec-6] DEBUG c.i.backend.security.JwtService - Token expiration check - Expiration Date: Mon Aug 03 16:01:37 EEST 2026, Current Date: Sun Aug 02 16:02:01 EEST 2026, Is Expired: false
2026-08-02 16:02:01 [http-nio-8080-exec-6] DEBUG c.i.backend.security.JwtService - Token validation details - Username: ahmed, Username Match: true, Is Expired: false
2026-08-02 16:02:01 [http-nio-8080-exec-6] DEBUG c.i.backend.security.JwtService - JWT token validation successful for username: ahmed
2026-08-02 16:02:01 [http-nio-8080-exec-6] DEBUG c.i.b.s.JwtAuthenticationFilter - JWT token validation successful for user: ahmed
2026-08-02 16:02:01 [http-nio-8080-exec-6] INFO  c.i.b.s.JwtAuthenticationFilter - User authenticated successfully - Username: ahmed, Request: GET /api/tasks
2026-08-02 16:02:01 [http-nio-8080-exec-6] INFO  c.i.b.controller.TaskController - Fetching tasks for user: ahmed - Status filter: null, Priority filter: MEDIUM
2026-08-02 16:02:01 [http-nio-8080-exec-6] DEBUG c.i.backend.service.TaskService - Fetching tasks for user: ahmed - Status filter: null, Priority filter: MEDIUM
2026-08-02 16:02:01 [http-nio-8080-exec-6] DEBUG c.i.backend.service.TaskService - Querying tasks with priority filter for user: ahmed
2026-08-02 16:02:01 [http-nio-8080-exec-6] INFO  c.i.backend.service.TaskService - Retrieved 0 tasks for user: ahmed
2026-08-02 16:02:01 [http-nio-8080-exec-6] DEBUG c.i.backend.service.TaskService - Converted 0 tasks to response DTOs for user: ahmed
2026-08-02 16:02:01 [http-nio-8080-exec-6] INFO  c.i.b.controller.TaskController - Tasks fetched successfully for user: ahmed - Count: 0 - Duration: 6ms
2026-08-02 16:02:04 [http-nio-8080-exec-9] DEBUG c.i.b.s.JwtAuthenticationFilter - Processing request - Method: GET, Path: /api/tasks
2026-08-02 16:02:04 [http-nio-8080-exec-9] DEBUG c.i.b.s.JwtAuthenticationFilter - JWT token extracted from Authorization header for request: GET /api/tasks
2026-08-02 16:02:04 [http-nio-8080-exec-9] DEBUG c.i.backend.security.JwtService - Extracting username from JWT token
2026-08-02 16:02:04 [http-nio-8080-exec-9] DEBUG c.i.backend.security.JwtService - Extracting claim from JWT token
2026-08-02 16:02:04 [http-nio-8080-exec-9] DEBUG c.i.backend.security.JwtService - Retrieving signing key for JWT
2026-08-02 16:02:04 [http-nio-8080-exec-9] DEBUG c.i.backend.security.JwtService - Signing key retrieved successfully
2026-08-02 16:02:04 [http-nio-8080-exec-9] DEBUG c.i.backend.security.JwtService - Claims extracted successfully from JWT token
2026-08-02 16:02:04 [http-nio-8080-exec-9] DEBUG c.i.backend.security.JwtService - Username extracted successfully from JWT: ahmed
2026-08-02 16:02:04 [http-nio-8080-exec-9] DEBUG c.i.b.s.JwtAuthenticationFilter - Username extracted from JWT: ahmed
2026-08-02 16:02:04 [http-nio-8080-exec-9] DEBUG c.i.b.s.JwtAuthenticationFilter - Attempting to authenticate user: ahmed for request: GET /api/tasks
2026-08-02 16:02:04 [http-nio-8080-exec-9] DEBUG c.i.b.s.JwtAuthenticationFilter - User details found for username: ahmed
2026-08-02 16:02:04 [http-nio-8080-exec-9] DEBUG c.i.backend.security.JwtService - Validating JWT token for username: ahmed
2026-08-02 16:02:04 [http-nio-8080-exec-9] DEBUG c.i.backend.security.JwtService - Extracting username from JWT token
2026-08-02 16:02:04 [http-nio-8080-exec-9] DEBUG c.i.backend.security.JwtService - Extracting claim from JWT token
2026-08-02 16:02:04 [http-nio-8080-exec-9] DEBUG c.i.backend.security.JwtService - Retrieving signing key for JWT
2026-08-02 16:02:04 [http-nio-8080-exec-9] DEBUG c.i.backend.security.JwtService - Signing key retrieved successfully
2026-08-02 16:02:04 [http-nio-8080-exec-9] DEBUG c.i.backend.security.JwtService - Claims extracted successfully from JWT token
2026-08-02 16:02:04 [http-nio-8080-exec-9] DEBUG c.i.backend.security.JwtService - Username extracted successfully from JWT: ahmed
2026-08-02 16:02:04 [http-nio-8080-exec-9] DEBUG c.i.backend.security.JwtService - Checking if JWT token is expired
2026-08-02 16:02:04 [http-nio-8080-exec-9] DEBUG c.i.backend.security.JwtService - Extracting expiration date from JWT token
2026-08-02 16:02:04 [http-nio-8080-exec-9] DEBUG c.i.backend.security.JwtService - Extracting claim from JWT token
2026-08-02 16:02:04 [http-nio-8080-exec-9] DEBUG c.i.backend.security.JwtService - Retrieving signing key for JWT
2026-08-02 16:02:04 [http-nio-8080-exec-9] DEBUG c.i.backend.security.JwtService - Signing key retrieved successfully
2026-08-02 16:02:04 [http-nio-8080-exec-9] DEBUG c.i.backend.security.JwtService - Claims extracted successfully from JWT token
2026-08-02 16:02:04 [http-nio-8080-exec-9] DEBUG c.i.backend.security.JwtService - Expiration date extracted: Mon Aug 03 16:01:37 EEST 2026
2026-08-02 16:02:04 [http-nio-8080-exec-9] DEBUG c.i.backend.security.JwtService - Token expiration check - Expiration Date: Mon Aug 03 16:01:37 EEST 2026, Current Date: Sun Aug 02 16:02:04 EEST 2026, Is Expired: false
2026-08-02 16:02:04 [http-nio-8080-exec-9] DEBUG c.i.backend.security.JwtService - Token validation details - Username: ahmed, Username Match: true, Is Expired: false
2026-08-02 16:02:04 [http-nio-8080-exec-9] DEBUG c.i.backend.security.JwtService - JWT token validation successful for username: ahmed
2026-08-02 16:02:04 [http-nio-8080-exec-9] DEBUG c.i.b.s.JwtAuthenticationFilter - JWT token validation successful for user: ahmed
2026-08-02 16:02:04 [http-nio-8080-exec-9] INFO  c.i.b.s.JwtAuthenticationFilter - User authenticated successfully - Username: ahmed, Request: GET /api/tasks
2026-08-02 16:02:04 [http-nio-8080-exec-9] INFO  c.i.b.controller.TaskController - Fetching tasks for user: ahmed - Status filter: TODO, Priority filter: MEDIUM
2026-08-02 16:02:04 [http-nio-8080-exec-9] DEBUG c.i.backend.service.TaskService - Fetching tasks for user: ahmed - Status filter: TODO, Priority filter: MEDIUM
2026-08-02 16:02:04 [http-nio-8080-exec-9] DEBUG c.i.backend.service.TaskService - Querying tasks with both status and priority filters for user: ahmed
2026-08-02 16:02:04 [http-nio-8080-exec-9] INFO  c.i.backend.service.TaskService - Retrieved 0 tasks for user: ahmed
2026-08-02 16:02:04 [http-nio-8080-exec-9] DEBUG c.i.backend.service.TaskService - Converted 0 tasks to response DTOs for user: ahmed
2026-08-02 16:02:04 [http-nio-8080-exec-9] INFO  c.i.b.controller.TaskController - Tasks fetched successfully for user: ahmed - Count: 0 - Duration: 8ms
2026-08-02 16:02:05 [http-nio-8080-exec-1] DEBUG c.i.b.s.JwtAuthenticationFilter - Processing request - Method: GET, Path: /api/tasks
2026-08-02 16:02:05 [http-nio-8080-exec-1] DEBUG c.i.b.s.JwtAuthenticationFilter - JWT token extracted from Authorization header for request: GET /api/tasks
2026-08-02 16:02:05 [http-nio-8080-exec-1] DEBUG c.i.backend.security.JwtService - Extracting username from JWT token
2026-08-02 16:02:05 [http-nio-8080-exec-1] DEBUG c.i.backend.security.JwtService - Extracting claim from JWT token
2026-08-02 16:02:05 [http-nio-8080-exec-1] DEBUG c.i.backend.security.JwtService - Retrieving signing key for JWT
2026-08-02 16:02:05 [http-nio-8080-exec-1] DEBUG c.i.backend.security.JwtService - Signing key retrieved successfully
2026-08-02 16:02:05 [http-nio-8080-exec-1] DEBUG c.i.backend.security.JwtService - Claims extracted successfully from JWT token
2026-08-02 16:02:05 [http-nio-8080-exec-1] DEBUG c.i.backend.security.JwtService - Username extracted successfully from JWT: ahmed
2026-08-02 16:02:05 [http-nio-8080-exec-1] DEBUG c.i.b.s.JwtAuthenticationFilter - Username extracted from JWT: ahmed
2026-08-02 16:02:05 [http-nio-8080-exec-1] DEBUG c.i.b.s.JwtAuthenticationFilter - Attempting to authenticate user: ahmed for request: GET /api/tasks
2026-08-02 16:02:05 [http-nio-8080-exec-1] DEBUG c.i.b.s.JwtAuthenticationFilter - User details found for username: ahmed
2026-08-02 16:02:05 [http-nio-8080-exec-1] DEBUG c.i.backend.security.JwtService - Validating JWT token for username: ahmed
2026-08-02 16:02:05 [http-nio-8080-exec-1] DEBUG c.i.backend.security.JwtService - Extracting username from JWT token
2026-08-02 16:02:05 [http-nio-8080-exec-1] DEBUG c.i.backend.security.JwtService - Extracting claim from JWT token
2026-08-02 16:02:05 [http-nio-8080-exec-1] DEBUG c.i.backend.security.JwtService - Retrieving signing key for JWT
2026-08-02 16:02:05 [http-nio-8080-exec-1] DEBUG c.i.backend.security.JwtService - Signing key retrieved successfully
2026-08-02 16:02:05 [http-nio-8080-exec-1] DEBUG c.i.backend.security.JwtService - Claims extracted successfully from JWT token
2026-08-02 16:02:05 [http-nio-8080-exec-1] DEBUG c.i.backend.security.JwtService - Username extracted successfully from JWT: ahmed
2026-08-02 16:02:05 [http-nio-8080-exec-1] DEBUG c.i.backend.security.JwtService - Checking if JWT token is expired
2026-08-02 16:02:05 [http-nio-8080-exec-1] DEBUG c.i.backend.security.JwtService - Extracting expiration date from JWT token
2026-08-02 16:02:05 [http-nio-8080-exec-1] DEBUG c.i.backend.security.JwtService - Extracting claim from JWT token
2026-08-02 16:02:05 [http-nio-8080-exec-1] DEBUG c.i.backend.security.JwtService - Retrieving signing key for JWT
2026-08-02 16:02:05 [http-nio-8080-exec-1] DEBUG c.i.backend.security.JwtService - Signing key retrieved successfully
2026-08-02 16:02:05 [http-nio-8080-exec-1] DEBUG c.i.backend.security.JwtService - Claims extracted successfully from JWT token
2026-08-02 16:02:05 [http-nio-8080-exec-1] DEBUG c.i.backend.security.JwtService - Expiration date extracted: Mon Aug 03 16:01:37 EEST 2026
2026-08-02 16:02:05 [http-nio-8080-exec-1] DEBUG c.i.backend.security.JwtService - Token expiration check - Expiration Date: Mon Aug 03 16:01:37 EEST 2026, Current Date: Sun Aug 02 16:02:05 EEST 2026, Is Expired: false
2026-08-02 16:02:05 [http-nio-8080-exec-1] DEBUG c.i.backend.security.JwtService - Token validation details - Username: ahmed, Username Match: true, Is Expired: false
2026-08-02 16:02:05 [http-nio-8080-exec-1] DEBUG c.i.backend.security.JwtService - JWT token validation successful for username: ahmed
2026-08-02 16:02:05 [http-nio-8080-exec-1] DEBUG c.i.b.s.JwtAuthenticationFilter - JWT token validation successful for user: ahmed
2026-08-02 16:02:05 [http-nio-8080-exec-1] INFO  c.i.b.s.JwtAuthenticationFilter - User authenticated successfully - Username: ahmed, Request: GET /api/tasks
2026-08-02 16:02:05 [http-nio-8080-exec-1] INFO  c.i.b.controller.TaskController - Fetching tasks for user: ahmed - Status filter: IN_PROGRESS, Priority filter: MEDIUM
2026-08-02 16:02:05 [http-nio-8080-exec-1] DEBUG c.i.backend.service.TaskService - Fetching tasks for user: ahmed - Status filter: IN_PROGRESS, Priority filter: MEDIUM
2026-08-02 16:02:05 [http-nio-8080-exec-1] DEBUG c.i.backend.service.TaskService - Querying tasks with both status and priority filters for user: ahmed
2026-08-02 16:02:05 [http-nio-8080-exec-1] INFO  c.i.backend.service.TaskService - Retrieved 0 tasks for user: ahmed
2026-08-02 16:02:05 [http-nio-8080-exec-1] DEBUG c.i.backend.service.TaskService - Converted 0 tasks to response DTOs for user: ahmed
2026-08-02 16:02:05 [http-nio-8080-exec-1] INFO  c.i.b.controller.TaskController - Tasks fetched successfully for user: ahmed - Count: 0 - Duration: 3ms
2026-08-02 16:02:06 [http-nio-8080-exec-8] DEBUG c.i.b.s.JwtAuthenticationFilter - Processing request - Method: GET, Path: /api/tasks
2026-08-02 16:02:06 [http-nio-8080-exec-8] DEBUG c.i.b.s.JwtAuthenticationFilter - JWT token extracted from Authorization header for request: GET /api/tasks
2026-08-02 16:02:06 [http-nio-8080-exec-8] DEBUG c.i.backend.security.JwtService - Extracting username from JWT token
2026-08-02 16:02:06 [http-nio-8080-exec-8] DEBUG c.i.backend.security.JwtService - Extracting claim from JWT token
2026-08-02 16:02:06 [http-nio-8080-exec-8] DEBUG c.i.backend.security.JwtService - Retrieving signing key for JWT
2026-08-02 16:02:06 [http-nio-8080-exec-8] DEBUG c.i.backend.security.JwtService - Signing key retrieved successfully
2026-08-02 16:02:06 [http-nio-8080-exec-8] DEBUG c.i.backend.security.JwtService - Claims extracted successfully from JWT token
2026-08-02 16:02:06 [http-nio-8080-exec-8] DEBUG c.i.backend.security.JwtService - Username extracted successfully from JWT: ahmed
2026-08-02 16:02:06 [http-nio-8080-exec-8] DEBUG c.i.b.s.JwtAuthenticationFilter - Username extracted from JWT: ahmed
2026-08-02 16:02:06 [http-nio-8080-exec-8] DEBUG c.i.b.s.JwtAuthenticationFilter - Attempting to authenticate user: ahmed for request: GET /api/tasks
2026-08-02 16:02:06 [http-nio-8080-exec-8] DEBUG c.i.b.s.JwtAuthenticationFilter - User details found for username: ahmed
2026-08-02 16:02:06 [http-nio-8080-exec-8] DEBUG c.i.backend.security.JwtService - Validating JWT token for username: ahmed
2026-08-02 16:02:06 [http-nio-8080-exec-8] DEBUG c.i.backend.security.JwtService - Extracting username from JWT token
2026-08-02 16:02:06 [http-nio-8080-exec-8] DEBUG c.i.backend.security.JwtService - Extracting claim from JWT token
2026-08-02 16:02:06 [http-nio-8080-exec-8] DEBUG c.i.backend.security.JwtService - Retrieving signing key for JWT
2026-08-02 16:02:06 [http-nio-8080-exec-8] DEBUG c.i.backend.security.JwtService - Signing key retrieved successfully
2026-08-02 16:02:06 [http-nio-8080-exec-8] DEBUG c.i.backend.security.JwtService - Claims extracted successfully from JWT token
2026-08-02 16:02:06 [http-nio-8080-exec-8] DEBUG c.i.backend.security.JwtService - Username extracted successfully from JWT: ahmed
2026-08-02 16:02:06 [http-nio-8080-exec-8] DEBUG c.i.backend.security.JwtService - Checking if JWT token is expired
2026-08-02 16:02:06 [http-nio-8080-exec-8] DEBUG c.i.backend.security.JwtService - Extracting expiration date from JWT token
2026-08-02 16:02:06 [http-nio-8080-exec-8] DEBUG c.i.backend.security.JwtService - Extracting claim from JWT token
2026-08-02 16:02:06 [http-nio-8080-exec-8] DEBUG c.i.backend.security.JwtService - Retrieving signing key for JWT
2026-08-02 16:02:06 [http-nio-8080-exec-8] DEBUG c.i.backend.security.JwtService - Signing key retrieved successfully
2026-08-02 16:02:06 [http-nio-8080-exec-8] DEBUG c.i.backend.security.JwtService - Claims extracted successfully from JWT token
2026-08-02 16:02:06 [http-nio-8080-exec-8] DEBUG c.i.backend.security.JwtService - Expiration date extracted: Mon Aug 03 16:01:37 EEST 2026
2026-08-02 16:02:06 [http-nio-8080-exec-8] DEBUG c.i.backend.security.JwtService - Token expiration check - Expiration Date: Mon Aug 03 16:01:37 EEST 2026, Current Date: Sun Aug 02 16:02:06 EEST 2026, Is Expired: false
2026-08-02 16:02:06 [http-nio-8080-exec-8] DEBUG c.i.backend.security.JwtService - Token validation details - Username: ahmed, Username Match: true, Is Expired: false
2026-08-02 16:02:06 [http-nio-8080-exec-8] DEBUG c.i.backend.security.JwtService - JWT token validation successful for username: ahmed
2026-08-02 16:02:06 [http-nio-8080-exec-8] DEBUG c.i.b.s.JwtAuthenticationFilter - JWT token validation successful for user: ahmed
2026-08-02 16:02:06 [http-nio-8080-exec-8] INFO  c.i.b.s.JwtAuthenticationFilter - User authenticated successfully - Username: ahmed, Request: GET /api/tasks
2026-08-02 16:02:06 [http-nio-8080-exec-8] INFO  c.i.b.controller.TaskController - Fetching tasks for user: ahmed - Status filter: DONE, Priority filter: MEDIUM
2026-08-02 16:02:06 [http-nio-8080-exec-8] DEBUG c.i.backend.service.TaskService - Fetching tasks for user: ahmed - Status filter: DONE, Priority filter: MEDIUM
2026-08-02 16:02:06 [http-nio-8080-exec-8] DEBUG c.i.backend.service.TaskService - Querying tasks with both status and priority filters for user: ahmed
2026-08-02 16:02:06 [http-nio-8080-exec-8] INFO  c.i.backend.service.TaskService - Retrieved 0 tasks for user: ahmed
2026-08-02 16:02:06 [http-nio-8080-exec-8] DEBUG c.i.backend.service.TaskService - Converted 0 tasks to response DTOs for user: ahmed
2026-08-02 16:02:06 [http-nio-8080-exec-8] INFO  c.i.b.controller.TaskController - Tasks fetched successfully for user: ahmed - Count: 0 - Duration: 3ms
2026-08-02 16:02:09 [http-nio-8080-exec-5] DEBUG c.i.b.s.JwtAuthenticationFilter - Processing request - Method: GET, Path: /api/tasks
2026-08-02 16:02:09 [http-nio-8080-exec-5] DEBUG c.i.b.s.JwtAuthenticationFilter - JWT token extracted from Authorization header for request: GET /api/tasks
2026-08-02 16:02:09 [http-nio-8080-exec-5] DEBUG c.i.backend.security.JwtService - Extracting username from JWT token
2026-08-02 16:02:09 [http-nio-8080-exec-5] DEBUG c.i.backend.security.JwtService - Extracting claim from JWT token
2026-08-02 16:02:09 [http-nio-8080-exec-5] DEBUG c.i.backend.security.JwtService - Retrieving signing key for JWT
2026-08-02 16:02:09 [http-nio-8080-exec-5] DEBUG c.i.backend.security.JwtService - Signing key retrieved successfully
2026-08-02 16:02:09 [http-nio-8080-exec-5] DEBUG c.i.backend.security.JwtService - Claims extracted successfully from JWT token
2026-08-02 16:02:09 [http-nio-8080-exec-5] DEBUG c.i.backend.security.JwtService - Username extracted successfully from JWT: ahmed
2026-08-02 16:02:09 [http-nio-8080-exec-5] DEBUG c.i.b.s.JwtAuthenticationFilter - Username extracted from JWT: ahmed
2026-08-02 16:02:09 [http-nio-8080-exec-5] DEBUG c.i.b.s.JwtAuthenticationFilter - Attempting to authenticate user: ahmed for request: GET /api/tasks
2026-08-02 16:02:09 [http-nio-8080-exec-5] DEBUG c.i.b.s.JwtAuthenticationFilter - User details found for username: ahmed
2026-08-02 16:02:09 [http-nio-8080-exec-5] DEBUG c.i.backend.security.JwtService - Validating JWT token for username: ahmed
2026-08-02 16:02:09 [http-nio-8080-exec-5] DEBUG c.i.backend.security.JwtService - Extracting username from JWT token
2026-08-02 16:02:09 [http-nio-8080-exec-5] DEBUG c.i.backend.security.JwtService - Extracting claim from JWT token
2026-08-02 16:02:09 [http-nio-8080-exec-5] DEBUG c.i.backend.security.JwtService - Retrieving signing key for JWT
2026-08-02 16:02:09 [http-nio-8080-exec-5] DEBUG c.i.backend.security.JwtService - Signing key retrieved successfully
2026-08-02 16:02:09 [http-nio-8080-exec-5] DEBUG c.i.backend.security.JwtService - Claims extracted successfully from JWT token
2026-08-02 16:02:09 [http-nio-8080-exec-5] DEBUG c.i.backend.security.JwtService - Username extracted successfully from JWT: ahmed
2026-08-02 16:02:09 [http-nio-8080-exec-5] DEBUG c.i.backend.security.JwtService - Checking if JWT token is expired
2026-08-02 16:02:09 [http-nio-8080-exec-5] DEBUG c.i.backend.security.JwtService - Extracting expiration date from JWT token
2026-08-02 16:02:09 [http-nio-8080-exec-5] DEBUG c.i.backend.security.JwtService - Extracting claim from JWT token
2026-08-02 16:02:09 [http-nio-8080-exec-5] DEBUG c.i.backend.security.JwtService - Retrieving signing key for JWT
2026-08-02 16:02:09 [http-nio-8080-exec-5] DEBUG c.i.backend.security.JwtService - Signing key retrieved successfully
2026-08-02 16:02:09 [http-nio-8080-exec-5] DEBUG c.i.backend.security.JwtService - Claims extracted successfully from JWT token
2026-08-02 16:02:09 [http-nio-8080-exec-5] DEBUG c.i.backend.security.JwtService - Expiration date extracted: Mon Aug 03 16:01:37 EEST 2026
2026-08-02 16:02:09 [http-nio-8080-exec-5] DEBUG c.i.backend.security.JwtService - Token expiration check - Expiration Date: Mon Aug 03 16:01:37 EEST 2026, Current Date: Sun Aug 02 16:02:09 EEST 2026, Is Expired: false
2026-08-02 16:02:09 [http-nio-8080-exec-5] DEBUG c.i.backend.security.JwtService - Token validation details - Username: ahmed, Username Match: true, Is Expired: false
2026-08-02 16:02:09 [http-nio-8080-exec-5] DEBUG c.i.backend.security.JwtService - JWT token validation successful for username: ahmed
2026-08-02 16:02:09 [http-nio-8080-exec-5] DEBUG c.i.b.s.JwtAuthenticationFilter - JWT token validation successful for user: ahmed
2026-08-02 16:02:09 [http-nio-8080-exec-5] INFO  c.i.b.s.JwtAuthenticationFilter - User authenticated successfully - Username: ahmed, Request: GET /api/tasks
2026-08-02 16:02:09 [http-nio-8080-exec-5] INFO  c.i.b.controller.TaskController - Fetching tasks for user: ahmed - Status filter: DONE, Priority filter: LOW
2026-08-02 16:02:09 [http-nio-8080-exec-5] DEBUG c.i.backend.service.TaskService - Fetching tasks for user: ahmed - Status filter: DONE, Priority filter: LOW
2026-08-02 16:02:09 [http-nio-8080-exec-5] DEBUG c.i.backend.service.TaskService - Querying tasks with both status and priority filters for user: ahmed
2026-08-02 16:02:09 [http-nio-8080-exec-5] INFO  c.i.backend.service.TaskService - Retrieved 1 tasks for user: ahmed
2026-08-02 16:02:09 [http-nio-8080-exec-5] DEBUG c.i.backend.service.TaskService - Converted 1 tasks to response DTOs for user: ahmed
2026-08-02 16:02:09 [http-nio-8080-exec-5] INFO  c.i.b.controller.TaskController - Tasks fetched successfully for user: ahmed - Count: 1 - Duration: 3ms
2026-08-02 16:02:11 [http-nio-8080-exec-6] DEBUG c.i.b.s.JwtAuthenticationFilter - Processing request - Method: DELETE, Path: /api/tasks/1
2026-08-02 16:02:11 [http-nio-8080-exec-6] DEBUG c.i.b.s.JwtAuthenticationFilter - JWT token extracted from Authorization header for request: DELETE /api/tasks/1
2026-08-02 16:02:11 [http-nio-8080-exec-6] DEBUG c.i.backend.security.JwtService - Extracting username from JWT token
2026-08-02 16:02:11 [http-nio-8080-exec-6] DEBUG c.i.backend.security.JwtService - Extracting claim from JWT token
2026-08-02 16:02:11 [http-nio-8080-exec-6] DEBUG c.i.backend.security.JwtService - Retrieving signing key for JWT
2026-08-02 16:02:11 [http-nio-8080-exec-6] DEBUG c.i.backend.security.JwtService - Signing key retrieved successfully
2026-08-02 16:02:11 [http-nio-8080-exec-6] DEBUG c.i.backend.security.JwtService - Claims extracted successfully from JWT token
2026-08-02 16:02:11 [http-nio-8080-exec-6] DEBUG c.i.backend.security.JwtService - Username extracted successfully from JWT: ahmed
2026-08-02 16:02:11 [http-nio-8080-exec-6] DEBUG c.i.b.s.JwtAuthenticationFilter - Username extracted from JWT: ahmed
2026-08-02 16:02:11 [http-nio-8080-exec-6] DEBUG c.i.b.s.JwtAuthenticationFilter - Attempting to authenticate user: ahmed for request: DELETE /api/tasks/1
2026-08-02 16:02:11 [http-nio-8080-exec-6] DEBUG c.i.b.s.JwtAuthenticationFilter - User details found for username: ahmed
2026-08-02 16:02:11 [http-nio-8080-exec-6] DEBUG c.i.backend.security.JwtService - Validating JWT token for username: ahmed
2026-08-02 16:02:11 [http-nio-8080-exec-6] DEBUG c.i.backend.security.JwtService - Extracting username from JWT token
2026-08-02 16:02:11 [http-nio-8080-exec-6] DEBUG c.i.backend.security.JwtService - Extracting claim from JWT token
2026-08-02 16:02:11 [http-nio-8080-exec-6] DEBUG c.i.backend.security.JwtService - Retrieving signing key for JWT
2026-08-02 16:02:11 [http-nio-8080-exec-6] DEBUG c.i.backend.security.JwtService - Signing key retrieved successfully
2026-08-02 16:02:11 [http-nio-8080-exec-6] DEBUG c.i.backend.security.JwtService - Claims extracted successfully from JWT token
2026-08-02 16:02:11 [http-nio-8080-exec-6] DEBUG c.i.backend.security.JwtService - Username extracted successfully from JWT: ahmed
2026-08-02 16:02:11 [http-nio-8080-exec-6] DEBUG c.i.backend.security.JwtService - Checking if JWT token is expired
2026-08-02 16:02:11 [http-nio-8080-exec-6] DEBUG c.i.backend.security.JwtService - Extracting expiration date from JWT token
2026-08-02 16:02:11 [http-nio-8080-exec-6] DEBUG c.i.backend.security.JwtService - Extracting claim from JWT token
2026-08-02 16:02:11 [http-nio-8080-exec-6] DEBUG c.i.backend.security.JwtService - Retrieving signing key for JWT
2026-08-02 16:02:11 [http-nio-8080-exec-6] DEBUG c.i.backend.security.JwtService - Signing key retrieved successfully
2026-08-02 16:02:11 [http-nio-8080-exec-6] DEBUG c.i.backend.security.JwtService - Claims extracted successfully from JWT token
2026-08-02 16:02:11 [http-nio-8080-exec-6] DEBUG c.i.backend.security.JwtService - Expiration date extracted: Mon Aug 03 16:01:37 EEST 2026
2026-08-02 16:02:11 [http-nio-8080-exec-6] DEBUG c.i.backend.security.JwtService - Token expiration check - Expiration Date: Mon Aug 03 16:01:37 EEST 2026, Current Date: Sun Aug 02 16:02:11 EEST 2026, Is Expired: false
2026-08-02 16:02:11 [http-nio-8080-exec-6] DEBUG c.i.backend.security.JwtService - Token validation details - Username: ahmed, Username Match: true, Is Expired: false
2026-08-02 16:02:11 [http-nio-8080-exec-6] DEBUG c.i.backend.security.JwtService - JWT token validation successful for username: ahmed
2026-08-02 16:02:11 [http-nio-8080-exec-6] DEBUG c.i.b.s.JwtAuthenticationFilter - JWT token validation successful for user: ahmed
2026-08-02 16:02:11 [http-nio-8080-exec-6] INFO  c.i.b.s.JwtAuthenticationFilter - User authenticated successfully - Username: ahmed, Request: DELETE /api/tasks/1
2026-08-02 16:02:11 [http-nio-8080-exec-6] INFO  c.i.b.controller.TaskController - Deleting task ID: 1 for user: ahmed
2026-08-02 16:02:11 [http-nio-8080-exec-6] DEBUG c.i.backend.service.TaskService - Deleting task ID: 1 for user: ahmed
2026-08-02 16:02:11 [http-nio-8080-exec-6] DEBUG c.i.backend.service.TaskService - Validating task access - Task ID: 1, User: ahmed
2026-08-02 16:02:11 [http-nio-8080-exec-6] DEBUG c.i.backend.service.TaskService - Task retrieved for deletion - ID: 1, Title: 'Task 1'
2026-08-02 16:02:11 [http-nio-8080-exec-6] INFO  c.i.backend.service.TaskService - Task ID: 1 deleted successfully for user: ahmed
2026-08-02 16:02:11 [http-nio-8080-exec-6] INFO  c.i.b.controller.TaskController - Task ID: 1 deleted successfully for user: ahmed - Duration: 25ms
2026-08-02 16:02:11 [http-nio-8080-exec-7] DEBUG c.i.b.s.JwtAuthenticationFilter - Processing request - Method: GET, Path: /api/tasks
2026-08-02 16:02:11 [http-nio-8080-exec-7] DEBUG c.i.b.s.JwtAuthenticationFilter - JWT token extracted from Authorization header for request: GET /api/tasks
2026-08-02 16:02:11 [http-nio-8080-exec-7] DEBUG c.i.backend.security.JwtService - Extracting username from JWT token
2026-08-02 16:02:11 [http-nio-8080-exec-7] DEBUG c.i.backend.security.JwtService - Extracting claim from JWT token
2026-08-02 16:02:11 [http-nio-8080-exec-7] DEBUG c.i.backend.security.JwtService - Retrieving signing key for JWT
2026-08-02 16:02:11 [http-nio-8080-exec-7] DEBUG c.i.backend.security.JwtService - Signing key retrieved successfully
2026-08-02 16:02:11 [http-nio-8080-exec-7] DEBUG c.i.backend.security.JwtService - Claims extracted successfully from JWT token
2026-08-02 16:02:11 [http-nio-8080-exec-7] DEBUG c.i.backend.security.JwtService - Username extracted successfully from JWT: ahmed
2026-08-02 16:02:11 [http-nio-8080-exec-7] DEBUG c.i.b.s.JwtAuthenticationFilter - Username extracted from JWT: ahmed
2026-08-02 16:02:11 [http-nio-8080-exec-7] DEBUG c.i.b.s.JwtAuthenticationFilter - Attempting to authenticate user: ahmed for request: GET /api/tasks
2026-08-02 16:02:11 [http-nio-8080-exec-7] DEBUG c.i.b.s.JwtAuthenticationFilter - User details found for username: ahmed
2026-08-02 16:02:11 [http-nio-8080-exec-7] DEBUG c.i.backend.security.JwtService - Validating JWT token for username: ahmed
2026-08-02 16:02:11 [http-nio-8080-exec-7] DEBUG c.i.backend.security.JwtService - Extracting username from JWT token
2026-08-02 16:02:11 [http-nio-8080-exec-7] DEBUG c.i.backend.security.JwtService - Extracting claim from JWT token
2026-08-02 16:02:11 [http-nio-8080-exec-7] DEBUG c.i.backend.security.JwtService - Retrieving signing key for JWT
2026-08-02 16:02:11 [http-nio-8080-exec-7] DEBUG c.i.backend.security.JwtService - Signing key retrieved successfully
2026-08-02 16:02:11 [http-nio-8080-exec-7] DEBUG c.i.backend.security.JwtService - Claims extracted successfully from JWT token
2026-08-02 16:02:11 [http-nio-8080-exec-7] DEBUG c.i.backend.security.JwtService - Username extracted successfully from JWT: ahmed
2026-08-02 16:02:11 [http-nio-8080-exec-7] DEBUG c.i.backend.security.JwtService - Checking if JWT token is expired
2026-08-02 16:02:11 [http-nio-8080-exec-7] DEBUG c.i.backend.security.JwtService - Extracting expiration date from JWT token
2026-08-02 16:02:11 [http-nio-8080-exec-7] DEBUG c.i.backend.security.JwtService - Extracting claim from JWT token
2026-08-02 16:02:11 [http-nio-8080-exec-7] DEBUG c.i.backend.security.JwtService - Retrieving signing key for JWT
2026-08-02 16:02:11 [http-nio-8080-exec-7] DEBUG c.i.backend.security.JwtService - Signing key retrieved successfully
2026-08-02 16:02:11 [http-nio-8080-exec-7] DEBUG c.i.backend.security.JwtService - Claims extracted successfully from JWT token
2026-08-02 16:02:11 [http-nio-8080-exec-7] DEBUG c.i.backend.security.JwtService - Expiration date extracted: Mon Aug 03 16:01:37 EEST 2026
2026-08-02 16:02:11 [http-nio-8080-exec-7] DEBUG c.i.backend.security.JwtService - Token expiration check - Expiration Date: Mon Aug 03 16:01:37 EEST 2026, Current Date: Sun Aug 02 16:02:11 EEST 2026, Is Expired: false
2026-08-02 16:02:11 [http-nio-8080-exec-7] DEBUG c.i.backend.security.JwtService - Token validation details - Username: ahmed, Username Match: true, Is Expired: false
2026-08-02 16:02:11 [http-nio-8080-exec-7] DEBUG c.i.backend.security.JwtService - JWT token validation successful for username: ahmed
2026-08-02 16:02:11 [http-nio-8080-exec-7] DEBUG c.i.b.s.JwtAuthenticationFilter - JWT token validation successful for user: ahmed
2026-08-02 16:02:11 [http-nio-8080-exec-7] INFO  c.i.b.s.JwtAuthenticationFilter - User authenticated successfully - Username: ahmed, Request: GET /api/tasks
2026-08-02 16:02:11 [http-nio-8080-exec-7] INFO  c.i.b.controller.TaskController - Fetching tasks for user: ahmed - Status filter: null, Priority filter: null
2026-08-02 16:02:11 [http-nio-8080-exec-7] DEBUG c.i.backend.service.TaskService - Fetching tasks for user: ahmed - Status filter: null, Priority filter: null
2026-08-02 16:02:11 [http-nio-8080-exec-7] DEBUG c.i.backend.service.TaskService - Querying all tasks for user: ahmed
2026-08-02 16:02:11 [http-nio-8080-exec-7] INFO  c.i.backend.service.TaskService - Retrieved 0 tasks for user: ahmed
2026-08-02 16:02:11 [http-nio-8080-exec-7] DEBUG c.i.backend.service.TaskService - Converted 0 tasks to response DTOs for user: ahmed
2026-08-02 16:02:11 [http-nio-8080-exec-7] INFO  c.i.b.controller.TaskController - Tasks fetched successfully for user: ahmed - Count: 0 - Duration: 4ms
2026-08-02 16:02:12 [http-nio-8080-exec-9] DEBUG c.i.b.s.JwtAuthenticationFilter - Processing request - Method: GET, Path: /api/tasks
2026-08-02 16:02:12 [http-nio-8080-exec-9] DEBUG c.i.b.s.JwtAuthenticationFilter - JWT token extracted from Authorization header for request: GET /api/tasks
2026-08-02 16:02:12 [http-nio-8080-exec-9] DEBUG c.i.backend.security.JwtService - Extracting username from JWT token
2026-08-02 16:02:12 [http-nio-8080-exec-9] DEBUG c.i.backend.security.JwtService - Extracting claim from JWT token
2026-08-02 16:02:12 [http-nio-8080-exec-9] DEBUG c.i.backend.security.JwtService - Retrieving signing key for JWT
2026-08-02 16:02:12 [http-nio-8080-exec-9] DEBUG c.i.backend.security.JwtService - Signing key retrieved successfully
2026-08-02 16:02:12 [http-nio-8080-exec-9] DEBUG c.i.backend.security.JwtService - Claims extracted successfully from JWT token
2026-08-02 16:02:12 [http-nio-8080-exec-9] DEBUG c.i.backend.security.JwtService - Username extracted successfully from JWT: ahmed
2026-08-02 16:02:12 [http-nio-8080-exec-9] DEBUG c.i.b.s.JwtAuthenticationFilter - Username extracted from JWT: ahmed
2026-08-02 16:02:12 [http-nio-8080-exec-9] DEBUG c.i.b.s.JwtAuthenticationFilter - Attempting to authenticate user: ahmed for request: GET /api/tasks
2026-08-02 16:02:12 [http-nio-8080-exec-9] DEBUG c.i.b.s.JwtAuthenticationFilter - User details found for username: ahmed
2026-08-02 16:02:12 [http-nio-8080-exec-9] DEBUG c.i.backend.security.JwtService - Validating JWT token for username: ahmed
2026-08-02 16:02:12 [http-nio-8080-exec-9] DEBUG c.i.backend.security.JwtService - Extracting username from JWT token
2026-08-02 16:02:12 [http-nio-8080-exec-9] DEBUG c.i.backend.security.JwtService - Extracting claim from JWT token
2026-08-02 16:02:12 [http-nio-8080-exec-9] DEBUG c.i.backend.security.JwtService - Retrieving signing key for JWT
2026-08-02 16:02:12 [http-nio-8080-exec-9] DEBUG c.i.backend.security.JwtService - Signing key retrieved successfully
2026-08-02 16:02:12 [http-nio-8080-exec-9] DEBUG c.i.backend.security.JwtService - Claims extracted successfully from JWT token
2026-08-02 16:02:12 [http-nio-8080-exec-9] DEBUG c.i.backend.security.JwtService - Username extracted successfully from JWT: ahmed
2026-08-02 16:02:12 [http-nio-8080-exec-9] DEBUG c.i.backend.security.JwtService - Checking if JWT token is expired
2026-08-02 16:02:12 [http-nio-8080-exec-9] DEBUG c.i.backend.security.JwtService - Extracting expiration date from JWT token
2026-08-02 16:02:12 [http-nio-8080-exec-9] DEBUG c.i.backend.security.JwtService - Extracting claim from JWT token
2026-08-02 16:02:12 [http-nio-8080-exec-9] DEBUG c.i.backend.security.JwtService - Retrieving signing key for JWT
2026-08-02 16:02:12 [http-nio-8080-exec-9] DEBUG c.i.backend.security.JwtService - Signing key retrieved successfully
2026-08-02 16:02:12 [http-nio-8080-exec-9] DEBUG c.i.backend.security.JwtService - Claims extracted successfully from JWT token
2026-08-02 16:02:12 [http-nio-8080-exec-9] DEBUG c.i.backend.security.JwtService - Expiration date extracted: Mon Aug 03 16:01:37 EEST 2026
2026-08-02 16:02:12 [http-nio-8080-exec-9] DEBUG c.i.backend.security.JwtService - Token expiration check - Expiration Date: Mon Aug 03 16:01:37 EEST 2026, Current Date: Sun Aug 02 16:02:12 EEST 2026, Is Expired: false
2026-08-02 16:02:12 [http-nio-8080-exec-9] DEBUG c.i.backend.security.JwtService - Token validation details - Username: ahmed, Username Match: true, Is Expired: false
2026-08-02 16:02:12 [http-nio-8080-exec-9] DEBUG c.i.backend.security.JwtService - JWT token validation successful for username: ahmed
2026-08-02 16:02:12 [http-nio-8080-exec-9] DEBUG c.i.b.s.JwtAuthenticationFilter - JWT token validation successful for user: ahmed
2026-08-02 16:02:12 [http-nio-8080-exec-9] INFO  c.i.b.s.JwtAuthenticationFilter - User authenticated successfully - Username: ahmed, Request: GET /api/tasks
2026-08-02 16:02:12 [http-nio-8080-exec-9] INFO  c.i.b.controller.TaskController - Fetching tasks for user: ahmed - Status filter: null, Priority filter: null
2026-08-02 16:02:12 [http-nio-8080-exec-9] DEBUG c.i.backend.service.TaskService - Fetching tasks for user: ahmed - Status filter: null, Priority filter: null
2026-08-02 16:02:12 [http-nio-8080-exec-9] DEBUG c.i.backend.service.TaskService - Querying all tasks for user: ahmed
2026-08-02 16:02:12 [http-nio-8080-exec-9] INFO  c.i.backend.service.TaskService - Retrieved 0 tasks for user: ahmed
2026-08-02 16:02:12 [http-nio-8080-exec-9] DEBUG c.i.backend.service.TaskService - Converted 0 tasks to response DTOs for user: ahmed
2026-08-02 16:02:12 [http-nio-8080-exec-9] INFO  c.i.b.controller.TaskController - Tasks fetched successfully for user: ahmed - Count: 0 - Duration: 2ms
2026-08-02 16:02:20 [SpringApplicationShutdownHook] INFO  o.s.boot.tomcat.GracefulShutdown - Commencing graceful shutdown. Waiting for active requests to complete
2026-08-02 16:02:20 [tomcat-shutdown] INFO  o.s.boot.tomcat.GracefulShutdown - Graceful shutdown complete
2026-08-02 16:02:20 [SpringApplicationShutdownHook] INFO  o.s.o.j.LocalContainerEntityManagerFactoryBean - Closing JPA EntityManagerFactory for persistence unit 'default'
2026-08-02 16:02:20 [SpringApplicationShutdownHook] INFO  com.zaxxer.hikari.HikariDataSource - HikariPool-1 - Shutdown initiated...
2026-08-02 16:02:20 [SpringApplicationShutdownHook] INFO  com.zaxxer.hikari.HikariDataSource - HikariPool-1 - Shutdown completed.
2026-08-02 22:23:19 [main] INFO  c.i.backend.BackendApplication - Starting BackendApplication using Java 25.0.2 with PID 16368 (C:\internship\mini project\Task-Management\backend\target\classes started by LoQ in C:\internship\mini project\Task-Management)
2026-08-02 22:23:19 [main] DEBUG c.i.backend.BackendApplication - Running with Spring Boot v4.1.0, Spring v7.0.8
2026-08-02 22:23:19 [main] INFO  c.i.backend.BackendApplication - No active profile set, falling back to 1 default profile: "default"
2026-08-02 22:23:19 [main] INFO  o.s.d.r.c.RepositoryConfigurationDelegate - Bootstrapping Spring Data JPA repositories in DEFAULT mode.
2026-08-02 22:23:19 [main] INFO  o.s.d.r.c.RepositoryConfigurationDelegate - Finished Spring Data repository scanning in 63 ms. Found 2 JPA repository interfaces.
2026-08-02 22:23:20 [main] INFO  o.s.boot.tomcat.TomcatWebServer - Tomcat initialized with port 8080 (http)
2026-08-02 22:23:20 [main] INFO  o.a.catalina.core.StandardService - Starting service [Tomcat]
2026-08-02 22:23:20 [main] INFO  o.a.catalina.core.StandardEngine - Starting Servlet engine: [Apache Tomcat/11.0.22]
2026-08-02 22:23:20 [main] INFO  o.s.b.w.c.s.WebApplicationContextInitializer - Root WebApplicationContext: initialization completed in 1542 ms
2026-08-02 22:23:20 [main] INFO  org.hibernate.orm.jpa - HHH008540: Processing PersistenceUnitInfo [name: default]
2026-08-02 22:23:20 [main] INFO  org.hibernate.orm.core - HHH000001: Hibernate ORM core version 7.4.1.Final
2026-08-02 22:23:21 [main] INFO  o.s.o.j.p.SpringPersistenceUnitInfo - No LoadTimeWeaver setup: ignoring JPA class transformer
2026-08-02 22:23:21 [main] INFO  com.zaxxer.hikari.HikariDataSource - HikariPool-1 - Starting...
2026-08-02 22:23:21 [main] INFO  com.zaxxer.hikari.pool.HikariPool - HikariPool-1 - Added connection org.postgresql.jdbc.PgConnection@75e4fe3c
2026-08-02 22:23:21 [main] INFO  com.zaxxer.hikari.HikariDataSource - HikariPool-1 - Start completed.
2026-08-02 22:23:21 [main] WARN  org.hibernate.orm.deprecation - HHH90000025: PostgreSQLDialect does not need to be specified explicitly using 'hibernate.dialect' (remove the property setting and it will be selected by default)
2026-08-02 22:23:21 [main] INFO  o.hibernate.orm.connections.pooling - HHH10001005: Database info:
	Database JDBC URL [jdbc:postgresql://localhost:5432/task_management_db]
	Database driver: PostgreSQL JDBC Driver
	Database dialect: PostgreSQLDialect
	Database version: 16.14
	Default catalog/schema: task_management_db/public
	Autocommit mode: undefined/unknown
	Isolation level: READ_COMMITTED [default READ_COMMITTED]
	JDBC fetch size: none
	Pool: DataSourceConnectionProvider
	Minimum pool size: undefined/unknown
	Maximum pool size: undefined/unknown
2026-08-02 22:23:23 [main] INFO  org.hibernate.orm.core - HHH000489: No JTA platform available (set 'hibernate.transaction.jta.platform' to enable JTA platform integration)
2026-08-02 22:23:23 [main] INFO  o.s.o.j.LocalContainerEntityManagerFactoryBean - Initialized JPA EntityManagerFactory for persistence unit 'default'
2026-08-02 22:23:23 [main] INFO  o.s.d.j.r.q.QueryEnhancerFactories - Hibernate is in classpath; If applicable, HQL parser will be used.
2026-08-02 22:23:23 [main] DEBUG c.i.b.s.JwtAuthenticationFilter - Filter 'jwtAuthenticationFilter' configured for use
2026-08-02 22:23:23 [main] INFO  o.s.s.c.a.a.c.InitializeAuthenticationProviderBeanManagerConfigurer$InitializeAuthenticationProviderManagerConfigurer - Global AuthenticationManager configured with AuthenticationProvider bean with name authenticationProvider
2026-08-02 22:23:23 [main] WARN  o.s.s.c.a.a.c.InitializeUserDetailsBeanManagerConfigurer$InitializeUserDetailsManagerConfigurer - Global AuthenticationManager configured with an AuthenticationProvider bean. UserDetailsService beans will not be used by Spring Security for automatically configuring username/password login. Consider removing the AuthenticationProvider bean. Alternatively, consider using the UserDetailsService in a manually instantiated DaoAuthenticationProvider. If the current configuration is intentional, to turn off this warning, increase the logging level of 'org.springframework.security.config.annotation.authentication.configuration.InitializeUserDetailsBeanManagerConfigurer' to ERROR
2026-08-02 22:23:23 [main] WARN  o.s.b.j.a.JpaBaseConfiguration$JpaWebConfiguration - spring.jpa.open-in-view is enabled by default. Therefore, database queries may be performed during view rendering. Explicitly configure spring.jpa.open-in-view to disable this warning
2026-08-02 22:23:24 [main] INFO  o.s.boot.tomcat.TomcatWebServer - Tomcat started on port 8080 (http) with context path '/'
2026-08-02 22:23:24 [main] INFO  c.i.backend.BackendApplication - Started BackendApplication in 5.457 seconds (process running for 13.002)
2026-08-02 22:24:09 [http-nio-8080-exec-3] INFO  o.a.c.c.C.[Tomcat].[localhost].[/] - Initializing Spring DispatcherServlet 'dispatcherServlet'
2026-08-02 22:24:09 [http-nio-8080-exec-3] INFO  o.s.web.servlet.DispatcherServlet - Initializing Servlet 'dispatcherServlet'
2026-08-02 22:24:09 [http-nio-8080-exec-3] INFO  o.s.web.servlet.DispatcherServlet - Completed initialization in 2 ms
2026-08-02 22:24:09 [http-nio-8080-exec-1] DEBUG c.i.b.s.JwtAuthenticationFilter - Processing request - Method: POST, Path: /api/auth/login
2026-08-02 22:24:09 [http-nio-8080-exec-1] DEBUG c.i.b.s.JwtAuthenticationFilter - No valid Authorization header found for request: POST /api/auth/login
2026-08-02 22:24:10 [http-nio-8080-exec-1] INFO  c.i.b.controller.AuthController - Processing login request for username: asdas
2026-08-02 22:24:10 [http-nio-8080-exec-1] DEBUG c.i.backend.service.AuthService - Starting login process for username: asdas
2026-08-02 22:24:10 [http-nio-8080-exec-1] DEBUG c.i.backend.service.AuthService - Authenticating credentials for username: asdas
2026-08-02 22:24:11 [http-nio-8080-exec-1] WARN  c.i.backend.service.AuthService - Authentication failed for username: asdas - Error: Bad credentials
2026-08-02 22:24:11 [http-nio-8080-exec-1] ERROR c.i.b.controller.AuthController - Unexpected error during login for username: asdas - Duration: 1190ms
org.springframework.security.authentication.BadCredentialsException: Bad credentials
	at org.springframework.security.authentication.dao.AbstractUserDetailsAuthenticationProvider.authenticate(AbstractUserDetailsAuthenticationProvider.java:154)
	at org.springframework.security.authentication.ProviderManager.authenticate(ProviderManager.java:183)
	at com.internship.backend.service.AuthService.login(AuthService.java:66)
	at com.internship.backend.controller.AuthController.login(AuthController.java:51)
	at java.base/jdk.internal.reflect.DirectMethodHandleAccessor.invoke(DirectMethodHandleAccessor.java:104)
	at java.base/java.lang.reflect.Method.invoke(Method.java:565)
	at org.springframework.web.method.support.InvocableHandlerMethod.doInvoke(InvocableHandlerMethod.java:252)
	at org.springframework.web.method.support.InvocableHandlerMethod.invokeForRequest(InvocableHandlerMethod.java:184)
	at org.springframework.web.servlet.mvc.method.annotation.ServletInvocableHandlerMethod.invokeAndHandle(ServletInvocableHandlerMethod.java:117)
	at org.springframework.web.servlet.mvc.method.annotation.RequestMappingHandlerAdapter.invokeHandlerMethod(RequestMappingHandlerAdapter.java:934)
	at org.springframework.web.servlet.mvc.method.annotation.RequestMappingHandlerAdapter.handleInternal(RequestMappingHandlerAdapter.java:853)
	at org.springframework.web.servlet.mvc.method.AbstractHandlerMethodAdapter.handle(AbstractHandlerMethodAdapter.java:86)
	at org.springframework.web.servlet.DispatcherServlet.doDispatch(DispatcherServlet.java:963)
	at org.springframework.web.servlet.DispatcherServlet.doService(DispatcherServlet.java:866)
	at org.springframework.web.servlet.FrameworkServlet.processRequest(FrameworkServlet.java:1000)
	at org.springframework.web.servlet.FrameworkServlet.doPost(FrameworkServlet.java:903)
	at jakarta.servlet.http.HttpServlet.service(HttpServlet.java:649)
	at org.springframework.web.servlet.FrameworkServlet.service(FrameworkServlet.java:874)
	at jakarta.servlet.http.HttpServlet.service(HttpServlet.java:710)
	at org.apache.catalina.core.ApplicationFilterChain.doFilter(ApplicationFilterChain.java:128)
	at org.apache.tomcat.websocket.server.WsFilter.doFilter(WsFilter.java:53)
	at org.apache.catalina.core.ApplicationFilterChain.doFilter(ApplicationFilterChain.java:107)
	at org.springframework.web.filter.OncePerRequestFilter.doFilter(OncePerRequestFilter.java:110)
	at org.apache.catalina.core.ApplicationFilterChain.doFilter(ApplicationFilterChain.java:107)
	at org.springframework.web.filter.CompositeFilter$VirtualFilterChain.doFilter(CompositeFilter.java:108)
	at org.springframework.security.web.FilterChainProxy.lambda$doFilterInternal$2(FilterChainProxy.java:235)
	at org.springframework.security.web.FilterChainProxy$VirtualFilterChain.doFilter(FilterChainProxy.java:376)
	at org.springframework.security.web.access.intercept.AuthorizationFilter.doFilter(AuthorizationFilter.java:101)
	at org.springframework.security.web.FilterChainProxy$VirtualFilterChain.doFilter(FilterChainProxy.java:385)
	at org.springframework.security.web.access.ExceptionTranslationFilter.doFilter(ExceptionTranslationFilter.java:126)
	at org.springframework.security.web.access.ExceptionTranslationFilter.doFilter(ExceptionTranslationFilter.java:120)
	at org.springframework.security.web.FilterChainProxy$VirtualFilterChain.doFilter(FilterChainProxy.java:385)
	at org.springframework.security.web.session.SessionManagementFilter.doFilter(SessionManagementFilter.java:132)
	at org.springframework.security.web.session.SessionManagementFilter.doFilter(SessionManagementFilter.java:86)
	at org.springframework.security.web.FilterChainProxy$VirtualFilterChain.doFilter(FilterChainProxy.java:385)
	at org.springframework.security.web.authentication.AnonymousAuthenticationFilter.doFilter(AnonymousAuthenticationFilter.java:100)
	at org.springframework.security.web.FilterChainProxy$VirtualFilterChain.doFilter(FilterChainProxy.java:385)
	at org.springframework.security.web.servletapi.SecurityContextHolderAwareRequestFilter.doFilter(SecurityContextHolderAwareRequestFilter.java:181)
	at org.springframework.security.web.FilterChainProxy$VirtualFilterChain.doFilter(FilterChainProxy.java:385)
	at org.springframework.security.web.savedrequest.RequestCacheAwareFilter.doFilter(RequestCacheAwareFilter.java:63)
	at org.springframework.security.web.FilterChainProxy$VirtualFilterChain.doFilter(FilterChainProxy.java:385)
	at com.internship.backend.security.JwtAuthenticationFilter.doFilterInternal(JwtAuthenticationFilter.java:45)
	at org.springframework.web.filter.OncePerRequestFilter.doFilter(OncePerRequestFilter.java:116)
	at org.springframework.security.web.FilterChainProxy$VirtualFilterChain.doFilter(FilterChainProxy.java:385)
	at org.springframework.security.web.authentication.logout.LogoutFilter.doFilter(LogoutFilter.java:110)
	at org.springframework.security.web.authentication.logout.LogoutFilter.doFilter(LogoutFilter.java:96)
	at org.springframework.security.web.FilterChainProxy$VirtualFilterChain.doFilter(FilterChainProxy.java:385)
	at org.springframework.web.filter.CorsFilter.doFilterInternal(CorsFilter.java:91)
	at org.springframework.web.filter.OncePerRequestFilter.doFilter(OncePerRequestFilter.java:116)
	at org.springframework.security.web.FilterChainProxy$VirtualFilterChain.doFilter(FilterChainProxy.java:385)
	at org.springframework.security.web.header.HeaderWriterFilter.doHeadersAfter(HeaderWriterFilter.java:90)
	at org.springframework.security.web.header.HeaderWriterFilter.doFilterInternal(HeaderWriterFilter.java:75)
	at org.springframework.web.filter.OncePerRequestFilter.doFilter(OncePerRequestFilter.java:116)
	at org.springframework.security.web.FilterChainProxy$VirtualFilterChain.doFilter(FilterChainProxy.java:385)
	at org.springframework.security.web.context.SecurityContextHolderFilter.doFilter(SecurityContextHolderFilter.java:82)
	at org.springframework.security.web.context.SecurityContextHolderFilter.doFilter(SecurityContextHolderFilter.java:69)
	at org.springframework.security.web.FilterChainProxy$VirtualFilterChain.doFilter(FilterChainProxy.java:385)
	at org.springframework.security.web.context.request.async.WebAsyncManagerIntegrationFilter.doFilterInternal(WebAsyncManagerIntegrationFilter.java:62)
	at org.springframework.web.filter.OncePerRequestFilter.doFilter(OncePerRequestFilter.java:116)
	at org.springframework.security.web.FilterChainProxy$VirtualFilterChain.doFilter(FilterChainProxy.java:385)
	at org.springframework.security.web.session.DisableEncodeUrlFilter.doFilterInternal(DisableEncodeUrlFilter.java:42)
	at org.springframework.web.filter.OncePerRequestFilter.doFilter(OncePerRequestFilter.java:116)
	at org.springframework.security.web.FilterChainProxy$VirtualFilterChain.doFilter(FilterChainProxy.java:385)
	at org.springframework.security.web.FilterChainProxy.doFilterInternal(FilterChainProxy.java:237)
	at org.springframework.security.web.FilterChainProxy.doFilter(FilterChainProxy.java:195)
	at org.springframework.web.filter.CompositeFilter$VirtualFilterChain.doFilter(CompositeFilter.java:113)
	at org.springframework.web.filter.ServletRequestPathFilter.doFilter(ServletRequestPathFilter.java:52)
	at org.springframework.web.filter.CompositeFilter$VirtualFilterChain.doFilter(CompositeFilter.java:113)
	at org.springframework.web.filter.CompositeFilter.doFilter(CompositeFilter.java:74)
	at org.springframework.security.config.annotation.web.configuration.WebSecurityConfiguration$CompositeFilterChainProxy.doFilter(WebSecurityConfiguration.java:317)
	at org.springframework.web.filter.DelegatingFilterProxy.invokeDelegate(DelegatingFilterProxy.java:355)
	at org.springframework.web.filter.DelegatingFilterProxy.doFilter(DelegatingFilterProxy.java:272)
	at org.apache.catalina.core.ApplicationFilterChain.doFilter(ApplicationFilterChain.java:107)
	at org.springframework.web.filter.RequestContextFilter.doFilterInternal(RequestContextFilter.java:100)
	at org.springframework.web.filter.OncePerRequestFilter.doFilter(OncePerRequestFilter.java:116)
	at org.apache.catalina.core.ApplicationFilterChain.doFilter(ApplicationFilterChain.java:107)
	at org.springframework.web.filter.FormContentFilter.doFilterInternal(FormContentFilter.java:93)
	at org.springframework.web.filter.OncePerRequestFilter.doFilter(OncePerRequestFilter.java:116)
	at org.apache.catalina.core.ApplicationFilterChain.doFilter(ApplicationFilterChain.java:107)
	at org.springframework.web.filter.CharacterEncodingFilter.doFilterInternal(CharacterEncodingFilter.java:199)
	at org.springframework.web.filter.OncePerRequestFilter.doFilter(OncePerRequestFilter.java:116)
	at org.apache.catalina.core.ApplicationFilterChain.doFilter(ApplicationFilterChain.java:107)
	at org.apache.catalina.core.StandardWrapperValve.invoke(StandardWrapperValve.java:165)
	at org.apache.catalina.core.StandardContextValve.invoke(StandardContextValve.java:77)
	at org.apache.catalina.authenticator.AuthenticatorBase.invoke(AuthenticatorBase.java:492)
	at org.apache.catalina.core.StandardHostValve.invoke(StandardHostValve.java:113)
	at org.apache.catalina.valves.ErrorReportValve.invoke(ErrorReportValve.java:83)
	at org.apache.catalina.core.StandardEngineValve.invoke(StandardEngineValve.java:72)
	at org.apache.catalina.connector.CoyoteAdapter.service(CoyoteAdapter.java:341)
	at org.apache.coyote.http11.Http11Processor.service(Http11Processor.java:397)
	at org.apache.coyote.AbstractProcessorLight.process(AbstractProcessorLight.java:63)
	at org.apache.coyote.AbstractProtocol$ConnectionHandler.process(AbstractProtocol.java:1272)
	at org.apache.tomcat.util.net.NioEndpoint$SocketProcessor.doRun(NioEndpoint.java:1801)
	at org.apache.tomcat.util.net.SocketProcessorBase.run(SocketProcessorBase.java:52)
	at org.apache.tomcat.util.threads.ThreadPoolExecutor.runWorker(ThreadPoolExecutor.java:946)
	at org.apache.tomcat.util.threads.ThreadPoolExecutor$Worker.run(ThreadPoolExecutor.java:480)
	at org.apache.tomcat.util.threads.TaskThread$WrappingRunnable.run(TaskThread.java:57)
	at java.base/java.lang.Thread.run(Thread.java:1474)
Caused by: org.springframework.security.core.userdetails.UsernameNotFoundException: User not found
	at com.internship.backend.security.SecurityConfig.lambda$userDetailsService$1(SecurityConfig.java:38)
	at java.base/java.util.Optional.orElseThrow(Optional.java:403)
	at com.internship.backend.security.SecurityConfig.lambda$userDetailsService$0(SecurityConfig.java:38)
	at org.springframework.security.authentication.dao.DaoAuthenticationProvider.retrieveUser(DaoAuthenticationProvider.java:106)
	at org.springframework.security.authentication.dao.AbstractUserDetailsAuthenticationProvider.authenticate(AbstractUserDetailsAuthenticationProvider.java:145)
	... 97 common frames omitted
2026-08-02 22:24:20 [http-nio-8080-exec-10] DEBUG c.i.b.s.JwtAuthenticationFilter - Processing request - Method: POST, Path: /api/auth/register
2026-08-02 22:24:20 [http-nio-8080-exec-10] DEBUG c.i.b.s.JwtAuthenticationFilter - No valid Authorization header found for request: POST /api/auth/register
2026-08-02 22:24:20 [http-nio-8080-exec-10] INFO  c.i.b.controller.AuthController - Processing registration request for username: ahmed 
2026-08-02 22:24:20 [http-nio-8080-exec-10] DEBUG c.i.backend.service.AuthService - Starting registration process for username: ahmed 
2026-08-02 22:24:20 [http-nio-8080-exec-10] DEBUG c.i.backend.service.AuthService - Username availability check passed for: ahmed 
2026-08-02 22:24:20 [http-nio-8080-exec-10] DEBUG c.i.backend.service.AuthService - Encrypting password for username: ahmed 
2026-08-02 22:24:21 [http-nio-8080-exec-10] DEBUG c.i.backend.service.AuthService - Saving user to database: ahmed 
2026-08-02 22:24:21 [http-nio-8080-exec-10] INFO  c.i.backend.service.AuthService - User saved successfully to database: ahmed 
2026-08-02 22:24:21 [http-nio-8080-exec-10] DEBUG c.i.backend.service.AuthService - Generating JWT token for username: ahmed 
2026-08-02 22:24:21 [http-nio-8080-exec-10] DEBUG c.i.backend.security.JwtService - Generating JWT token for username: ahmed 
2026-08-02 22:24:21 [http-nio-8080-exec-10] DEBUG c.i.backend.security.JwtService - Retrieving signing key for JWT
2026-08-02 22:24:21 [http-nio-8080-exec-10] DEBUG c.i.backend.security.JwtService - Signing key retrieved successfully
2026-08-02 22:24:21 [http-nio-8080-exec-10] INFO  c.i.backend.security.JwtService - JWT token generated successfully for username: ahmed  - Expiration: Mon Aug 03 22:24:21 EEST 2026
2026-08-02 22:24:21 [http-nio-8080-exec-10] DEBUG c.i.backend.security.JwtService - JWT token length: 153 characters
2026-08-02 22:24:21 [http-nio-8080-exec-10] DEBUG c.i.backend.service.AuthService - JWT token generated successfully for username: ahmed 
2026-08-02 22:24:21 [http-nio-8080-exec-10] INFO  c.i.backend.service.AuthService - Registration completed successfully for username: ahmed 
2026-08-02 22:24:21 [http-nio-8080-exec-10] INFO  c.i.b.controller.AuthController - Registration successful for username: ahmed  - Duration: 572ms
2026-08-02 22:24:28 [http-nio-8080-exec-5] DEBUG c.i.b.s.JwtAuthenticationFilter - Processing request - Method: POST, Path: /api/auth/login
2026-08-02 22:24:28 [http-nio-8080-exec-5] DEBUG c.i.b.s.JwtAuthenticationFilter - No valid Authorization header found for request: POST /api/auth/login
2026-08-02 22:24:28 [http-nio-8080-exec-5] INFO  c.i.b.controller.AuthController - Processing login request for username: ahmed
2026-08-02 22:24:28 [http-nio-8080-exec-5] DEBUG c.i.backend.service.AuthService - Starting login process for username: ahmed
2026-08-02 22:24:28 [http-nio-8080-exec-5] DEBUG c.i.backend.service.AuthService - Authenticating credentials for username: ahmed
2026-08-02 22:24:28 [http-nio-8080-exec-5] WARN  c.i.backend.service.AuthService - Authentication failed for username: ahmed - Error: Bad credentials
2026-08-02 22:24:28 [http-nio-8080-exec-5] ERROR c.i.b.controller.AuthController - Unexpected error during login for username: ahmed - Duration: 132ms
org.springframework.security.authentication.BadCredentialsException: Bad credentials
	at org.springframework.security.authentication.dao.AbstractUserDetailsAuthenticationProvider.authenticate(AbstractUserDetailsAuthenticationProvider.java:154)
	at org.springframework.security.authentication.ProviderManager.authenticate(ProviderManager.java:183)
	at com.internship.backend.service.AuthService.login(AuthService.java:66)
	at com.internship.backend.controller.AuthController.login(AuthController.java:51)
	at java.base/jdk.internal.reflect.DirectMethodHandleAccessor.invoke(DirectMethodHandleAccessor.java:104)
	at java.base/java.lang.reflect.Method.invoke(Method.java:565)
	at org.springframework.web.method.support.InvocableHandlerMethod.doInvoke(InvocableHandlerMethod.java:252)
	at org.springframework.web.method.support.InvocableHandlerMethod.invokeForRequest(InvocableHandlerMethod.java:184)
	at org.springframework.web.servlet.mvc.method.annotation.ServletInvocableHandlerMethod.invokeAndHandle(ServletInvocableHandlerMethod.java:117)
	at org.springframework.web.servlet.mvc.method.annotation.RequestMappingHandlerAdapter.invokeHandlerMethod(RequestMappingHandlerAdapter.java:934)
	at org.springframework.web.servlet.mvc.method.annotation.RequestMappingHandlerAdapter.handleInternal(RequestMappingHandlerAdapter.java:853)
	at org.springframework.web.servlet.mvc.method.AbstractHandlerMethodAdapter.handle(AbstractHandlerMethodAdapter.java:86)
	at org.springframework.web.servlet.DispatcherServlet.doDispatch(DispatcherServlet.java:963)
	at org.springframework.web.servlet.DispatcherServlet.doService(DispatcherServlet.java:866)
	at org.springframework.web.servlet.FrameworkServlet.processRequest(FrameworkServlet.java:1000)
	at org.springframework.web.servlet.FrameworkServlet.doPost(FrameworkServlet.java:903)
	at jakarta.servlet.http.HttpServlet.service(HttpServlet.java:649)
	at org.springframework.web.servlet.FrameworkServlet.service(FrameworkServlet.java:874)
	at jakarta.servlet.http.HttpServlet.service(HttpServlet.java:710)
	at org.apache.catalina.core.ApplicationFilterChain.doFilter(ApplicationFilterChain.java:128)
	at org.apache.tomcat.websocket.server.WsFilter.doFilter(WsFilter.java:53)
	at org.apache.catalina.core.ApplicationFilterChain.doFilter(ApplicationFilterChain.java:107)
	at org.springframework.web.filter.OncePerRequestFilter.doFilter(OncePerRequestFilter.java:110)
	at org.apache.catalina.core.ApplicationFilterChain.doFilter(ApplicationFilterChain.java:107)
	at org.springframework.web.filter.CompositeFilter$VirtualFilterChain.doFilter(CompositeFilter.java:108)
	at org.springframework.security.web.FilterChainProxy.lambda$doFilterInternal$2(FilterChainProxy.java:235)
	at org.springframework.security.web.FilterChainProxy$VirtualFilterChain.doFilter(FilterChainProxy.java:376)
	at org.springframework.security.web.access.intercept.AuthorizationFilter.doFilter(AuthorizationFilter.java:101)
	at org.springframework.security.web.FilterChainProxy$VirtualFilterChain.doFilter(FilterChainProxy.java:385)
	at org.springframework.security.web.access.ExceptionTranslationFilter.doFilter(ExceptionTranslationFilter.java:126)
	at org.springframework.security.web.access.ExceptionTranslationFilter.doFilter(ExceptionTranslationFilter.java:120)
	at org.springframework.security.web.FilterChainProxy$VirtualFilterChain.doFilter(FilterChainProxy.java:385)
	at org.springframework.security.web.session.SessionManagementFilter.doFilter(SessionManagementFilter.java:132)
	at org.springframework.security.web.session.SessionManagementFilter.doFilter(SessionManagementFilter.java:86)
	at org.springframework.security.web.FilterChainProxy$VirtualFilterChain.doFilter(FilterChainProxy.java:385)
	at org.springframework.security.web.authentication.AnonymousAuthenticationFilter.doFilter(AnonymousAuthenticationFilter.java:100)
	at org.springframework.security.web.FilterChainProxy$VirtualFilterChain.doFilter(FilterChainProxy.java:385)
	at org.springframework.security.web.servletapi.SecurityContextHolderAwareRequestFilter.doFilter(SecurityContextHolderAwareRequestFilter.java:181)
	at org.springframework.security.web.FilterChainProxy$VirtualFilterChain.doFilter(FilterChainProxy.java:385)
	at org.springframework.security.web.savedrequest.RequestCacheAwareFilter.doFilter(RequestCacheAwareFilter.java:63)
	at org.springframework.security.web.FilterChainProxy$VirtualFilterChain.doFilter(FilterChainProxy.java:385)
	at com.internship.backend.security.JwtAuthenticationFilter.doFilterInternal(JwtAuthenticationFilter.java:45)
	at org.springframework.web.filter.OncePerRequestFilter.doFilter(OncePerRequestFilter.java:116)
	at org.springframework.security.web.FilterChainProxy$VirtualFilterChain.doFilter(FilterChainProxy.java:385)
	at org.springframework.security.web.authentication.logout.LogoutFilter.doFilter(LogoutFilter.java:110)
	at org.springframework.security.web.authentication.logout.LogoutFilter.doFilter(LogoutFilter.java:96)
	at org.springframework.security.web.FilterChainProxy$VirtualFilterChain.doFilter(FilterChainProxy.java:385)
	at org.springframework.web.filter.CorsFilter.doFilterInternal(CorsFilter.java:91)
	at org.springframework.web.filter.OncePerRequestFilter.doFilter(OncePerRequestFilter.java:116)
	at org.springframework.security.web.FilterChainProxy$VirtualFilterChain.doFilter(FilterChainProxy.java:385)
	at org.springframework.security.web.header.HeaderWriterFilter.doHeadersAfter(HeaderWriterFilter.java:90)
	at org.springframework.security.web.header.HeaderWriterFilter.doFilterInternal(HeaderWriterFilter.java:75)
	at org.springframework.web.filter.OncePerRequestFilter.doFilter(OncePerRequestFilter.java:116)
	at org.springframework.security.web.FilterChainProxy$VirtualFilterChain.doFilter(FilterChainProxy.java:385)
	at org.springframework.security.web.context.SecurityContextHolderFilter.doFilter(SecurityContextHolderFilter.java:82)
	at org.springframework.security.web.context.SecurityContextHolderFilter.doFilter(SecurityContextHolderFilter.java:69)
	at org.springframework.security.web.FilterChainProxy$VirtualFilterChain.doFilter(FilterChainProxy.java:385)
	at org.springframework.security.web.context.request.async.WebAsyncManagerIntegrationFilter.doFilterInternal(WebAsyncManagerIntegrationFilter.java:62)
	at org.springframework.web.filter.OncePerRequestFilter.doFilter(OncePerRequestFilter.java:116)
	at org.springframework.security.web.FilterChainProxy$VirtualFilterChain.doFilter(FilterChainProxy.java:385)
	at org.springframework.security.web.session.DisableEncodeUrlFilter.doFilterInternal(DisableEncodeUrlFilter.java:42)
	at org.springframework.web.filter.OncePerRequestFilter.doFilter(OncePerRequestFilter.java:116)
	at org.springframework.security.web.FilterChainProxy$VirtualFilterChain.doFilter(FilterChainProxy.java:385)
	at org.springframework.security.web.FilterChainProxy.doFilterInternal(FilterChainProxy.java:237)
	at org.springframework.security.web.FilterChainProxy.doFilter(FilterChainProxy.java:195)
	at org.springframework.web.filter.CompositeFilter$VirtualFilterChain.doFilter(CompositeFilter.java:113)
	at org.springframework.web.filter.ServletRequestPathFilter.doFilter(ServletRequestPathFilter.java:52)
	at org.springframework.web.filter.CompositeFilter$VirtualFilterChain.doFilter(CompositeFilter.java:113)
	at org.springframework.web.filter.CompositeFilter.doFilter(CompositeFilter.java:74)
	at org.springframework.security.config.annotation.web.configuration.WebSecurityConfiguration$CompositeFilterChainProxy.doFilter(WebSecurityConfiguration.java:317)
	at org.springframework.web.filter.DelegatingFilterProxy.invokeDelegate(DelegatingFilterProxy.java:355)
	at org.springframework.web.filter.DelegatingFilterProxy.doFilter(DelegatingFilterProxy.java:272)
	at org.apache.catalina.core.ApplicationFilterChain.doFilter(ApplicationFilterChain.java:107)
	at org.springframework.web.filter.RequestContextFilter.doFilterInternal(RequestContextFilter.java:100)
	at org.springframework.web.filter.OncePerRequestFilter.doFilter(OncePerRequestFilter.java:116)
	at org.apache.catalina.core.ApplicationFilterChain.doFilter(ApplicationFilterChain.java:107)
	at org.springframework.web.filter.FormContentFilter.doFilterInternal(FormContentFilter.java:93)
	at org.springframework.web.filter.OncePerRequestFilter.doFilter(OncePerRequestFilter.java:116)
	at org.apache.catalina.core.ApplicationFilterChain.doFilter(ApplicationFilterChain.java:107)
	at org.springframework.web.filter.CharacterEncodingFilter.doFilterInternal(CharacterEncodingFilter.java:199)
	at org.springframework.web.filter.OncePerRequestFilter.doFilter(OncePerRequestFilter.java:116)
	at org.apache.catalina.core.ApplicationFilterChain.doFilter(ApplicationFilterChain.java:107)
	at org.apache.catalina.core.StandardWrapperValve.invoke(StandardWrapperValve.java:165)
	at org.apache.catalina.core.StandardContextValve.invoke(StandardContextValve.java:77)
	at org.apache.catalina.authenticator.AuthenticatorBase.invoke(AuthenticatorBase.java:492)
	at org.apache.catalina.core.StandardHostValve.invoke(StandardHostValve.java:113)
	at org.apache.catalina.valves.ErrorReportValve.invoke(ErrorReportValve.java:83)
	at org.apache.catalina.core.StandardEngineValve.invoke(StandardEngineValve.java:72)
	at org.apache.catalina.connector.CoyoteAdapter.service(CoyoteAdapter.java:341)
	at org.apache.coyote.http11.Http11Processor.service(Http11Processor.java:397)
	at org.apache.coyote.AbstractProcessorLight.process(AbstractProcessorLight.java:63)
	at org.apache.coyote.AbstractProtocol$ConnectionHandler.process(AbstractProtocol.java:1272)
	at org.apache.tomcat.util.net.NioEndpoint$SocketProcessor.doRun(NioEndpoint.java:1801)
	at org.apache.tomcat.util.net.SocketProcessorBase.run(SocketProcessorBase.java:52)
	at org.apache.tomcat.util.threads.ThreadPoolExecutor.runWorker(ThreadPoolExecutor.java:946)
	at org.apache.tomcat.util.threads.ThreadPoolExecutor$Worker.run(ThreadPoolExecutor.java:480)
	at org.apache.tomcat.util.threads.TaskThread$WrappingRunnable.run(TaskThread.java:57)
	at java.base/java.lang.Thread.run(Thread.java:1474)
Caused by: org.springframework.security.core.userdetails.UsernameNotFoundException: User not found
	at com.internship.backend.security.SecurityConfig.lambda$userDetailsService$1(SecurityConfig.java:38)
	at java.base/java.util.Optional.orElseThrow(Optional.java:403)
	at com.internship.backend.security.SecurityConfig.lambda$userDetailsService$0(SecurityConfig.java:38)
	at org.springframework.security.authentication.dao.DaoAuthenticationProvider.retrieveUser(DaoAuthenticationProvider.java:106)
	at org.springframework.security.authentication.dao.AbstractUserDetailsAuthenticationProvider.authenticate(AbstractUserDetailsAuthenticationProvider.java:145)
	... 97 common frames omitted
2026-08-02 22:24:37 [http-nio-8080-exec-6] DEBUG c.i.b.s.JwtAuthenticationFilter - Processing request - Method: POST, Path: /api/auth/login
2026-08-02 22:24:37 [http-nio-8080-exec-6] DEBUG c.i.b.s.JwtAuthenticationFilter - No valid Authorization header found for request: POST /api/auth/login
2026-08-02 22:24:37 [http-nio-8080-exec-6] INFO  c.i.b.controller.AuthController - Processing login request for username: ahmed
2026-08-02 22:24:37 [http-nio-8080-exec-6] DEBUG c.i.backend.service.AuthService - Starting login process for username: ahmed
2026-08-02 22:24:37 [http-nio-8080-exec-6] DEBUG c.i.backend.service.AuthService - Authenticating credentials for username: ahmed
2026-08-02 22:24:37 [http-nio-8080-exec-6] WARN  c.i.backend.service.AuthService - Authentication failed for username: ahmed - Error: Bad credentials
2026-08-02 22:24:37 [http-nio-8080-exec-6] ERROR c.i.b.controller.AuthController - Unexpected error during login for username: ahmed - Duration: 134ms
org.springframework.security.authentication.BadCredentialsException: Bad credentials
	at org.springframework.security.authentication.dao.AbstractUserDetailsAuthenticationProvider.authenticate(AbstractUserDetailsAuthenticationProvider.java:154)
	at org.springframework.security.authentication.ProviderManager.authenticate(ProviderManager.java:183)
	at com.internship.backend.service.AuthService.login(AuthService.java:66)
	at com.internship.backend.controller.AuthController.login(AuthController.java:51)
	at java.base/jdk.internal.reflect.DirectMethodHandleAccessor.invoke(DirectMethodHandleAccessor.java:104)
	at java.base/java.lang.reflect.Method.invoke(Method.java:565)
	at org.springframework.web.method.support.InvocableHandlerMethod.doInvoke(InvocableHandlerMethod.java:252)
	at org.springframework.web.method.support.InvocableHandlerMethod.invokeForRequest(InvocableHandlerMethod.java:184)
	at org.springframework.web.servlet.mvc.method.annotation.ServletInvocableHandlerMethod.invokeAndHandle(ServletInvocableHandlerMethod.java:117)
	at org.springframework.web.servlet.mvc.method.annotation.RequestMappingHandlerAdapter.invokeHandlerMethod(RequestMappingHandlerAdapter.java:934)
	at org.springframework.web.servlet.mvc.method.annotation.RequestMappingHandlerAdapter.handleInternal(RequestMappingHandlerAdapter.java:853)
	at org.springframework.web.servlet.mvc.method.AbstractHandlerMethodAdapter.handle(AbstractHandlerMethodAdapter.java:86)
	at org.springframework.web.servlet.DispatcherServlet.doDispatch(DispatcherServlet.java:963)
	at org.springframework.web.servlet.DispatcherServlet.doService(DispatcherServlet.java:866)
	at org.springframework.web.servlet.FrameworkServlet.processRequest(FrameworkServlet.java:1000)
	at org.springframework.web.servlet.FrameworkServlet.doPost(FrameworkServlet.java:903)
	at jakarta.servlet.http.HttpServlet.service(HttpServlet.java:649)
	at org.springframework.web.servlet.FrameworkServlet.service(FrameworkServlet.java:874)
	at jakarta.servlet.http.HttpServlet.service(HttpServlet.java:710)
	at org.apache.catalina.core.ApplicationFilterChain.doFilter(ApplicationFilterChain.java:128)
	at org.apache.tomcat.websocket.server.WsFilter.doFilter(WsFilter.java:53)
	at org.apache.catalina.core.ApplicationFilterChain.doFilter(ApplicationFilterChain.java:107)
	at org.springframework.web.filter.OncePerRequestFilter.doFilter(OncePerRequestFilter.java:110)
	at org.apache.catalina.core.ApplicationFilterChain.doFilter(ApplicationFilterChain.java:107)
	at org.springframework.web.filter.CompositeFilter$VirtualFilterChain.doFilter(CompositeFilter.java:108)
	at org.springframework.security.web.FilterChainProxy.lambda$doFilterInternal$2(FilterChainProxy.java:235)
	at org.springframework.security.web.FilterChainProxy$VirtualFilterChain.doFilter(FilterChainProxy.java:376)
	at org.springframework.security.web.access.intercept.AuthorizationFilter.doFilter(AuthorizationFilter.java:101)
	at org.springframework.security.web.FilterChainProxy$VirtualFilterChain.doFilter(FilterChainProxy.java:385)
	at org.springframework.security.web.access.ExceptionTranslationFilter.doFilter(ExceptionTranslationFilter.java:126)
	at org.springframework.security.web.access.ExceptionTranslationFilter.doFilter(ExceptionTranslationFilter.java:120)
	at org.springframework.security.web.FilterChainProxy$VirtualFilterChain.doFilter(FilterChainProxy.java:385)
	at org.springframework.security.web.session.SessionManagementFilter.doFilter(SessionManagementFilter.java:132)
	at org.springframework.security.web.session.SessionManagementFilter.doFilter(SessionManagementFilter.java:86)
	at org.springframework.security.web.FilterChainProxy$VirtualFilterChain.doFilter(FilterChainProxy.java:385)
	at org.springframework.security.web.authentication.AnonymousAuthenticationFilter.doFilter(AnonymousAuthenticationFilter.java:100)
	at org.springframework.security.web.FilterChainProxy$VirtualFilterChain.doFilter(FilterChainProxy.java:385)
	at org.springframework.security.web.servletapi.SecurityContextHolderAwareRequestFilter.doFilter(SecurityContextHolderAwareRequestFilter.java:181)
	at org.springframework.security.web.FilterChainProxy$VirtualFilterChain.doFilter(FilterChainProxy.java:385)
	at org.springframework.security.web.savedrequest.RequestCacheAwareFilter.doFilter(RequestCacheAwareFilter.java:63)
	at org.springframework.security.web.FilterChainProxy$VirtualFilterChain.doFilter(FilterChainProxy.java:385)
	at com.internship.backend.security.JwtAuthenticationFilter.doFilterInternal(JwtAuthenticationFilter.java:45)
	at org.springframework.web.filter.OncePerRequestFilter.doFilter(OncePerRequestFilter.java:116)
	at org.springframework.security.web.FilterChainProxy$VirtualFilterChain.doFilter(FilterChainProxy.java:385)
	at org.springframework.security.web.authentication.logout.LogoutFilter.doFilter(LogoutFilter.java:110)
	at org.springframework.security.web.authentication.logout.LogoutFilter.doFilter(LogoutFilter.java:96)
	at org.springframework.security.web.FilterChainProxy$VirtualFilterChain.doFilter(FilterChainProxy.java:385)
	at org.springframework.web.filter.CorsFilter.doFilterInternal(CorsFilter.java:91)
	at org.springframework.web.filter.OncePerRequestFilter.doFilter(OncePerRequestFilter.java:116)
	at org.springframework.security.web.FilterChainProxy$VirtualFilterChain.doFilter(FilterChainProxy.java:385)
	at org.springframework.security.web.header.HeaderWriterFilter.doHeadersAfter(HeaderWriterFilter.java:90)
	at org.springframework.security.web.header.HeaderWriterFilter.doFilterInternal(HeaderWriterFilter.java:75)
	at org.springframework.web.filter.OncePerRequestFilter.doFilter(OncePerRequestFilter.java:116)
	at org.springframework.security.web.FilterChainProxy$VirtualFilterChain.doFilter(FilterChainProxy.java:385)
	at org.springframework.security.web.context.SecurityContextHolderFilter.doFilter(SecurityContextHolderFilter.java:82)
	at org.springframework.security.web.context.SecurityContextHolderFilter.doFilter(SecurityContextHolderFilter.java:69)
	at org.springframework.security.web.FilterChainProxy$VirtualFilterChain.doFilter(FilterChainProxy.java:385)
	at org.springframework.security.web.context.request.async.WebAsyncManagerIntegrationFilter.doFilterInternal(WebAsyncManagerIntegrationFilter.java:62)
	at org.springframework.web.filter.OncePerRequestFilter.doFilter(OncePerRequestFilter.java:116)
	at org.springframework.security.web.FilterChainProxy$VirtualFilterChain.doFilter(FilterChainProxy.java:385)
	at org.springframework.security.web.session.DisableEncodeUrlFilter.doFilterInternal(DisableEncodeUrlFilter.java:42)
	at org.springframework.web.filter.OncePerRequestFilter.doFilter(OncePerRequestFilter.java:116)
	at org.springframework.security.web.FilterChainProxy$VirtualFilterChain.doFilter(FilterChainProxy.java:385)
	at org.springframework.security.web.FilterChainProxy.doFilterInternal(FilterChainProxy.java:237)
	at org.springframework.security.web.FilterChainProxy.doFilter(FilterChainProxy.java:195)
	at org.springframework.web.filter.CompositeFilter$VirtualFilterChain.doFilter(CompositeFilter.java:113)
	at org.springframework.web.filter.ServletRequestPathFilter.doFilter(ServletRequestPathFilter.java:52)
	at org.springframework.web.filter.CompositeFilter$VirtualFilterChain.doFilter(CompositeFilter.java:113)
	at org.springframework.web.filter.CompositeFilter.doFilter(CompositeFilter.java:74)
	at org.springframework.security.config.annotation.web.configuration.WebSecurityConfiguration$CompositeFilterChainProxy.doFilter(WebSecurityConfiguration.java:317)
	at org.springframework.web.filter.DelegatingFilterProxy.invokeDelegate(DelegatingFilterProxy.java:355)
	at org.springframework.web.filter.DelegatingFilterProxy.doFilter(DelegatingFilterProxy.java:272)
	at org.apache.catalina.core.ApplicationFilterChain.doFilter(ApplicationFilterChain.java:107)
	at org.springframework.web.filter.RequestContextFilter.doFilterInternal(RequestContextFilter.java:100)
	at org.springframework.web.filter.OncePerRequestFilter.doFilter(OncePerRequestFilter.java:116)
	at org.apache.catalina.core.ApplicationFilterChain.doFilter(ApplicationFilterChain.java:107)
	at org.springframework.web.filter.FormContentFilter.doFilterInternal(FormContentFilter.java:93)
	at org.springframework.web.filter.OncePerRequestFilter.doFilter(OncePerRequestFilter.java:116)
	at org.apache.catalina.core.ApplicationFilterChain.doFilter(ApplicationFilterChain.java:107)
	at org.springframework.web.filter.CharacterEncodingFilter.doFilterInternal(CharacterEncodingFilter.java:199)
	at org.springframework.web.filter.OncePerRequestFilter.doFilter(OncePerRequestFilter.java:116)
	at org.apache.catalina.core.ApplicationFilterChain.doFilter(ApplicationFilterChain.java:107)
	at org.apache.catalina.core.StandardWrapperValve.invoke(StandardWrapperValve.java:165)
	at org.apache.catalina.core.StandardContextValve.invoke(StandardContextValve.java:77)
	at org.apache.catalina.authenticator.AuthenticatorBase.invoke(AuthenticatorBase.java:492)
	at org.apache.catalina.core.StandardHostValve.invoke(StandardHostValve.java:113)
	at org.apache.catalina.valves.ErrorReportValve.invoke(ErrorReportValve.java:83)
	at org.apache.catalina.core.StandardEngineValve.invoke(StandardEngineValve.java:72)
	at org.apache.catalina.connector.CoyoteAdapter.service(CoyoteAdapter.java:341)
	at org.apache.coyote.http11.Http11Processor.service(Http11Processor.java:397)
	at org.apache.coyote.AbstractProcessorLight.process(AbstractProcessorLight.java:63)
	at org.apache.coyote.AbstractProtocol$ConnectionHandler.process(AbstractProtocol.java:1272)
	at org.apache.tomcat.util.net.NioEndpoint$SocketProcessor.doRun(NioEndpoint.java:1801)
	at org.apache.tomcat.util.net.SocketProcessorBase.run(SocketProcessorBase.java:52)
	at org.apache.tomcat.util.threads.ThreadPoolExecutor.runWorker(ThreadPoolExecutor.java:946)
	at org.apache.tomcat.util.threads.ThreadPoolExecutor$Worker.run(ThreadPoolExecutor.java:480)
	at org.apache.tomcat.util.threads.TaskThread$WrappingRunnable.run(TaskThread.java:57)
	at java.base/java.lang.Thread.run(Thread.java:1474)
Caused by: org.springframework.security.core.userdetails.UsernameNotFoundException: User not found
	at com.internship.backend.security.SecurityConfig.lambda$userDetailsService$1(SecurityConfig.java:38)
	at java.base/java.util.Optional.orElseThrow(Optional.java:403)
	at com.internship.backend.security.SecurityConfig.lambda$userDetailsService$0(SecurityConfig.java:38)
	at org.springframework.security.authentication.dao.DaoAuthenticationProvider.retrieveUser(DaoAuthenticationProvider.java:106)
	at org.springframework.security.authentication.dao.AbstractUserDetailsAuthenticationProvider.authenticate(AbstractUserDetailsAuthenticationProvider.java:145)
	... 97 common frames omitted
2026-08-02 22:24:43 [http-nio-8080-exec-2] DEBUG c.i.b.s.JwtAuthenticationFilter - Processing request - Method: POST, Path: /api/auth/register
2026-08-02 22:24:43 [http-nio-8080-exec-2] DEBUG c.i.b.s.JwtAuthenticationFilter - No valid Authorization header found for request: POST /api/auth/register
2026-08-02 22:24:43 [http-nio-8080-exec-2] INFO  c.i.b.controller.AuthController - Processing registration request for username: ahmed
2026-08-02 22:24:43 [http-nio-8080-exec-2] DEBUG c.i.backend.service.AuthService - Starting registration process for username: ahmed
2026-08-02 22:24:43 [http-nio-8080-exec-2] DEBUG c.i.backend.service.AuthService - Username availability check passed for: ahmed
2026-08-02 22:24:43 [http-nio-8080-exec-2] DEBUG c.i.backend.service.AuthService - Encrypting password for username: ahmed
2026-08-02 22:24:43 [http-nio-8080-exec-2] DEBUG c.i.backend.service.AuthService - Saving user to database: ahmed
2026-08-02 22:24:43 [http-nio-8080-exec-2] INFO  c.i.backend.service.AuthService - User saved successfully to database: ahmed
2026-08-02 22:24:43 [http-nio-8080-exec-2] DEBUG c.i.backend.service.AuthService - Generating JWT token for username: ahmed
2026-08-02 22:24:43 [http-nio-8080-exec-2] DEBUG c.i.backend.security.JwtService - Generating JWT token for username: ahmed
2026-08-02 22:24:43 [http-nio-8080-exec-2] DEBUG c.i.backend.security.JwtService - Retrieving signing key for JWT
2026-08-02 22:24:43 [http-nio-8080-exec-2] DEBUG c.i.backend.security.JwtService - Signing key retrieved successfully
2026-08-02 22:24:43 [http-nio-8080-exec-2] INFO  c.i.backend.security.JwtService - JWT token generated successfully for username: ahmed - Expiration: Mon Aug 03 22:24:43 EEST 2026
2026-08-02 22:24:43 [http-nio-8080-exec-2] DEBUG c.i.backend.security.JwtService - JWT token length: 152 characters
2026-08-02 22:24:43 [http-nio-8080-exec-2] DEBUG c.i.backend.service.AuthService - JWT token generated successfully for username: ahmed
2026-08-02 22:24:43 [http-nio-8080-exec-2] INFO  c.i.backend.service.AuthService - Registration completed successfully for username: ahmed
2026-08-02 22:24:43 [http-nio-8080-exec-2] INFO  c.i.b.controller.AuthController - Registration successful for username: ahmed - Duration: 169ms
2026-08-02 22:24:49 [http-nio-8080-exec-9] DEBUG c.i.b.s.JwtAuthenticationFilter - Processing request - Method: POST, Path: /api/auth/login
2026-08-02 22:24:49 [http-nio-8080-exec-9] DEBUG c.i.b.s.JwtAuthenticationFilter - No valid Authorization header found for request: POST /api/auth/login
2026-08-02 22:24:49 [http-nio-8080-exec-9] INFO  c.i.b.controller.AuthController - Processing login request for username: ahmed
2026-08-02 22:24:49 [http-nio-8080-exec-9] DEBUG c.i.backend.service.AuthService - Starting login process for username: ahmed
2026-08-02 22:24:49 [http-nio-8080-exec-9] DEBUG c.i.backend.service.AuthService - Authenticating credentials for username: ahmed
2026-08-02 22:24:49 [http-nio-8080-exec-9] DEBUG c.i.backend.service.AuthService - Authentication successful for username: ahmed
2026-08-02 22:24:49 [http-nio-8080-exec-9] DEBUG c.i.backend.service.AuthService - Fetching user details from database for username: ahmed
2026-08-02 22:24:49 [http-nio-8080-exec-9] DEBUG c.i.backend.service.AuthService - User details fetched successfully for username: ahmed
2026-08-02 22:24:49 [http-nio-8080-exec-9] DEBUG c.i.backend.service.AuthService - Generating JWT token for login - username: ahmed
2026-08-02 22:24:49 [http-nio-8080-exec-9] DEBUG c.i.backend.security.JwtService - Generating JWT token for username: ahmed
2026-08-02 22:24:49 [http-nio-8080-exec-9] DEBUG c.i.backend.security.JwtService - Retrieving signing key for JWT
2026-08-02 22:24:49 [http-nio-8080-exec-9] DEBUG c.i.backend.security.JwtService - Signing key retrieved successfully
2026-08-02 22:24:49 [http-nio-8080-exec-9] INFO  c.i.backend.security.JwtService - JWT token generated successfully for username: ahmed - Expiration: Mon Aug 03 22:24:49 EEST 2026
2026-08-02 22:24:49 [http-nio-8080-exec-9] DEBUG c.i.backend.security.JwtService - JWT token length: 152 characters
2026-08-02 22:24:49 [http-nio-8080-exec-9] DEBUG c.i.backend.service.AuthService - JWT token generated successfully for login - username: ahmed
2026-08-02 22:24:49 [http-nio-8080-exec-9] INFO  c.i.backend.service.AuthService - Login completed successfully for username: ahmed
2026-08-02 22:24:49 [http-nio-8080-exec-9] INFO  c.i.b.controller.AuthController - Login successful for username: ahmed - Duration: 182ms
2026-08-02 22:24:49 [http-nio-8080-exec-8] DEBUG c.i.b.s.JwtAuthenticationFilter - Processing request - Method: GET, Path: /api/tasks
2026-08-02 22:24:49 [http-nio-8080-exec-8] DEBUG c.i.b.s.JwtAuthenticationFilter - JWT token extracted from Authorization header for request: GET /api/tasks
2026-08-02 22:24:49 [http-nio-8080-exec-8] DEBUG c.i.backend.security.JwtService - Extracting username from JWT token
2026-08-02 22:24:49 [http-nio-8080-exec-8] DEBUG c.i.backend.security.JwtService - Extracting claim from JWT token
2026-08-02 22:24:49 [http-nio-8080-exec-8] DEBUG c.i.backend.security.JwtService - Retrieving signing key for JWT
2026-08-02 22:24:49 [http-nio-8080-exec-8] DEBUG c.i.backend.security.JwtService - Signing key retrieved successfully
2026-08-02 22:24:49 [http-nio-8080-exec-8] DEBUG c.i.backend.security.JwtService - Claims extracted successfully from JWT token
2026-08-02 22:24:49 [http-nio-8080-exec-8] DEBUG c.i.backend.security.JwtService - Username extracted successfully from JWT: ahmed
2026-08-02 22:24:49 [http-nio-8080-exec-8] DEBUG c.i.b.s.JwtAuthenticationFilter - Username extracted from JWT: ahmed
2026-08-02 22:24:49 [http-nio-8080-exec-8] DEBUG c.i.b.s.JwtAuthenticationFilter - Attempting to authenticate user: ahmed for request: GET /api/tasks
2026-08-02 22:24:49 [http-nio-8080-exec-8] DEBUG c.i.b.s.JwtAuthenticationFilter - User details found for username: ahmed
2026-08-02 22:24:49 [http-nio-8080-exec-8] DEBUG c.i.backend.security.JwtService - Validating JWT token for username: ahmed
2026-08-02 22:24:49 [http-nio-8080-exec-8] DEBUG c.i.backend.security.JwtService - Extracting username from JWT token
2026-08-02 22:24:49 [http-nio-8080-exec-8] DEBUG c.i.backend.security.JwtService - Extracting claim from JWT token
2026-08-02 22:24:49 [http-nio-8080-exec-8] DEBUG c.i.backend.security.JwtService - Retrieving signing key for JWT
2026-08-02 22:24:49 [http-nio-8080-exec-8] DEBUG c.i.backend.security.JwtService - Signing key retrieved successfully
2026-08-02 22:24:49 [http-nio-8080-exec-8] DEBUG c.i.backend.security.JwtService - Claims extracted successfully from JWT token
2026-08-02 22:24:49 [http-nio-8080-exec-8] DEBUG c.i.backend.security.JwtService - Username extracted successfully from JWT: ahmed
2026-08-02 22:24:49 [http-nio-8080-exec-8] DEBUG c.i.backend.security.JwtService - Checking if JWT token is expired
2026-08-02 22:24:49 [http-nio-8080-exec-8] DEBUG c.i.backend.security.JwtService - Extracting expiration date from JWT token
2026-08-02 22:24:49 [http-nio-8080-exec-8] DEBUG c.i.backend.security.JwtService - Extracting claim from JWT token
2026-08-02 22:24:49 [http-nio-8080-exec-8] DEBUG c.i.backend.security.JwtService - Retrieving signing key for JWT
2026-08-02 22:24:49 [http-nio-8080-exec-8] DEBUG c.i.backend.security.JwtService - Signing key retrieved successfully
2026-08-02 22:24:49 [http-nio-8080-exec-8] DEBUG c.i.backend.security.JwtService - Claims extracted successfully from JWT token
2026-08-02 22:24:49 [http-nio-8080-exec-8] DEBUG c.i.backend.security.JwtService - Expiration date extracted: Mon Aug 03 22:24:49 EEST 2026
2026-08-02 22:24:49 [http-nio-8080-exec-8] DEBUG c.i.backend.security.JwtService - Token expiration check - Expiration Date: Mon Aug 03 22:24:49 EEST 2026, Current Date: Sun Aug 02 22:24:49 EEST 2026, Is Expired: false
2026-08-02 22:24:49 [http-nio-8080-exec-8] DEBUG c.i.backend.security.JwtService - Token validation details - Username: ahmed, Username Match: true, Is Expired: false
2026-08-02 22:24:49 [http-nio-8080-exec-8] DEBUG c.i.backend.security.JwtService - JWT token validation successful for username: ahmed
2026-08-02 22:24:49 [http-nio-8080-exec-8] DEBUG c.i.b.s.JwtAuthenticationFilter - JWT token validation successful for user: ahmed
2026-08-02 22:24:49 [http-nio-8080-exec-8] INFO  c.i.b.s.JwtAuthenticationFilter - User authenticated successfully - Username: ahmed, Request: GET /api/tasks
2026-08-02 22:24:49 [http-nio-8080-exec-8] INFO  c.i.b.controller.TaskController - Fetching tasks for user: ahmed - Status filter: null, Priority filter: null
2026-08-02 22:24:49 [http-nio-8080-exec-8] DEBUG c.i.backend.service.TaskService - Fetching tasks for user: ahmed - Status filter: null, Priority filter: null
2026-08-02 22:24:49 [http-nio-8080-exec-8] DEBUG c.i.backend.service.TaskService - Querying all tasks for user: ahmed
2026-08-02 22:24:49 [http-nio-8080-exec-8] INFO  c.i.backend.service.TaskService - Retrieved 0 tasks for user: ahmed
2026-08-02 22:24:49 [http-nio-8080-exec-8] DEBUG c.i.backend.service.TaskService - Converted 0 tasks to response DTOs for user: ahmed
2026-08-02 22:24:49 [http-nio-8080-exec-8] INFO  c.i.b.controller.TaskController - Tasks fetched successfully for user: ahmed - Count: 0 - Duration: 15ms
2026-08-02 22:24:53 [http-nio-8080-exec-1] DEBUG c.i.b.s.JwtAuthenticationFilter - Processing request - Method: GET, Path: /api/tasks/null
2026-08-02 22:24:53 [http-nio-8080-exec-1] DEBUG c.i.b.s.JwtAuthenticationFilter - JWT token extracted from Authorization header for request: GET /api/tasks/null
2026-08-02 22:24:53 [http-nio-8080-exec-1] DEBUG c.i.backend.security.JwtService - Extracting username from JWT token
2026-08-02 22:24:53 [http-nio-8080-exec-1] DEBUG c.i.backend.security.JwtService - Extracting claim from JWT token
2026-08-02 22:24:53 [http-nio-8080-exec-1] DEBUG c.i.backend.security.JwtService - Retrieving signing key for JWT
2026-08-02 22:24:53 [http-nio-8080-exec-1] DEBUG c.i.backend.security.JwtService - Signing key retrieved successfully
2026-08-02 22:24:53 [http-nio-8080-exec-1] DEBUG c.i.backend.security.JwtService - Claims extracted successfully from JWT token
2026-08-02 22:24:53 [http-nio-8080-exec-1] DEBUG c.i.backend.security.JwtService - Username extracted successfully from JWT: ahmed
2026-08-02 22:24:53 [http-nio-8080-exec-1] DEBUG c.i.b.s.JwtAuthenticationFilter - Username extracted from JWT: ahmed
2026-08-02 22:24:53 [http-nio-8080-exec-1] DEBUG c.i.b.s.JwtAuthenticationFilter - Attempting to authenticate user: ahmed for request: GET /api/tasks/null
2026-08-02 22:24:53 [http-nio-8080-exec-1] DEBUG c.i.b.s.JwtAuthenticationFilter - User details found for username: ahmed
2026-08-02 22:24:53 [http-nio-8080-exec-1] DEBUG c.i.backend.security.JwtService - Validating JWT token for username: ahmed
2026-08-02 22:24:53 [http-nio-8080-exec-1] DEBUG c.i.backend.security.JwtService - Extracting username from JWT token
2026-08-02 22:24:53 [http-nio-8080-exec-1] DEBUG c.i.backend.security.JwtService - Extracting claim from JWT token
2026-08-02 22:24:53 [http-nio-8080-exec-1] DEBUG c.i.backend.security.JwtService - Retrieving signing key for JWT
2026-08-02 22:24:53 [http-nio-8080-exec-1] DEBUG c.i.backend.security.JwtService - Signing key retrieved successfully
2026-08-02 22:24:53 [http-nio-8080-exec-1] DEBUG c.i.backend.security.JwtService - Claims extracted successfully from JWT token
2026-08-02 22:24:53 [http-nio-8080-exec-1] DEBUG c.i.backend.security.JwtService - Username extracted successfully from JWT: ahmed
2026-08-02 22:24:53 [http-nio-8080-exec-1] DEBUG c.i.backend.security.JwtService - Checking if JWT token is expired
2026-08-02 22:24:53 [http-nio-8080-exec-1] DEBUG c.i.backend.security.JwtService - Extracting expiration date from JWT token
2026-08-02 22:24:53 [http-nio-8080-exec-1] DEBUG c.i.backend.security.JwtService - Extracting claim from JWT token
2026-08-02 22:24:53 [http-nio-8080-exec-1] DEBUG c.i.backend.security.JwtService - Retrieving signing key for JWT
2026-08-02 22:24:53 [http-nio-8080-exec-1] DEBUG c.i.backend.security.JwtService - Signing key retrieved successfully
2026-08-02 22:24:53 [http-nio-8080-exec-1] DEBUG c.i.backend.security.JwtService - Claims extracted successfully from JWT token
2026-08-02 22:24:53 [http-nio-8080-exec-1] DEBUG c.i.backend.security.JwtService - Expiration date extracted: Mon Aug 03 22:24:49 EEST 2026
2026-08-02 22:24:53 [http-nio-8080-exec-1] DEBUG c.i.backend.security.JwtService - Token expiration check - Expiration Date: Mon Aug 03 22:24:49 EEST 2026, Current Date: Sun Aug 02 22:24:53 EEST 2026, Is Expired: false
2026-08-02 22:24:53 [http-nio-8080-exec-1] DEBUG c.i.backend.security.JwtService - Token validation details - Username: ahmed, Username Match: true, Is Expired: false
2026-08-02 22:24:53 [http-nio-8080-exec-1] DEBUG c.i.backend.security.JwtService - JWT token validation successful for username: ahmed
2026-08-02 22:24:53 [http-nio-8080-exec-1] DEBUG c.i.b.s.JwtAuthenticationFilter - JWT token validation successful for user: ahmed
2026-08-02 22:24:53 [http-nio-8080-exec-1] INFO  c.i.b.s.JwtAuthenticationFilter - User authenticated successfully - Username: ahmed, Request: GET /api/tasks/null
2026-08-02 22:24:53 [http-nio-8080-exec-1] WARN  o.s.w.s.m.s.DefaultHandlerExceptionResolver - Resolved [org.springframework.web.method.annotation.MethodArgumentTypeMismatchException: Method parameter 'id': Failed to convert value of type 'java.lang.String' to required type 'java.lang.Long'; For input string: "null"]
2026-08-02 22:25:08 [http-nio-8080-exec-10] DEBUG c.i.b.s.JwtAuthenticationFilter - Processing request - Method: POST, Path: /api/tasks
2026-08-02 22:25:08 [http-nio-8080-exec-10] DEBUG c.i.b.s.JwtAuthenticationFilter - JWT token extracted from Authorization header for request: POST /api/tasks
2026-08-02 22:25:08 [http-nio-8080-exec-10] DEBUG c.i.backend.security.JwtService - Extracting username from JWT token
2026-08-02 22:25:08 [http-nio-8080-exec-10] DEBUG c.i.backend.security.JwtService - Extracting claim from JWT token
2026-08-02 22:25:08 [http-nio-8080-exec-10] DEBUG c.i.backend.security.JwtService - Retrieving signing key for JWT
2026-08-02 22:25:08 [http-nio-8080-exec-10] DEBUG c.i.backend.security.JwtService - Signing key retrieved successfully
2026-08-02 22:25:08 [http-nio-8080-exec-10] DEBUG c.i.backend.security.JwtService - Claims extracted successfully from JWT token
2026-08-02 22:25:08 [http-nio-8080-exec-10] DEBUG c.i.backend.security.JwtService - Username extracted successfully from JWT: ahmed
2026-08-02 22:25:08 [http-nio-8080-exec-10] DEBUG c.i.b.s.JwtAuthenticationFilter - Username extracted from JWT: ahmed
2026-08-02 22:25:08 [http-nio-8080-exec-10] DEBUG c.i.b.s.JwtAuthenticationFilter - Attempting to authenticate user: ahmed for request: POST /api/tasks
2026-08-02 22:25:08 [http-nio-8080-exec-10] DEBUG c.i.b.s.JwtAuthenticationFilter - User details found for username: ahmed
2026-08-02 22:25:08 [http-nio-8080-exec-10] DEBUG c.i.backend.security.JwtService - Validating JWT token for username: ahmed
2026-08-02 22:25:08 [http-nio-8080-exec-10] DEBUG c.i.backend.security.JwtService - Extracting username from JWT token
2026-08-02 22:25:08 [http-nio-8080-exec-10] DEBUG c.i.backend.security.JwtService - Extracting claim from JWT token
2026-08-02 22:25:08 [http-nio-8080-exec-10] DEBUG c.i.backend.security.JwtService - Retrieving signing key for JWT
2026-08-02 22:25:08 [http-nio-8080-exec-10] DEBUG c.i.backend.security.JwtService - Signing key retrieved successfully
2026-08-02 22:25:08 [http-nio-8080-exec-10] DEBUG c.i.backend.security.JwtService - Claims extracted successfully from JWT token
2026-08-02 22:25:08 [http-nio-8080-exec-10] DEBUG c.i.backend.security.JwtService - Username extracted successfully from JWT: ahmed
2026-08-02 22:25:08 [http-nio-8080-exec-10] DEBUG c.i.backend.security.JwtService - Checking if JWT token is expired
2026-08-02 22:25:08 [http-nio-8080-exec-10] DEBUG c.i.backend.security.JwtService - Extracting expiration date from JWT token
2026-08-02 22:25:08 [http-nio-8080-exec-10] DEBUG c.i.backend.security.JwtService - Extracting claim from JWT token
2026-08-02 22:25:08 [http-nio-8080-exec-10] DEBUG c.i.backend.security.JwtService - Retrieving signing key for JWT
2026-08-02 22:25:08 [http-nio-8080-exec-10] DEBUG c.i.backend.security.JwtService - Signing key retrieved successfully
2026-08-02 22:25:08 [http-nio-8080-exec-10] DEBUG c.i.backend.security.JwtService - Claims extracted successfully from JWT token
2026-08-02 22:25:08 [http-nio-8080-exec-10] DEBUG c.i.backend.security.JwtService - Expiration date extracted: Mon Aug 03 22:24:49 EEST 2026
2026-08-02 22:25:08 [http-nio-8080-exec-10] DEBUG c.i.backend.security.JwtService - Token expiration check - Expiration Date: Mon Aug 03 22:24:49 EEST 2026, Current Date: Sun Aug 02 22:25:08 EEST 2026, Is Expired: false
2026-08-02 22:25:08 [http-nio-8080-exec-10] DEBUG c.i.backend.security.JwtService - Token validation details - Username: ahmed, Username Match: true, Is Expired: false
2026-08-02 22:25:08 [http-nio-8080-exec-10] DEBUG c.i.backend.security.JwtService - JWT token validation successful for username: ahmed
2026-08-02 22:25:08 [http-nio-8080-exec-10] DEBUG c.i.b.s.JwtAuthenticationFilter - JWT token validation successful for user: ahmed
2026-08-02 22:25:08 [http-nio-8080-exec-10] INFO  c.i.b.s.JwtAuthenticationFilter - User authenticated successfully - Username: ahmed, Request: POST /api/tasks
2026-08-02 22:25:08 [http-nio-8080-exec-10] INFO  c.i.b.controller.TaskController - Creating new task for user: ahmed - Title: task 1
2026-08-02 22:25:08 [http-nio-8080-exec-10] DEBUG c.i.backend.service.TaskService - Creating new task for user: ahmed - Title: 'task 1', Priority: HIGH, Status: IN_PROGRESS
2026-08-02 22:25:08 [http-nio-8080-exec-10] DEBUG c.i.backend.service.TaskService - Built task object - preparing to save for user: ahmed
2026-08-02 22:25:08 [http-nio-8080-exec-10] INFO  c.i.backend.service.TaskService - Task created and saved successfully - ID: 1, User: ahmed
2026-08-02 22:25:08 [http-nio-8080-exec-10] DEBUG c.i.backend.service.TaskService - Task response DTO created for task ID: 1
2026-08-02 22:25:08 [http-nio-8080-exec-10] INFO  c.i.b.controller.TaskController - Task created successfully for user: ahmed - Task ID: 1 - Duration: 26ms
2026-08-02 22:25:08 [http-nio-8080-exec-5] DEBUG c.i.b.s.JwtAuthenticationFilter - Processing request - Method: GET, Path: /api/tasks
2026-08-02 22:25:08 [http-nio-8080-exec-5] DEBUG c.i.b.s.JwtAuthenticationFilter - JWT token extracted from Authorization header for request: GET /api/tasks
2026-08-02 22:25:08 [http-nio-8080-exec-5] DEBUG c.i.backend.security.JwtService - Extracting username from JWT token
2026-08-02 22:25:08 [http-nio-8080-exec-5] DEBUG c.i.backend.security.JwtService - Extracting claim from JWT token
2026-08-02 22:25:08 [http-nio-8080-exec-5] DEBUG c.i.backend.security.JwtService - Retrieving signing key for JWT
2026-08-02 22:25:08 [http-nio-8080-exec-5] DEBUG c.i.backend.security.JwtService - Signing key retrieved successfully
2026-08-02 22:25:08 [http-nio-8080-exec-5] DEBUG c.i.backend.security.JwtService - Claims extracted successfully from JWT token
2026-08-02 22:25:08 [http-nio-8080-exec-5] DEBUG c.i.backend.security.JwtService - Username extracted successfully from JWT: ahmed
2026-08-02 22:25:08 [http-nio-8080-exec-5] DEBUG c.i.b.s.JwtAuthenticationFilter - Username extracted from JWT: ahmed
2026-08-02 22:25:08 [http-nio-8080-exec-5] DEBUG c.i.b.s.JwtAuthenticationFilter - Attempting to authenticate user: ahmed for request: GET /api/tasks
2026-08-02 22:25:08 [http-nio-8080-exec-5] DEBUG c.i.b.s.JwtAuthenticationFilter - User details found for username: ahmed
2026-08-02 22:25:08 [http-nio-8080-exec-5] DEBUG c.i.backend.security.JwtService - Validating JWT token for username: ahmed
2026-08-02 22:25:08 [http-nio-8080-exec-5] DEBUG c.i.backend.security.JwtService - Extracting username from JWT token
2026-08-02 22:25:08 [http-nio-8080-exec-5] DEBUG c.i.backend.security.JwtService - Extracting claim from JWT token
2026-08-02 22:25:08 [http-nio-8080-exec-5] DEBUG c.i.backend.security.JwtService - Retrieving signing key for JWT
2026-08-02 22:25:08 [http-nio-8080-exec-5] DEBUG c.i.backend.security.JwtService - Signing key retrieved successfully
2026-08-02 22:25:08 [http-nio-8080-exec-5] DEBUG c.i.backend.security.JwtService - Claims extracted successfully from JWT token
2026-08-02 22:25:08 [http-nio-8080-exec-5] DEBUG c.i.backend.security.JwtService - Username extracted successfully from JWT: ahmed
2026-08-02 22:25:08 [http-nio-8080-exec-5] DEBUG c.i.backend.security.JwtService - Checking if JWT token is expired
2026-08-02 22:25:08 [http-nio-8080-exec-5] DEBUG c.i.backend.security.JwtService - Extracting expiration date from JWT token
2026-08-02 22:25:08 [http-nio-8080-exec-5] DEBUG c.i.backend.security.JwtService - Extracting claim from JWT token
2026-08-02 22:25:08 [http-nio-8080-exec-5] DEBUG c.i.backend.security.JwtService - Retrieving signing key for JWT
2026-08-02 22:25:08 [http-nio-8080-exec-5] DEBUG c.i.backend.security.JwtService - Signing key retrieved successfully
2026-08-02 22:25:08 [http-nio-8080-exec-5] DEBUG c.i.backend.security.JwtService - Claims extracted successfully from JWT token
2026-08-02 22:25:08 [http-nio-8080-exec-5] DEBUG c.i.backend.security.JwtService - Expiration date extracted: Mon Aug 03 22:24:49 EEST 2026
2026-08-02 22:25:08 [http-nio-8080-exec-5] DEBUG c.i.backend.security.JwtService - Token expiration check - Expiration Date: Mon Aug 03 22:24:49 EEST 2026, Current Date: Sun Aug 02 22:25:08 EEST 2026, Is Expired: false
2026-08-02 22:25:08 [http-nio-8080-exec-5] DEBUG c.i.backend.security.JwtService - Token validation details - Username: ahmed, Username Match: true, Is Expired: false
2026-08-02 22:25:08 [http-nio-8080-exec-5] DEBUG c.i.backend.security.JwtService - JWT token validation successful for username: ahmed
2026-08-02 22:25:08 [http-nio-8080-exec-5] DEBUG c.i.b.s.JwtAuthenticationFilter - JWT token validation successful for user: ahmed
2026-08-02 22:25:08 [http-nio-8080-exec-5] INFO  c.i.b.s.JwtAuthenticationFilter - User authenticated successfully - Username: ahmed, Request: GET /api/tasks
2026-08-02 22:25:08 [http-nio-8080-exec-5] INFO  c.i.b.controller.TaskController - Fetching tasks for user: ahmed - Status filter: null, Priority filter: null
2026-08-02 22:25:08 [http-nio-8080-exec-5] DEBUG c.i.backend.service.TaskService - Fetching tasks for user: ahmed - Status filter: null, Priority filter: null
2026-08-02 22:25:08 [http-nio-8080-exec-5] DEBUG c.i.backend.service.TaskService - Querying all tasks for user: ahmed
2026-08-02 22:25:08 [http-nio-8080-exec-5] INFO  c.i.backend.service.TaskService - Retrieved 1 tasks for user: ahmed
2026-08-02 22:25:08 [http-nio-8080-exec-5] DEBUG c.i.backend.service.TaskService - Converted 1 tasks to response DTOs for user: ahmed
2026-08-02 22:25:08 [http-nio-8080-exec-5] INFO  c.i.b.controller.TaskController - Tasks fetched successfully for user: ahmed - Count: 1 - Duration: 15ms
2026-08-02 22:25:14 [http-nio-8080-exec-9] DEBUG c.i.b.s.JwtAuthenticationFilter - Processing request - Method: GET, Path: /api/tasks
2026-08-02 22:25:14 [http-nio-8080-exec-9] DEBUG c.i.b.s.JwtAuthenticationFilter - JWT token extracted from Authorization header for request: GET /api/tasks
2026-08-02 22:25:14 [http-nio-8080-exec-9] DEBUG c.i.backend.security.JwtService - Extracting username from JWT token
2026-08-02 22:25:14 [http-nio-8080-exec-9] DEBUG c.i.backend.security.JwtService - Extracting claim from JWT token
2026-08-02 22:25:14 [http-nio-8080-exec-9] DEBUG c.i.backend.security.JwtService - Retrieving signing key for JWT
2026-08-02 22:25:14 [http-nio-8080-exec-9] DEBUG c.i.backend.security.JwtService - Signing key retrieved successfully
2026-08-02 22:25:14 [http-nio-8080-exec-9] DEBUG c.i.backend.security.JwtService - Claims extracted successfully from JWT token
2026-08-02 22:25:14 [http-nio-8080-exec-9] DEBUG c.i.backend.security.JwtService - Username extracted successfully from JWT: ahmed
2026-08-02 22:25:14 [http-nio-8080-exec-9] DEBUG c.i.b.s.JwtAuthenticationFilter - Username extracted from JWT: ahmed
2026-08-02 22:25:14 [http-nio-8080-exec-9] DEBUG c.i.b.s.JwtAuthenticationFilter - Attempting to authenticate user: ahmed for request: GET /api/tasks
2026-08-02 22:25:14 [http-nio-8080-exec-9] DEBUG c.i.b.s.JwtAuthenticationFilter - User details found for username: ahmed
2026-08-02 22:25:14 [http-nio-8080-exec-9] DEBUG c.i.backend.security.JwtService - Validating JWT token for username: ahmed
2026-08-02 22:25:14 [http-nio-8080-exec-9] DEBUG c.i.backend.security.JwtService - Extracting username from JWT token
2026-08-02 22:25:14 [http-nio-8080-exec-9] DEBUG c.i.backend.security.JwtService - Extracting claim from JWT token
2026-08-02 22:25:14 [http-nio-8080-exec-9] DEBUG c.i.backend.security.JwtService - Retrieving signing key for JWT
2026-08-02 22:25:14 [http-nio-8080-exec-9] DEBUG c.i.backend.security.JwtService - Signing key retrieved successfully
2026-08-02 22:25:14 [http-nio-8080-exec-9] DEBUG c.i.backend.security.JwtService - Claims extracted successfully from JWT token
2026-08-02 22:25:14 [http-nio-8080-exec-9] DEBUG c.i.backend.security.JwtService - Username extracted successfully from JWT: ahmed
2026-08-02 22:25:14 [http-nio-8080-exec-9] DEBUG c.i.backend.security.JwtService - Checking if JWT token is expired
2026-08-02 22:25:14 [http-nio-8080-exec-9] DEBUG c.i.backend.security.JwtService - Extracting expiration date from JWT token
2026-08-02 22:25:14 [http-nio-8080-exec-9] DEBUG c.i.backend.security.JwtService - Extracting claim from JWT token
2026-08-02 22:25:14 [http-nio-8080-exec-9] DEBUG c.i.backend.security.JwtService - Retrieving signing key for JWT
2026-08-02 22:25:14 [http-nio-8080-exec-9] DEBUG c.i.backend.security.JwtService - Signing key retrieved successfully
2026-08-02 22:25:14 [http-nio-8080-exec-9] DEBUG c.i.backend.security.JwtService - Claims extracted successfully from JWT token
2026-08-02 22:25:14 [http-nio-8080-exec-9] DEBUG c.i.backend.security.JwtService - Expiration date extracted: Mon Aug 03 22:24:49 EEST 2026
2026-08-02 22:25:14 [http-nio-8080-exec-9] DEBUG c.i.backend.security.JwtService - Token expiration check - Expiration Date: Mon Aug 03 22:24:49 EEST 2026, Current Date: Sun Aug 02 22:25:14 EEST 2026, Is Expired: false
2026-08-02 22:25:14 [http-nio-8080-exec-9] DEBUG c.i.backend.security.JwtService - Token validation details - Username: ahmed, Username Match: true, Is Expired: false
2026-08-02 22:25:14 [http-nio-8080-exec-9] DEBUG c.i.backend.security.JwtService - JWT token validation successful for username: ahmed
2026-08-02 22:25:14 [http-nio-8080-exec-9] DEBUG c.i.b.s.JwtAuthenticationFilter - JWT token validation successful for user: ahmed
2026-08-02 22:25:14 [http-nio-8080-exec-9] INFO  c.i.b.s.JwtAuthenticationFilter - User authenticated successfully - Username: ahmed, Request: GET /api/tasks
2026-08-02 22:25:14 [http-nio-8080-exec-9] INFO  c.i.b.controller.TaskController - Fetching tasks for user: ahmed - Status filter: TODO, Priority filter: null
2026-08-02 22:25:14 [http-nio-8080-exec-9] DEBUG c.i.backend.service.TaskService - Fetching tasks for user: ahmed - Status filter: TODO, Priority filter: null
2026-08-02 22:25:14 [http-nio-8080-exec-9] DEBUG c.i.backend.service.TaskService - Querying tasks with status filter for user: ahmed
2026-08-02 22:25:14 [http-nio-8080-exec-9] INFO  c.i.backend.service.TaskService - Retrieved 0 tasks for user: ahmed
2026-08-02 22:25:14 [http-nio-8080-exec-9] DEBUG c.i.backend.service.TaskService - Converted 0 tasks to response DTOs for user: ahmed
2026-08-02 22:25:14 [http-nio-8080-exec-9] INFO  c.i.b.controller.TaskController - Tasks fetched successfully for user: ahmed - Count: 0 - Duration: 25ms
2026-08-02 22:25:16 [http-nio-8080-exec-8] DEBUG c.i.b.s.JwtAuthenticationFilter - Processing request - Method: GET, Path: /api/tasks
2026-08-02 22:25:16 [http-nio-8080-exec-8] DEBUG c.i.b.s.JwtAuthenticationFilter - JWT token extracted from Authorization header for request: GET /api/tasks
2026-08-02 22:25:16 [http-nio-8080-exec-8] DEBUG c.i.backend.security.JwtService - Extracting username from JWT token
2026-08-02 22:25:16 [http-nio-8080-exec-8] DEBUG c.i.backend.security.JwtService - Extracting claim from JWT token
2026-08-02 22:25:16 [http-nio-8080-exec-8] DEBUG c.i.backend.security.JwtService - Retrieving signing key for JWT
2026-08-02 22:25:16 [http-nio-8080-exec-8] DEBUG c.i.backend.security.JwtService - Signing key retrieved successfully
2026-08-02 22:25:16 [http-nio-8080-exec-8] DEBUG c.i.backend.security.JwtService - Claims extracted successfully from JWT token
2026-08-02 22:25:16 [http-nio-8080-exec-8] DEBUG c.i.backend.security.JwtService - Username extracted successfully from JWT: ahmed
2026-08-02 22:25:16 [http-nio-8080-exec-8] DEBUG c.i.b.s.JwtAuthenticationFilter - Username extracted from JWT: ahmed
2026-08-02 22:25:16 [http-nio-8080-exec-8] DEBUG c.i.b.s.JwtAuthenticationFilter - Attempting to authenticate user: ahmed for request: GET /api/tasks
2026-08-02 22:25:16 [http-nio-8080-exec-8] DEBUG c.i.b.s.JwtAuthenticationFilter - User details found for username: ahmed
2026-08-02 22:25:16 [http-nio-8080-exec-8] DEBUG c.i.backend.security.JwtService - Validating JWT token for username: ahmed
2026-08-02 22:25:16 [http-nio-8080-exec-8] DEBUG c.i.backend.security.JwtService - Extracting username from JWT token
2026-08-02 22:25:16 [http-nio-8080-exec-8] DEBUG c.i.backend.security.JwtService - Extracting claim from JWT token
2026-08-02 22:25:16 [http-nio-8080-exec-8] DEBUG c.i.backend.security.JwtService - Retrieving signing key for JWT
2026-08-02 22:25:16 [http-nio-8080-exec-8] DEBUG c.i.backend.security.JwtService - Signing key retrieved successfully
2026-08-02 22:25:16 [http-nio-8080-exec-8] DEBUG c.i.backend.security.JwtService - Claims extracted successfully from JWT token
2026-08-02 22:25:16 [http-nio-8080-exec-8] DEBUG c.i.backend.security.JwtService - Username extracted successfully from JWT: ahmed
2026-08-02 22:25:16 [http-nio-8080-exec-8] DEBUG c.i.backend.security.JwtService - Checking if JWT token is expired
2026-08-02 22:25:16 [http-nio-8080-exec-8] DEBUG c.i.backend.security.JwtService - Extracting expiration date from JWT token
2026-08-02 22:25:16 [http-nio-8080-exec-8] DEBUG c.i.backend.security.JwtService - Extracting claim from JWT token
2026-08-02 22:25:16 [http-nio-8080-exec-8] DEBUG c.i.backend.security.JwtService - Retrieving signing key for JWT
2026-08-02 22:25:16 [http-nio-8080-exec-8] DEBUG c.i.backend.security.JwtService - Signing key retrieved successfully
2026-08-02 22:25:16 [http-nio-8080-exec-8] DEBUG c.i.backend.security.JwtService - Claims extracted successfully from JWT token
2026-08-02 22:25:16 [http-nio-8080-exec-8] DEBUG c.i.backend.security.JwtService - Expiration date extracted: Mon Aug 03 22:24:49 EEST 2026
2026-08-02 22:25:16 [http-nio-8080-exec-8] DEBUG c.i.backend.security.JwtService - Token expiration check - Expiration Date: Mon Aug 03 22:24:49 EEST 2026, Current Date: Sun Aug 02 22:25:16 EEST 2026, Is Expired: false
2026-08-02 22:25:16 [http-nio-8080-exec-8] DEBUG c.i.backend.security.JwtService - Token validation details - Username: ahmed, Username Match: true, Is Expired: false
2026-08-02 22:25:16 [http-nio-8080-exec-8] DEBUG c.i.backend.security.JwtService - JWT token validation successful for username: ahmed
2026-08-02 22:25:16 [http-nio-8080-exec-8] DEBUG c.i.b.s.JwtAuthenticationFilter - JWT token validation successful for user: ahmed
2026-08-02 22:25:16 [http-nio-8080-exec-8] INFO  c.i.b.s.JwtAuthenticationFilter - User authenticated successfully - Username: ahmed, Request: GET /api/tasks
2026-08-02 22:25:16 [http-nio-8080-exec-8] INFO  c.i.b.controller.TaskController - Fetching tasks for user: ahmed - Status filter: IN_PROGRESS, Priority filter: null
2026-08-02 22:25:16 [http-nio-8080-exec-8] DEBUG c.i.backend.service.TaskService - Fetching tasks for user: ahmed - Status filter: IN_PROGRESS, Priority filter: null
2026-08-02 22:25:16 [http-nio-8080-exec-8] DEBUG c.i.backend.service.TaskService - Querying tasks with status filter for user: ahmed
2026-08-02 22:25:16 [http-nio-8080-exec-8] INFO  c.i.backend.service.TaskService - Retrieved 1 tasks for user: ahmed
2026-08-02 22:25:16 [http-nio-8080-exec-8] DEBUG c.i.backend.service.TaskService - Converted 1 tasks to response DTOs for user: ahmed
2026-08-02 22:25:16 [http-nio-8080-exec-8] INFO  c.i.b.controller.TaskController - Tasks fetched successfully for user: ahmed - Count: 1 - Duration: 5ms
2026-08-02 22:25:17 [http-nio-8080-exec-1] DEBUG c.i.b.s.JwtAuthenticationFilter - Processing request - Method: GET, Path: /api/tasks
2026-08-02 22:25:17 [http-nio-8080-exec-1] DEBUG c.i.b.s.JwtAuthenticationFilter - JWT token extracted from Authorization header for request: GET /api/tasks
2026-08-02 22:25:17 [http-nio-8080-exec-1] DEBUG c.i.backend.security.JwtService - Extracting username from JWT token
2026-08-02 22:25:17 [http-nio-8080-exec-1] DEBUG c.i.backend.security.JwtService - Extracting claim from JWT token
2026-08-02 22:25:17 [http-nio-8080-exec-1] DEBUG c.i.backend.security.JwtService - Retrieving signing key for JWT
2026-08-02 22:25:17 [http-nio-8080-exec-1] DEBUG c.i.backend.security.JwtService - Signing key retrieved successfully
2026-08-02 22:25:17 [http-nio-8080-exec-1] DEBUG c.i.backend.security.JwtService - Claims extracted successfully from JWT token
2026-08-02 22:25:17 [http-nio-8080-exec-1] DEBUG c.i.backend.security.JwtService - Username extracted successfully from JWT: ahmed
2026-08-02 22:25:17 [http-nio-8080-exec-1] DEBUG c.i.b.s.JwtAuthenticationFilter - Username extracted from JWT: ahmed
2026-08-02 22:25:17 [http-nio-8080-exec-1] DEBUG c.i.b.s.JwtAuthenticationFilter - Attempting to authenticate user: ahmed for request: GET /api/tasks
2026-08-02 22:25:17 [http-nio-8080-exec-1] DEBUG c.i.b.s.JwtAuthenticationFilter - User details found for username: ahmed
2026-08-02 22:25:17 [http-nio-8080-exec-1] DEBUG c.i.backend.security.JwtService - Validating JWT token for username: ahmed
2026-08-02 22:25:17 [http-nio-8080-exec-1] DEBUG c.i.backend.security.JwtService - Extracting username from JWT token
2026-08-02 22:25:17 [http-nio-8080-exec-1] DEBUG c.i.backend.security.JwtService - Extracting claim from JWT token
2026-08-02 22:25:17 [http-nio-8080-exec-1] DEBUG c.i.backend.security.JwtService - Retrieving signing key for JWT
2026-08-02 22:25:17 [http-nio-8080-exec-1] DEBUG c.i.backend.security.JwtService - Signing key retrieved successfully
2026-08-02 22:25:17 [http-nio-8080-exec-1] DEBUG c.i.backend.security.JwtService - Claims extracted successfully from JWT token
2026-08-02 22:25:17 [http-nio-8080-exec-1] DEBUG c.i.backend.security.JwtService - Username extracted successfully from JWT: ahmed
2026-08-02 22:25:17 [http-nio-8080-exec-1] DEBUG c.i.backend.security.JwtService - Checking if JWT token is expired
2026-08-02 22:25:17 [http-nio-8080-exec-1] DEBUG c.i.backend.security.JwtService - Extracting expiration date from JWT token
2026-08-02 22:25:17 [http-nio-8080-exec-1] DEBUG c.i.backend.security.JwtService - Extracting claim from JWT token
2026-08-02 22:25:17 [http-nio-8080-exec-1] DEBUG c.i.backend.security.JwtService - Retrieving signing key for JWT
2026-08-02 22:25:17 [http-nio-8080-exec-1] DEBUG c.i.backend.security.JwtService - Signing key retrieved successfully
2026-08-02 22:25:17 [http-nio-8080-exec-1] DEBUG c.i.backend.security.JwtService - Claims extracted successfully from JWT token
2026-08-02 22:25:17 [http-nio-8080-exec-1] DEBUG c.i.backend.security.JwtService - Expiration date extracted: Mon Aug 03 22:24:49 EEST 2026
2026-08-02 22:25:17 [http-nio-8080-exec-1] DEBUG c.i.backend.security.JwtService - Token expiration check - Expiration Date: Mon Aug 03 22:24:49 EEST 2026, Current Date: Sun Aug 02 22:25:17 EEST 2026, Is Expired: false
2026-08-02 22:25:17 [http-nio-8080-exec-1] DEBUG c.i.backend.security.JwtService - Token validation details - Username: ahmed, Username Match: true, Is Expired: false
2026-08-02 22:25:17 [http-nio-8080-exec-1] DEBUG c.i.backend.security.JwtService - JWT token validation successful for username: ahmed
2026-08-02 22:25:17 [http-nio-8080-exec-1] DEBUG c.i.b.s.JwtAuthenticationFilter - JWT token validation successful for user: ahmed
2026-08-02 22:25:17 [http-nio-8080-exec-1] INFO  c.i.b.s.JwtAuthenticationFilter - User authenticated successfully - Username: ahmed, Request: GET /api/tasks
2026-08-02 22:25:17 [http-nio-8080-exec-1] INFO  c.i.b.controller.TaskController - Fetching tasks for user: ahmed - Status filter: DONE, Priority filter: null
2026-08-02 22:25:17 [http-nio-8080-exec-1] DEBUG c.i.backend.service.TaskService - Fetching tasks for user: ahmed - Status filter: DONE, Priority filter: null
2026-08-02 22:25:17 [http-nio-8080-exec-1] DEBUG c.i.backend.service.TaskService - Querying tasks with status filter for user: ahmed
2026-08-02 22:25:17 [http-nio-8080-exec-1] INFO  c.i.backend.service.TaskService - Retrieved 0 tasks for user: ahmed
2026-08-02 22:25:17 [http-nio-8080-exec-1] DEBUG c.i.backend.service.TaskService - Converted 0 tasks to response DTOs for user: ahmed
2026-08-02 22:25:17 [http-nio-8080-exec-1] INFO  c.i.b.controller.TaskController - Tasks fetched successfully for user: ahmed - Count: 0 - Duration: 3ms
2026-08-02 22:25:18 [http-nio-8080-exec-7] DEBUG c.i.b.s.JwtAuthenticationFilter - Processing request - Method: GET, Path: /api/tasks
2026-08-02 22:25:18 [http-nio-8080-exec-7] DEBUG c.i.b.s.JwtAuthenticationFilter - JWT token extracted from Authorization header for request: GET /api/tasks
2026-08-02 22:25:18 [http-nio-8080-exec-7] DEBUG c.i.backend.security.JwtService - Extracting username from JWT token
2026-08-02 22:25:18 [http-nio-8080-exec-7] DEBUG c.i.backend.security.JwtService - Extracting claim from JWT token
2026-08-02 22:25:18 [http-nio-8080-exec-7] DEBUG c.i.backend.security.JwtService - Retrieving signing key for JWT
2026-08-02 22:25:18 [http-nio-8080-exec-7] DEBUG c.i.backend.security.JwtService - Signing key retrieved successfully
2026-08-02 22:25:18 [http-nio-8080-exec-7] DEBUG c.i.backend.security.JwtService - Claims extracted successfully from JWT token
2026-08-02 22:25:18 [http-nio-8080-exec-7] DEBUG c.i.backend.security.JwtService - Username extracted successfully from JWT: ahmed
2026-08-02 22:25:18 [http-nio-8080-exec-7] DEBUG c.i.b.s.JwtAuthenticationFilter - Username extracted from JWT: ahmed
2026-08-02 22:25:18 [http-nio-8080-exec-7] DEBUG c.i.b.s.JwtAuthenticationFilter - Attempting to authenticate user: ahmed for request: GET /api/tasks
2026-08-02 22:25:18 [http-nio-8080-exec-7] DEBUG c.i.b.s.JwtAuthenticationFilter - User details found for username: ahmed
2026-08-02 22:25:18 [http-nio-8080-exec-7] DEBUG c.i.backend.security.JwtService - Validating JWT token for username: ahmed
2026-08-02 22:25:18 [http-nio-8080-exec-7] DEBUG c.i.backend.security.JwtService - Extracting username from JWT token
2026-08-02 22:25:18 [http-nio-8080-exec-7] DEBUG c.i.backend.security.JwtService - Extracting claim from JWT token
2026-08-02 22:25:18 [http-nio-8080-exec-7] DEBUG c.i.backend.security.JwtService - Retrieving signing key for JWT
2026-08-02 22:25:18 [http-nio-8080-exec-7] DEBUG c.i.backend.security.JwtService - Signing key retrieved successfully
2026-08-02 22:25:18 [http-nio-8080-exec-7] DEBUG c.i.backend.security.JwtService - Claims extracted successfully from JWT token
2026-08-02 22:25:18 [http-nio-8080-exec-7] DEBUG c.i.backend.security.JwtService - Username extracted successfully from JWT: ahmed
2026-08-02 22:25:18 [http-nio-8080-exec-7] DEBUG c.i.backend.security.JwtService - Checking if JWT token is expired
2026-08-02 22:25:18 [http-nio-8080-exec-7] DEBUG c.i.backend.security.JwtService - Extracting expiration date from JWT token
2026-08-02 22:25:18 [http-nio-8080-exec-7] DEBUG c.i.backend.security.JwtService - Extracting claim from JWT token
2026-08-02 22:25:18 [http-nio-8080-exec-7] DEBUG c.i.backend.security.JwtService - Retrieving signing key for JWT
2026-08-02 22:25:18 [http-nio-8080-exec-7] DEBUG c.i.backend.security.JwtService - Signing key retrieved successfully
2026-08-02 22:25:18 [http-nio-8080-exec-7] DEBUG c.i.backend.security.JwtService - Claims extracted successfully from JWT token
2026-08-02 22:25:18 [http-nio-8080-exec-7] DEBUG c.i.backend.security.JwtService - Expiration date extracted: Mon Aug 03 22:24:49 EEST 2026
2026-08-02 22:25:18 [http-nio-8080-exec-7] DEBUG c.i.backend.security.JwtService - Token expiration check - Expiration Date: Mon Aug 03 22:24:49 EEST 2026, Current Date: Sun Aug 02 22:25:18 EEST 2026, Is Expired: false
2026-08-02 22:25:18 [http-nio-8080-exec-7] DEBUG c.i.backend.security.JwtService - Token validation details - Username: ahmed, Username Match: true, Is Expired: false
2026-08-02 22:25:18 [http-nio-8080-exec-7] DEBUG c.i.backend.security.JwtService - JWT token validation successful for username: ahmed
2026-08-02 22:25:18 [http-nio-8080-exec-7] DEBUG c.i.b.s.JwtAuthenticationFilter - JWT token validation successful for user: ahmed
2026-08-02 22:25:18 [http-nio-8080-exec-7] INFO  c.i.b.s.JwtAuthenticationFilter - User authenticated successfully - Username: ahmed, Request: GET /api/tasks
2026-08-02 22:25:18 [http-nio-8080-exec-7] INFO  c.i.b.controller.TaskController - Fetching tasks for user: ahmed - Status filter: IN_PROGRESS, Priority filter: null
2026-08-02 22:25:18 [http-nio-8080-exec-7] DEBUG c.i.backend.service.TaskService - Fetching tasks for user: ahmed - Status filter: IN_PROGRESS, Priority filter: null
2026-08-02 22:25:18 [http-nio-8080-exec-7] DEBUG c.i.backend.service.TaskService - Querying tasks with status filter for user: ahmed
2026-08-02 22:25:18 [http-nio-8080-exec-7] INFO  c.i.backend.service.TaskService - Retrieved 1 tasks for user: ahmed
2026-08-02 22:25:18 [http-nio-8080-exec-7] DEBUG c.i.backend.service.TaskService - Converted 1 tasks to response DTOs for user: ahmed
2026-08-02 22:25:18 [http-nio-8080-exec-7] INFO  c.i.b.controller.TaskController - Tasks fetched successfully for user: ahmed - Count: 1 - Duration: 6ms
2026-08-02 22:25:20 [http-nio-8080-exec-10] DEBUG c.i.b.s.JwtAuthenticationFilter - Processing request - Method: GET, Path: /api/tasks
2026-08-02 22:25:20 [http-nio-8080-exec-10] DEBUG c.i.b.s.JwtAuthenticationFilter - JWT token extracted from Authorization header for request: GET /api/tasks
2026-08-02 22:25:20 [http-nio-8080-exec-10] DEBUG c.i.backend.security.JwtService - Extracting username from JWT token
2026-08-02 22:25:20 [http-nio-8080-exec-10] DEBUG c.i.backend.security.JwtService - Extracting claim from JWT token
2026-08-02 22:25:20 [http-nio-8080-exec-10] DEBUG c.i.backend.security.JwtService - Retrieving signing key for JWT
2026-08-02 22:25:20 [http-nio-8080-exec-10] DEBUG c.i.backend.security.JwtService - Signing key retrieved successfully
2026-08-02 22:25:20 [http-nio-8080-exec-10] DEBUG c.i.backend.security.JwtService - Claims extracted successfully from JWT token
2026-08-02 22:25:20 [http-nio-8080-exec-10] DEBUG c.i.backend.security.JwtService - Username extracted successfully from JWT: ahmed
2026-08-02 22:25:20 [http-nio-8080-exec-10] DEBUG c.i.b.s.JwtAuthenticationFilter - Username extracted from JWT: ahmed
2026-08-02 22:25:20 [http-nio-8080-exec-10] DEBUG c.i.b.s.JwtAuthenticationFilter - Attempting to authenticate user: ahmed for request: GET /api/tasks
2026-08-02 22:25:20 [http-nio-8080-exec-10] DEBUG c.i.b.s.JwtAuthenticationFilter - User details found for username: ahmed
2026-08-02 22:25:20 [http-nio-8080-exec-10] DEBUG c.i.backend.security.JwtService - Validating JWT token for username: ahmed
2026-08-02 22:25:20 [http-nio-8080-exec-10] DEBUG c.i.backend.security.JwtService - Extracting username from JWT token
2026-08-02 22:25:20 [http-nio-8080-exec-10] DEBUG c.i.backend.security.JwtService - Extracting claim from JWT token
2026-08-02 22:25:20 [http-nio-8080-exec-10] DEBUG c.i.backend.security.JwtService - Retrieving signing key for JWT
2026-08-02 22:25:20 [http-nio-8080-exec-10] DEBUG c.i.backend.security.JwtService - Signing key retrieved successfully
2026-08-02 22:25:20 [http-nio-8080-exec-10] DEBUG c.i.backend.security.JwtService - Claims extracted successfully from JWT token
2026-08-02 22:25:20 [http-nio-8080-exec-10] DEBUG c.i.backend.security.JwtService - Username extracted successfully from JWT: ahmed
2026-08-02 22:25:20 [http-nio-8080-exec-10] DEBUG c.i.backend.security.JwtService - Checking if JWT token is expired
2026-08-02 22:25:20 [http-nio-8080-exec-10] DEBUG c.i.backend.security.JwtService - Extracting expiration date from JWT token
2026-08-02 22:25:20 [http-nio-8080-exec-10] DEBUG c.i.backend.security.JwtService - Extracting claim from JWT token
2026-08-02 22:25:20 [http-nio-8080-exec-10] DEBUG c.i.backend.security.JwtService - Retrieving signing key for JWT
2026-08-02 22:25:20 [http-nio-8080-exec-10] DEBUG c.i.backend.security.JwtService - Signing key retrieved successfully
2026-08-02 22:25:20 [http-nio-8080-exec-10] DEBUG c.i.backend.security.JwtService - Claims extracted successfully from JWT token
2026-08-02 22:25:20 [http-nio-8080-exec-10] DEBUG c.i.backend.security.JwtService - Expiration date extracted: Mon Aug 03 22:24:49 EEST 2026
2026-08-02 22:25:20 [http-nio-8080-exec-10] DEBUG c.i.backend.security.JwtService - Token expiration check - Expiration Date: Mon Aug 03 22:24:49 EEST 2026, Current Date: Sun Aug 02 22:25:20 EEST 2026, Is Expired: false
2026-08-02 22:25:20 [http-nio-8080-exec-10] DEBUG c.i.backend.security.JwtService - Token validation details - Username: ahmed, Username Match: true, Is Expired: false
2026-08-02 22:25:20 [http-nio-8080-exec-10] DEBUG c.i.backend.security.JwtService - JWT token validation successful for username: ahmed
2026-08-02 22:25:20 [http-nio-8080-exec-10] DEBUG c.i.b.s.JwtAuthenticationFilter - JWT token validation successful for user: ahmed
2026-08-02 22:25:20 [http-nio-8080-exec-10] INFO  c.i.b.s.JwtAuthenticationFilter - User authenticated successfully - Username: ahmed, Request: GET /api/tasks
2026-08-02 22:25:20 [http-nio-8080-exec-10] INFO  c.i.b.controller.TaskController - Fetching tasks for user: ahmed - Status filter: null, Priority filter: null
2026-08-02 22:25:20 [http-nio-8080-exec-10] DEBUG c.i.backend.service.TaskService - Fetching tasks for user: ahmed - Status filter: null, Priority filter: null
2026-08-02 22:25:20 [http-nio-8080-exec-10] DEBUG c.i.backend.service.TaskService - Querying all tasks for user: ahmed
2026-08-02 22:25:20 [http-nio-8080-exec-10] INFO  c.i.backend.service.TaskService - Retrieved 1 tasks for user: ahmed
2026-08-02 22:25:20 [http-nio-8080-exec-10] DEBUG c.i.backend.service.TaskService - Converted 1 tasks to response DTOs for user: ahmed
2026-08-02 22:25:20 [http-nio-8080-exec-10] INFO  c.i.b.controller.TaskController - Tasks fetched successfully for user: ahmed - Count: 1 - Duration: 5ms
2026-08-02 22:25:22 [http-nio-8080-exec-6] DEBUG c.i.b.s.JwtAuthenticationFilter - Processing request - Method: GET, Path: /api/tasks
2026-08-02 22:25:22 [http-nio-8080-exec-6] DEBUG c.i.b.s.JwtAuthenticationFilter - JWT token extracted from Authorization header for request: GET /api/tasks
2026-08-02 22:25:22 [http-nio-8080-exec-6] DEBUG c.i.backend.security.JwtService - Extracting username from JWT token
2026-08-02 22:25:22 [http-nio-8080-exec-6] DEBUG c.i.backend.security.JwtService - Extracting claim from JWT token
2026-08-02 22:25:22 [http-nio-8080-exec-6] DEBUG c.i.backend.security.JwtService - Retrieving signing key for JWT
2026-08-02 22:25:22 [http-nio-8080-exec-6] DEBUG c.i.backend.security.JwtService - Signing key retrieved successfully
2026-08-02 22:25:22 [http-nio-8080-exec-6] DEBUG c.i.backend.security.JwtService - Claims extracted successfully from JWT token
2026-08-02 22:25:22 [http-nio-8080-exec-6] DEBUG c.i.backend.security.JwtService - Username extracted successfully from JWT: ahmed
2026-08-02 22:25:22 [http-nio-8080-exec-6] DEBUG c.i.b.s.JwtAuthenticationFilter - Username extracted from JWT: ahmed
2026-08-02 22:25:22 [http-nio-8080-exec-6] DEBUG c.i.b.s.JwtAuthenticationFilter - Attempting to authenticate user: ahmed for request: GET /api/tasks
2026-08-02 22:25:22 [http-nio-8080-exec-6] DEBUG c.i.b.s.JwtAuthenticationFilter - User details found for username: ahmed
2026-08-02 22:25:22 [http-nio-8080-exec-6] DEBUG c.i.backend.security.JwtService - Validating JWT token for username: ahmed
2026-08-02 22:25:22 [http-nio-8080-exec-6] DEBUG c.i.backend.security.JwtService - Extracting username from JWT token
2026-08-02 22:25:22 [http-nio-8080-exec-6] DEBUG c.i.backend.security.JwtService - Extracting claim from JWT token
2026-08-02 22:25:22 [http-nio-8080-exec-6] DEBUG c.i.backend.security.JwtService - Retrieving signing key for JWT
2026-08-02 22:25:22 [http-nio-8080-exec-6] DEBUG c.i.backend.security.JwtService - Signing key retrieved successfully
2026-08-02 22:25:22 [http-nio-8080-exec-6] DEBUG c.i.backend.security.JwtService - Claims extracted successfully from JWT token
2026-08-02 22:25:22 [http-nio-8080-exec-6] DEBUG c.i.backend.security.JwtService - Username extracted successfully from JWT: ahmed
2026-08-02 22:25:22 [http-nio-8080-exec-6] DEBUG c.i.backend.security.JwtService - Checking if JWT token is expired
2026-08-02 22:25:22 [http-nio-8080-exec-6] DEBUG c.i.backend.security.JwtService - Extracting expiration date from JWT token
2026-08-02 22:25:22 [http-nio-8080-exec-6] DEBUG c.i.backend.security.JwtService - Extracting claim from JWT token
2026-08-02 22:25:22 [http-nio-8080-exec-6] DEBUG c.i.backend.security.JwtService - Retrieving signing key for JWT
2026-08-02 22:25:22 [http-nio-8080-exec-6] DEBUG c.i.backend.security.JwtService - Signing key retrieved successfully
2026-08-02 22:25:22 [http-nio-8080-exec-6] DEBUG c.i.backend.security.JwtService - Claims extracted successfully from JWT token
2026-08-02 22:25:22 [http-nio-8080-exec-6] DEBUG c.i.backend.security.JwtService - Expiration date extracted: Mon Aug 03 22:24:49 EEST 2026
2026-08-02 22:25:22 [http-nio-8080-exec-6] DEBUG c.i.backend.security.JwtService - Token expiration check - Expiration Date: Mon Aug 03 22:24:49 EEST 2026, Current Date: Sun Aug 02 22:25:22 EEST 2026, Is Expired: false
2026-08-02 22:25:22 [http-nio-8080-exec-6] DEBUG c.i.backend.security.JwtService - Token validation details - Username: ahmed, Username Match: true, Is Expired: false
2026-08-02 22:25:22 [http-nio-8080-exec-6] DEBUG c.i.backend.security.JwtService - JWT token validation successful for username: ahmed
2026-08-02 22:25:22 [http-nio-8080-exec-6] DEBUG c.i.b.s.JwtAuthenticationFilter - JWT token validation successful for user: ahmed
2026-08-02 22:25:22 [http-nio-8080-exec-6] INFO  c.i.b.s.JwtAuthenticationFilter - User authenticated successfully - Username: ahmed, Request: GET /api/tasks
2026-08-02 22:25:22 [http-nio-8080-exec-6] INFO  c.i.b.controller.TaskController - Fetching tasks for user: ahmed - Status filter: null, Priority filter: LOW
2026-08-02 22:25:22 [http-nio-8080-exec-6] DEBUG c.i.backend.service.TaskService - Fetching tasks for user: ahmed - Status filter: null, Priority filter: LOW
2026-08-02 22:25:22 [http-nio-8080-exec-6] DEBUG c.i.backend.service.TaskService - Querying tasks with priority filter for user: ahmed
2026-08-02 22:25:22 [http-nio-8080-exec-6] INFO  c.i.backend.service.TaskService - Retrieved 0 tasks for user: ahmed
2026-08-02 22:25:22 [http-nio-8080-exec-6] DEBUG c.i.backend.service.TaskService - Converted 0 tasks to response DTOs for user: ahmed
2026-08-02 22:25:22 [http-nio-8080-exec-6] INFO  c.i.b.controller.TaskController - Tasks fetched successfully for user: ahmed - Count: 0 - Duration: 9ms
2026-08-02 22:25:23 [http-nio-8080-exec-9] DEBUG c.i.b.s.JwtAuthenticationFilter - Processing request - Method: GET, Path: /api/tasks
2026-08-02 22:25:23 [http-nio-8080-exec-9] DEBUG c.i.b.s.JwtAuthenticationFilter - JWT token extracted from Authorization header for request: GET /api/tasks
2026-08-02 22:25:23 [http-nio-8080-exec-9] DEBUG c.i.backend.security.JwtService - Extracting username from JWT token
2026-08-02 22:25:23 [http-nio-8080-exec-9] DEBUG c.i.backend.security.JwtService - Extracting claim from JWT token
2026-08-02 22:25:23 [http-nio-8080-exec-9] DEBUG c.i.backend.security.JwtService - Retrieving signing key for JWT
2026-08-02 22:25:23 [http-nio-8080-exec-9] DEBUG c.i.backend.security.JwtService - Signing key retrieved successfully
2026-08-02 22:25:23 [http-nio-8080-exec-9] DEBUG c.i.backend.security.JwtService - Claims extracted successfully from JWT token
2026-08-02 22:25:23 [http-nio-8080-exec-9] DEBUG c.i.backend.security.JwtService - Username extracted successfully from JWT: ahmed
2026-08-02 22:25:23 [http-nio-8080-exec-9] DEBUG c.i.b.s.JwtAuthenticationFilter - Username extracted from JWT: ahmed
2026-08-02 22:25:23 [http-nio-8080-exec-9] DEBUG c.i.b.s.JwtAuthenticationFilter - Attempting to authenticate user: ahmed for request: GET /api/tasks
2026-08-02 22:25:23 [http-nio-8080-exec-9] DEBUG c.i.b.s.JwtAuthenticationFilter - User details found for username: ahmed
2026-08-02 22:25:23 [http-nio-8080-exec-9] DEBUG c.i.backend.security.JwtService - Validating JWT token for username: ahmed
2026-08-02 22:25:23 [http-nio-8080-exec-9] DEBUG c.i.backend.security.JwtService - Extracting username from JWT token
2026-08-02 22:25:23 [http-nio-8080-exec-9] DEBUG c.i.backend.security.JwtService - Extracting claim from JWT token
2026-08-02 22:25:23 [http-nio-8080-exec-9] DEBUG c.i.backend.security.JwtService - Retrieving signing key for JWT
2026-08-02 22:25:23 [http-nio-8080-exec-9] DEBUG c.i.backend.security.JwtService - Signing key retrieved successfully
2026-08-02 22:25:23 [http-nio-8080-exec-9] DEBUG c.i.backend.security.JwtService - Claims extracted successfully from JWT token
2026-08-02 22:25:23 [http-nio-8080-exec-9] DEBUG c.i.backend.security.JwtService - Username extracted successfully from JWT: ahmed
2026-08-02 22:25:23 [http-nio-8080-exec-9] DEBUG c.i.backend.security.JwtService - Checking if JWT token is expired
2026-08-02 22:25:23 [http-nio-8080-exec-9] DEBUG c.i.backend.security.JwtService - Extracting expiration date from JWT token
2026-08-02 22:25:23 [http-nio-8080-exec-9] DEBUG c.i.backend.security.JwtService - Extracting claim from JWT token
2026-08-02 22:25:23 [http-nio-8080-exec-9] DEBUG c.i.backend.security.JwtService - Retrieving signing key for JWT
2026-08-02 22:25:23 [http-nio-8080-exec-9] DEBUG c.i.backend.security.JwtService - Signing key retrieved successfully
2026-08-02 22:25:23 [http-nio-8080-exec-9] DEBUG c.i.backend.security.JwtService - Claims extracted successfully from JWT token
2026-08-02 22:25:23 [http-nio-8080-exec-9] DEBUG c.i.backend.security.JwtService - Expiration date extracted: Mon Aug 03 22:24:49 EEST 2026
2026-08-02 22:25:23 [http-nio-8080-exec-9] DEBUG c.i.backend.security.JwtService - Token expiration check - Expiration Date: Mon Aug 03 22:24:49 EEST 2026, Current Date: Sun Aug 02 22:25:23 EEST 2026, Is Expired: false
2026-08-02 22:25:23 [http-nio-8080-exec-9] DEBUG c.i.backend.security.JwtService - Token validation details - Username: ahmed, Username Match: true, Is Expired: false
2026-08-02 22:25:23 [http-nio-8080-exec-9] DEBUG c.i.backend.security.JwtService - JWT token validation successful for username: ahmed
2026-08-02 22:25:23 [http-nio-8080-exec-9] DEBUG c.i.b.s.JwtAuthenticationFilter - JWT token validation successful for user: ahmed
2026-08-02 22:25:23 [http-nio-8080-exec-9] INFO  c.i.b.s.JwtAuthenticationFilter - User authenticated successfully - Username: ahmed, Request: GET /api/tasks
2026-08-02 22:25:23 [http-nio-8080-exec-9] INFO  c.i.b.controller.TaskController - Fetching tasks for user: ahmed - Status filter: null, Priority filter: MEDIUM
2026-08-02 22:25:23 [http-nio-8080-exec-9] DEBUG c.i.backend.service.TaskService - Fetching tasks for user: ahmed - Status filter: null, Priority filter: MEDIUM
2026-08-02 22:25:23 [http-nio-8080-exec-9] DEBUG c.i.backend.service.TaskService - Querying tasks with priority filter for user: ahmed
2026-08-02 22:25:23 [http-nio-8080-exec-9] INFO  c.i.backend.service.TaskService - Retrieved 0 tasks for user: ahmed
2026-08-02 22:25:23 [http-nio-8080-exec-9] DEBUG c.i.backend.service.TaskService - Converted 0 tasks to response DTOs for user: ahmed
2026-08-02 22:25:23 [http-nio-8080-exec-9] INFO  c.i.b.controller.TaskController - Tasks fetched successfully for user: ahmed - Count: 0 - Duration: 4ms
2026-08-02 22:25:24 [http-nio-8080-exec-8] DEBUG c.i.b.s.JwtAuthenticationFilter - Processing request - Method: GET, Path: /api/tasks
2026-08-02 22:25:24 [http-nio-8080-exec-8] DEBUG c.i.b.s.JwtAuthenticationFilter - JWT token extracted from Authorization header for request: GET /api/tasks
2026-08-02 22:25:24 [http-nio-8080-exec-8] DEBUG c.i.backend.security.JwtService - Extracting username from JWT token
2026-08-02 22:25:24 [http-nio-8080-exec-8] DEBUG c.i.backend.security.JwtService - Extracting claim from JWT token
2026-08-02 22:25:24 [http-nio-8080-exec-8] DEBUG c.i.backend.security.JwtService - Retrieving signing key for JWT
2026-08-02 22:25:24 [http-nio-8080-exec-8] DEBUG c.i.backend.security.JwtService - Signing key retrieved successfully
2026-08-02 22:25:24 [http-nio-8080-exec-8] DEBUG c.i.backend.security.JwtService - Claims extracted successfully from JWT token
2026-08-02 22:25:24 [http-nio-8080-exec-8] DEBUG c.i.backend.security.JwtService - Username extracted successfully from JWT: ahmed
2026-08-02 22:25:24 [http-nio-8080-exec-8] DEBUG c.i.b.s.JwtAuthenticationFilter - Username extracted from JWT: ahmed
2026-08-02 22:25:24 [http-nio-8080-exec-8] DEBUG c.i.b.s.JwtAuthenticationFilter - Attempting to authenticate user: ahmed for request: GET /api/tasks
2026-08-02 22:25:24 [http-nio-8080-exec-8] DEBUG c.i.b.s.JwtAuthenticationFilter - User details found for username: ahmed
2026-08-02 22:25:24 [http-nio-8080-exec-8] DEBUG c.i.backend.security.JwtService - Validating JWT token for username: ahmed
2026-08-02 22:25:24 [http-nio-8080-exec-8] DEBUG c.i.backend.security.JwtService - Extracting username from JWT token
2026-08-02 22:25:24 [http-nio-8080-exec-8] DEBUG c.i.backend.security.JwtService - Extracting claim from JWT token
2026-08-02 22:25:24 [http-nio-8080-exec-8] DEBUG c.i.backend.security.JwtService - Retrieving signing key for JWT
2026-08-02 22:25:24 [http-nio-8080-exec-8] DEBUG c.i.backend.security.JwtService - Signing key retrieved successfully
2026-08-02 22:25:24 [http-nio-8080-exec-8] DEBUG c.i.backend.security.JwtService - Claims extracted successfully from JWT token
2026-08-02 22:25:24 [http-nio-8080-exec-8] DEBUG c.i.backend.security.JwtService - Username extracted successfully from JWT: ahmed
2026-08-02 22:25:24 [http-nio-8080-exec-8] DEBUG c.i.backend.security.JwtService - Checking if JWT token is expired
2026-08-02 22:25:24 [http-nio-8080-exec-8] DEBUG c.i.backend.security.JwtService - Extracting expiration date from JWT token
2026-08-02 22:25:24 [http-nio-8080-exec-8] DEBUG c.i.backend.security.JwtService - Extracting claim from JWT token
2026-08-02 22:25:24 [http-nio-8080-exec-8] DEBUG c.i.backend.security.JwtService - Retrieving signing key for JWT
2026-08-02 22:25:24 [http-nio-8080-exec-8] DEBUG c.i.backend.security.JwtService - Signing key retrieved successfully
2026-08-02 22:25:24 [http-nio-8080-exec-8] DEBUG c.i.backend.security.JwtService - Claims extracted successfully from JWT token
2026-08-02 22:25:24 [http-nio-8080-exec-8] DEBUG c.i.backend.security.JwtService - Expiration date extracted: Mon Aug 03 22:24:49 EEST 2026
2026-08-02 22:25:24 [http-nio-8080-exec-8] DEBUG c.i.backend.security.JwtService - Token expiration check - Expiration Date: Mon Aug 03 22:24:49 EEST 2026, Current Date: Sun Aug 02 22:25:24 EEST 2026, Is Expired: false
2026-08-02 22:25:24 [http-nio-8080-exec-8] DEBUG c.i.backend.security.JwtService - Token validation details - Username: ahmed, Username Match: true, Is Expired: false
2026-08-02 22:25:24 [http-nio-8080-exec-8] DEBUG c.i.backend.security.JwtService - JWT token validation successful for username: ahmed
2026-08-02 22:25:24 [http-nio-8080-exec-8] DEBUG c.i.b.s.JwtAuthenticationFilter - JWT token validation successful for user: ahmed
2026-08-02 22:25:24 [http-nio-8080-exec-8] INFO  c.i.b.s.JwtAuthenticationFilter - User authenticated successfully - Username: ahmed, Request: GET /api/tasks
2026-08-02 22:25:24 [http-nio-8080-exec-8] INFO  c.i.b.controller.TaskController - Fetching tasks for user: ahmed - Status filter: null, Priority filter: HIGH
2026-08-02 22:25:24 [http-nio-8080-exec-8] DEBUG c.i.backend.service.TaskService - Fetching tasks for user: ahmed - Status filter: null, Priority filter: HIGH
2026-08-02 22:25:24 [http-nio-8080-exec-8] DEBUG c.i.backend.service.TaskService - Querying tasks with priority filter for user: ahmed
2026-08-02 22:25:24 [http-nio-8080-exec-8] INFO  c.i.backend.service.TaskService - Retrieved 1 tasks for user: ahmed
2026-08-02 22:25:24 [http-nio-8080-exec-8] DEBUG c.i.backend.service.TaskService - Converted 1 tasks to response DTOs for user: ahmed
2026-08-02 22:25:24 [http-nio-8080-exec-8] INFO  c.i.b.controller.TaskController - Tasks fetched successfully for user: ahmed - Count: 1 - Duration: 4ms
2026-08-02 22:25:26 [http-nio-8080-exec-3] DEBUG c.i.b.s.JwtAuthenticationFilter - Processing request - Method: GET, Path: /api/tasks
2026-08-02 22:25:26 [http-nio-8080-exec-3] DEBUG c.i.b.s.JwtAuthenticationFilter - JWT token extracted from Authorization header for request: GET /api/tasks
2026-08-02 22:25:26 [http-nio-8080-exec-3] DEBUG c.i.backend.security.JwtService - Extracting username from JWT token
2026-08-02 22:25:26 [http-nio-8080-exec-3] DEBUG c.i.backend.security.JwtService - Extracting claim from JWT token
2026-08-02 22:25:26 [http-nio-8080-exec-3] DEBUG c.i.backend.security.JwtService - Retrieving signing key for JWT
2026-08-02 22:25:26 [http-nio-8080-exec-3] DEBUG c.i.backend.security.JwtService - Signing key retrieved successfully
2026-08-02 22:25:26 [http-nio-8080-exec-3] DEBUG c.i.backend.security.JwtService - Claims extracted successfully from JWT token
2026-08-02 22:25:26 [http-nio-8080-exec-3] DEBUG c.i.backend.security.JwtService - Username extracted successfully from JWT: ahmed
2026-08-02 22:25:26 [http-nio-8080-exec-3] DEBUG c.i.b.s.JwtAuthenticationFilter - Username extracted from JWT: ahmed
2026-08-02 22:25:26 [http-nio-8080-exec-3] DEBUG c.i.b.s.JwtAuthenticationFilter - Attempting to authenticate user: ahmed for request: GET /api/tasks
2026-08-02 22:25:26 [http-nio-8080-exec-3] DEBUG c.i.b.s.JwtAuthenticationFilter - User details found for username: ahmed
2026-08-02 22:25:26 [http-nio-8080-exec-3] DEBUG c.i.backend.security.JwtService - Validating JWT token for username: ahmed
2026-08-02 22:25:26 [http-nio-8080-exec-3] DEBUG c.i.backend.security.JwtService - Extracting username from JWT token
2026-08-02 22:25:26 [http-nio-8080-exec-3] DEBUG c.i.backend.security.JwtService - Extracting claim from JWT token
2026-08-02 22:25:26 [http-nio-8080-exec-3] DEBUG c.i.backend.security.JwtService - Retrieving signing key for JWT
2026-08-02 22:25:26 [http-nio-8080-exec-3] DEBUG c.i.backend.security.JwtService - Signing key retrieved successfully
2026-08-02 22:25:26 [http-nio-8080-exec-3] DEBUG c.i.backend.security.JwtService - Claims extracted successfully from JWT token
2026-08-02 22:25:26 [http-nio-8080-exec-3] DEBUG c.i.backend.security.JwtService - Username extracted successfully from JWT: ahmed
2026-08-02 22:25:26 [http-nio-8080-exec-3] DEBUG c.i.backend.security.JwtService - Checking if JWT token is expired
2026-08-02 22:25:26 [http-nio-8080-exec-3] DEBUG c.i.backend.security.JwtService - Extracting expiration date from JWT token
2026-08-02 22:25:26 [http-nio-8080-exec-3] DEBUG c.i.backend.security.JwtService - Extracting claim from JWT token
2026-08-02 22:25:26 [http-nio-8080-exec-3] DEBUG c.i.backend.security.JwtService - Retrieving signing key for JWT
2026-08-02 22:25:26 [http-nio-8080-exec-3] DEBUG c.i.backend.security.JwtService - Signing key retrieved successfully
2026-08-02 22:25:26 [http-nio-8080-exec-3] DEBUG c.i.backend.security.JwtService - Claims extracted successfully from JWT token
2026-08-02 22:25:26 [http-nio-8080-exec-3] DEBUG c.i.backend.security.JwtService - Expiration date extracted: Mon Aug 03 22:24:49 EEST 2026
2026-08-02 22:25:26 [http-nio-8080-exec-3] DEBUG c.i.backend.security.JwtService - Token expiration check - Expiration Date: Mon Aug 03 22:24:49 EEST 2026, Current Date: Sun Aug 02 22:25:26 EEST 2026, Is Expired: false
2026-08-02 22:25:26 [http-nio-8080-exec-3] DEBUG c.i.backend.security.JwtService - Token validation details - Username: ahmed, Username Match: true, Is Expired: false
2026-08-02 22:25:26 [http-nio-8080-exec-3] DEBUG c.i.backend.security.JwtService - JWT token validation successful for username: ahmed
2026-08-02 22:25:26 [http-nio-8080-exec-3] DEBUG c.i.b.s.JwtAuthenticationFilter - JWT token validation successful for user: ahmed
2026-08-02 22:25:26 [http-nio-8080-exec-3] INFO  c.i.b.s.JwtAuthenticationFilter - User authenticated successfully - Username: ahmed, Request: GET /api/tasks
2026-08-02 22:25:26 [http-nio-8080-exec-3] INFO  c.i.b.controller.TaskController - Fetching tasks for user: ahmed - Status filter: null, Priority filter: MEDIUM
2026-08-02 22:25:26 [http-nio-8080-exec-3] DEBUG c.i.backend.service.TaskService - Fetching tasks for user: ahmed - Status filter: null, Priority filter: MEDIUM
2026-08-02 22:25:26 [http-nio-8080-exec-3] DEBUG c.i.backend.service.TaskService - Querying tasks with priority filter for user: ahmed
2026-08-02 22:25:26 [http-nio-8080-exec-3] INFO  c.i.backend.service.TaskService - Retrieved 0 tasks for user: ahmed
2026-08-02 22:25:26 [http-nio-8080-exec-3] DEBUG c.i.backend.service.TaskService - Converted 0 tasks to response DTOs for user: ahmed
2026-08-02 22:25:26 [http-nio-8080-exec-3] INFO  c.i.b.controller.TaskController - Tasks fetched successfully for user: ahmed - Count: 0 - Duration: 5ms
2026-08-02 22:25:27 [http-nio-8080-exec-1] DEBUG c.i.b.s.JwtAuthenticationFilter - Processing request - Method: GET, Path: /api/tasks
2026-08-02 22:25:27 [http-nio-8080-exec-1] DEBUG c.i.b.s.JwtAuthenticationFilter - JWT token extracted from Authorization header for request: GET /api/tasks
2026-08-02 22:25:27 [http-nio-8080-exec-1] DEBUG c.i.backend.security.JwtService - Extracting username from JWT token
2026-08-02 22:25:27 [http-nio-8080-exec-1] DEBUG c.i.backend.security.JwtService - Extracting claim from JWT token
2026-08-02 22:25:27 [http-nio-8080-exec-1] DEBUG c.i.backend.security.JwtService - Retrieving signing key for JWT
2026-08-02 22:25:27 [http-nio-8080-exec-1] DEBUG c.i.backend.security.JwtService - Signing key retrieved successfully
2026-08-02 22:25:27 [http-nio-8080-exec-1] DEBUG c.i.backend.security.JwtService - Claims extracted successfully from JWT token
2026-08-02 22:25:27 [http-nio-8080-exec-1] DEBUG c.i.backend.security.JwtService - Username extracted successfully from JWT: ahmed
2026-08-02 22:25:27 [http-nio-8080-exec-1] DEBUG c.i.b.s.JwtAuthenticationFilter - Username extracted from JWT: ahmed
2026-08-02 22:25:27 [http-nio-8080-exec-1] DEBUG c.i.b.s.JwtAuthenticationFilter - Attempting to authenticate user: ahmed for request: GET /api/tasks
2026-08-02 22:25:27 [http-nio-8080-exec-1] DEBUG c.i.b.s.JwtAuthenticationFilter - User details found for username: ahmed
2026-08-02 22:25:27 [http-nio-8080-exec-1] DEBUG c.i.backend.security.JwtService - Validating JWT token for username: ahmed
2026-08-02 22:25:27 [http-nio-8080-exec-1] DEBUG c.i.backend.security.JwtService - Extracting username from JWT token
2026-08-02 22:25:27 [http-nio-8080-exec-1] DEBUG c.i.backend.security.JwtService - Extracting claim from JWT token
2026-08-02 22:25:27 [http-nio-8080-exec-1] DEBUG c.i.backend.security.JwtService - Retrieving signing key for JWT
2026-08-02 22:25:27 [http-nio-8080-exec-1] DEBUG c.i.backend.security.JwtService - Signing key retrieved successfully
2026-08-02 22:25:27 [http-nio-8080-exec-1] DEBUG c.i.backend.security.JwtService - Claims extracted successfully from JWT token
2026-08-02 22:25:27 [http-nio-8080-exec-1] DEBUG c.i.backend.security.JwtService - Username extracted successfully from JWT: ahmed
2026-08-02 22:25:27 [http-nio-8080-exec-1] DEBUG c.i.backend.security.JwtService - Checking if JWT token is expired
2026-08-02 22:25:27 [http-nio-8080-exec-1] DEBUG c.i.backend.security.JwtService - Extracting expiration date from JWT token
2026-08-02 22:25:27 [http-nio-8080-exec-1] DEBUG c.i.backend.security.JwtService - Extracting claim from JWT token
2026-08-02 22:25:27 [http-nio-8080-exec-1] DEBUG c.i.backend.security.JwtService - Retrieving signing key for JWT
2026-08-02 22:25:27 [http-nio-8080-exec-1] DEBUG c.i.backend.security.JwtService - Signing key retrieved successfully
2026-08-02 22:25:27 [http-nio-8080-exec-1] DEBUG c.i.backend.security.JwtService - Claims extracted successfully from JWT token
2026-08-02 22:25:27 [http-nio-8080-exec-1] DEBUG c.i.backend.security.JwtService - Expiration date extracted: Mon Aug 03 22:24:49 EEST 2026
2026-08-02 22:25:27 [http-nio-8080-exec-1] DEBUG c.i.backend.security.JwtService - Token expiration check - Expiration Date: Mon Aug 03 22:24:49 EEST 2026, Current Date: Sun Aug 02 22:25:27 EEST 2026, Is Expired: false
2026-08-02 22:25:27 [http-nio-8080-exec-1] DEBUG c.i.backend.security.JwtService - Token validation details - Username: ahmed, Username Match: true, Is Expired: false
2026-08-02 22:25:27 [http-nio-8080-exec-1] DEBUG c.i.backend.security.JwtService - JWT token validation successful for username: ahmed
2026-08-02 22:25:27 [http-nio-8080-exec-1] DEBUG c.i.b.s.JwtAuthenticationFilter - JWT token validation successful for user: ahmed
2026-08-02 22:25:27 [http-nio-8080-exec-1] INFO  c.i.b.s.JwtAuthenticationFilter - User authenticated successfully - Username: ahmed, Request: GET /api/tasks
2026-08-02 22:25:27 [http-nio-8080-exec-1] INFO  c.i.b.controller.TaskController - Fetching tasks for user: ahmed - Status filter: null, Priority filter: null
2026-08-02 22:25:27 [http-nio-8080-exec-1] DEBUG c.i.backend.service.TaskService - Fetching tasks for user: ahmed - Status filter: null, Priority filter: null
2026-08-02 22:25:27 [http-nio-8080-exec-1] DEBUG c.i.backend.service.TaskService - Querying all tasks for user: ahmed
2026-08-02 22:25:27 [http-nio-8080-exec-1] INFO  c.i.backend.service.TaskService - Retrieved 1 tasks for user: ahmed
2026-08-02 22:25:27 [http-nio-8080-exec-1] DEBUG c.i.backend.service.TaskService - Converted 1 tasks to response DTOs for user: ahmed
2026-08-02 22:25:27 [http-nio-8080-exec-1] INFO  c.i.b.controller.TaskController - Tasks fetched successfully for user: ahmed - Count: 1 - Duration: 5ms
2026-08-02 22:25:30 [http-nio-8080-exec-10] DEBUG c.i.b.s.JwtAuthenticationFilter - Processing request - Method: GET, Path: /api/tasks/1
2026-08-02 22:25:30 [http-nio-8080-exec-10] DEBUG c.i.b.s.JwtAuthenticationFilter - JWT token extracted from Authorization header for request: GET /api/tasks/1
2026-08-02 22:25:30 [http-nio-8080-exec-10] DEBUG c.i.backend.security.JwtService - Extracting username from JWT token
2026-08-02 22:25:30 [http-nio-8080-exec-10] DEBUG c.i.backend.security.JwtService - Extracting claim from JWT token
2026-08-02 22:25:30 [http-nio-8080-exec-10] DEBUG c.i.backend.security.JwtService - Retrieving signing key for JWT
2026-08-02 22:25:30 [http-nio-8080-exec-10] DEBUG c.i.backend.security.JwtService - Signing key retrieved successfully
2026-08-02 22:25:30 [http-nio-8080-exec-10] DEBUG c.i.backend.security.JwtService - Claims extracted successfully from JWT token
2026-08-02 22:25:30 [http-nio-8080-exec-10] DEBUG c.i.backend.security.JwtService - Username extracted successfully from JWT: ahmed
2026-08-02 22:25:30 [http-nio-8080-exec-10] DEBUG c.i.b.s.JwtAuthenticationFilter - Username extracted from JWT: ahmed
2026-08-02 22:25:30 [http-nio-8080-exec-10] DEBUG c.i.b.s.JwtAuthenticationFilter - Attempting to authenticate user: ahmed for request: GET /api/tasks/1
2026-08-02 22:25:30 [http-nio-8080-exec-10] DEBUG c.i.b.s.JwtAuthenticationFilter - User details found for username: ahmed
2026-08-02 22:25:30 [http-nio-8080-exec-10] DEBUG c.i.backend.security.JwtService - Validating JWT token for username: ahmed
2026-08-02 22:25:30 [http-nio-8080-exec-10] DEBUG c.i.backend.security.JwtService - Extracting username from JWT token
2026-08-02 22:25:30 [http-nio-8080-exec-10] DEBUG c.i.backend.security.JwtService - Extracting claim from JWT token
2026-08-02 22:25:30 [http-nio-8080-exec-10] DEBUG c.i.backend.security.JwtService - Retrieving signing key for JWT
2026-08-02 22:25:30 [http-nio-8080-exec-10] DEBUG c.i.backend.security.JwtService - Signing key retrieved successfully
2026-08-02 22:25:30 [http-nio-8080-exec-10] DEBUG c.i.backend.security.JwtService - Claims extracted successfully from JWT token
2026-08-02 22:25:30 [http-nio-8080-exec-10] DEBUG c.i.backend.security.JwtService - Username extracted successfully from JWT: ahmed
2026-08-02 22:25:30 [http-nio-8080-exec-10] DEBUG c.i.backend.security.JwtService - Checking if JWT token is expired
2026-08-02 22:25:30 [http-nio-8080-exec-10] DEBUG c.i.backend.security.JwtService - Extracting expiration date from JWT token
2026-08-02 22:25:30 [http-nio-8080-exec-10] DEBUG c.i.backend.security.JwtService - Extracting claim from JWT token
2026-08-02 22:25:30 [http-nio-8080-exec-10] DEBUG c.i.backend.security.JwtService - Retrieving signing key for JWT
2026-08-02 22:25:30 [http-nio-8080-exec-10] DEBUG c.i.backend.security.JwtService - Signing key retrieved successfully
2026-08-02 22:25:30 [http-nio-8080-exec-10] DEBUG c.i.backend.security.JwtService - Claims extracted successfully from JWT token
2026-08-02 22:25:30 [http-nio-8080-exec-10] DEBUG c.i.backend.security.JwtService - Expiration date extracted: Mon Aug 03 22:24:49 EEST 2026
2026-08-02 22:25:30 [http-nio-8080-exec-10] DEBUG c.i.backend.security.JwtService - Token expiration check - Expiration Date: Mon Aug 03 22:24:49 EEST 2026, Current Date: Sun Aug 02 22:25:30 EEST 2026, Is Expired: false
2026-08-02 22:25:30 [http-nio-8080-exec-10] DEBUG c.i.backend.security.JwtService - Token validation details - Username: ahmed, Username Match: true, Is Expired: false
2026-08-02 22:25:30 [http-nio-8080-exec-10] DEBUG c.i.backend.security.JwtService - JWT token validation successful for username: ahmed
2026-08-02 22:25:30 [http-nio-8080-exec-10] DEBUG c.i.b.s.JwtAuthenticationFilter - JWT token validation successful for user: ahmed
2026-08-02 22:25:30 [http-nio-8080-exec-10] INFO  c.i.b.s.JwtAuthenticationFilter - User authenticated successfully - Username: ahmed, Request: GET /api/tasks/1
2026-08-02 22:25:30 [http-nio-8080-exec-10] INFO  c.i.b.controller.TaskController - Fetching task ID: 1 for user: ahmed
2026-08-02 22:25:30 [http-nio-8080-exec-10] DEBUG c.i.backend.service.TaskService - Fetching task ID: 1 for user: ahmed
2026-08-02 22:25:30 [http-nio-8080-exec-10] DEBUG c.i.backend.service.TaskService - Validating task access - Task ID: 1, User: ahmed
2026-08-02 22:25:30 [http-nio-8080-exec-10] INFO  c.i.backend.service.TaskService - Task ID: 1 retrieved successfully for user: ahmed
2026-08-02 22:25:30 [http-nio-8080-exec-10] INFO  c.i.b.controller.TaskController - Task ID: 1 fetched successfully for user: ahmed - Duration: 12ms
2026-08-02 22:25:33 [http-nio-8080-exec-6] DEBUG c.i.b.s.JwtAuthenticationFilter - Processing request - Method: PUT, Path: /api/tasks/1
2026-08-02 22:25:33 [http-nio-8080-exec-6] DEBUG c.i.b.s.JwtAuthenticationFilter - JWT token extracted from Authorization header for request: PUT /api/tasks/1
2026-08-02 22:25:33 [http-nio-8080-exec-6] DEBUG c.i.backend.security.JwtService - Extracting username from JWT token
2026-08-02 22:25:33 [http-nio-8080-exec-6] DEBUG c.i.backend.security.JwtService - Extracting claim from JWT token
2026-08-02 22:25:33 [http-nio-8080-exec-6] DEBUG c.i.backend.security.JwtService - Retrieving signing key for JWT
2026-08-02 22:25:33 [http-nio-8080-exec-6] DEBUG c.i.backend.security.JwtService - Signing key retrieved successfully
2026-08-02 22:25:33 [http-nio-8080-exec-6] DEBUG c.i.backend.security.JwtService - Claims extracted successfully from JWT token
2026-08-02 22:25:33 [http-nio-8080-exec-6] DEBUG c.i.backend.security.JwtService - Username extracted successfully from JWT: ahmed
2026-08-02 22:25:33 [http-nio-8080-exec-6] DEBUG c.i.b.s.JwtAuthenticationFilter - Username extracted from JWT: ahmed
2026-08-02 22:25:33 [http-nio-8080-exec-6] DEBUG c.i.b.s.JwtAuthenticationFilter - Attempting to authenticate user: ahmed for request: PUT /api/tasks/1
2026-08-02 22:25:33 [http-nio-8080-exec-6] DEBUG c.i.b.s.JwtAuthenticationFilter - User details found for username: ahmed
2026-08-02 22:25:33 [http-nio-8080-exec-6] DEBUG c.i.backend.security.JwtService - Validating JWT token for username: ahmed
2026-08-02 22:25:33 [http-nio-8080-exec-6] DEBUG c.i.backend.security.JwtService - Extracting username from JWT token
2026-08-02 22:25:33 [http-nio-8080-exec-6] DEBUG c.i.backend.security.JwtService - Extracting claim from JWT token
2026-08-02 22:25:33 [http-nio-8080-exec-6] DEBUG c.i.backend.security.JwtService - Retrieving signing key for JWT
2026-08-02 22:25:33 [http-nio-8080-exec-6] DEBUG c.i.backend.security.JwtService - Signing key retrieved successfully
2026-08-02 22:25:33 [http-nio-8080-exec-6] DEBUG c.i.backend.security.JwtService - Claims extracted successfully from JWT token
2026-08-02 22:25:33 [http-nio-8080-exec-6] DEBUG c.i.backend.security.JwtService - Username extracted successfully from JWT: ahmed
2026-08-02 22:25:33 [http-nio-8080-exec-6] DEBUG c.i.backend.security.JwtService - Checking if JWT token is expired
2026-08-02 22:25:33 [http-nio-8080-exec-6] DEBUG c.i.backend.security.JwtService - Extracting expiration date from JWT token
2026-08-02 22:25:33 [http-nio-8080-exec-6] DEBUG c.i.backend.security.JwtService - Extracting claim from JWT token
2026-08-02 22:25:33 [http-nio-8080-exec-6] DEBUG c.i.backend.security.JwtService - Retrieving signing key for JWT
2026-08-02 22:25:33 [http-nio-8080-exec-6] DEBUG c.i.backend.security.JwtService - Signing key retrieved successfully
2026-08-02 22:25:33 [http-nio-8080-exec-6] DEBUG c.i.backend.security.JwtService - Claims extracted successfully from JWT token
2026-08-02 22:25:33 [http-nio-8080-exec-6] DEBUG c.i.backend.security.JwtService - Expiration date extracted: Mon Aug 03 22:24:49 EEST 2026
2026-08-02 22:25:33 [http-nio-8080-exec-6] DEBUG c.i.backend.security.JwtService - Token expiration check - Expiration Date: Mon Aug 03 22:24:49 EEST 2026, Current Date: Sun Aug 02 22:25:33 EEST 2026, Is Expired: false
2026-08-02 22:25:33 [http-nio-8080-exec-6] DEBUG c.i.backend.security.JwtService - Token validation details - Username: ahmed, Username Match: true, Is Expired: false
2026-08-02 22:25:33 [http-nio-8080-exec-6] DEBUG c.i.backend.security.JwtService - JWT token validation successful for username: ahmed
2026-08-02 22:25:33 [http-nio-8080-exec-6] DEBUG c.i.b.s.JwtAuthenticationFilter - JWT token validation successful for user: ahmed
2026-08-02 22:25:33 [http-nio-8080-exec-6] INFO  c.i.b.s.JwtAuthenticationFilter - User authenticated successfully - Username: ahmed, Request: PUT /api/tasks/1
2026-08-02 22:25:33 [http-nio-8080-exec-6] INFO  c.i.b.controller.TaskController - Updating task ID: 1 for user: ahmed - New title: task 1
2026-08-02 22:25:33 [http-nio-8080-exec-6] DEBUG c.i.backend.service.TaskService - Updating task ID: 1 for user: ahmed - New Title: 'task 1', New Priority: MEDIUM, New Status: IN_PROGRESS
2026-08-02 22:25:33 [http-nio-8080-exec-6] DEBUG c.i.backend.service.TaskService - Validating task access - Task ID: 1, User: ahmed
2026-08-02 22:25:33 [http-nio-8080-exec-6] DEBUG c.i.backend.service.TaskService - Task retrieved for update - ID: 1, Current Title: 'task 1', Current Status: IN_PROGRESS
2026-08-02 22:25:33 [http-nio-8080-exec-6] DEBUG c.i.backend.service.TaskService - Task properties updated - ID: 1, Saving to database
2026-08-02 22:25:33 [http-nio-8080-exec-6] INFO  c.i.backend.service.TaskService - Task ID: 1 updated successfully for user: ahmed
2026-08-02 22:25:33 [http-nio-8080-exec-6] DEBUG c.i.backend.service.TaskService - Task response DTO created for updated task ID: 1
2026-08-02 22:25:33 [http-nio-8080-exec-6] INFO  c.i.b.controller.TaskController - Task ID: 1 updated successfully for user: ahmed - Duration: 53ms
2026-08-02 22:25:33 [http-nio-8080-exec-2] DEBUG c.i.b.s.JwtAuthenticationFilter - Processing request - Method: GET, Path: /api/tasks
2026-08-02 22:25:33 [http-nio-8080-exec-2] DEBUG c.i.b.s.JwtAuthenticationFilter - JWT token extracted from Authorization header for request: GET /api/tasks
2026-08-02 22:25:33 [http-nio-8080-exec-2] DEBUG c.i.backend.security.JwtService - Extracting username from JWT token
2026-08-02 22:25:33 [http-nio-8080-exec-2] DEBUG c.i.backend.security.JwtService - Extracting claim from JWT token
2026-08-02 22:25:33 [http-nio-8080-exec-2] DEBUG c.i.backend.security.JwtService - Retrieving signing key for JWT
2026-08-02 22:25:33 [http-nio-8080-exec-2] DEBUG c.i.backend.security.JwtService - Signing key retrieved successfully
2026-08-02 22:25:33 [http-nio-8080-exec-2] DEBUG c.i.backend.security.JwtService - Claims extracted successfully from JWT token
2026-08-02 22:25:33 [http-nio-8080-exec-2] DEBUG c.i.backend.security.JwtService - Username extracted successfully from JWT: ahmed
2026-08-02 22:25:33 [http-nio-8080-exec-2] DEBUG c.i.b.s.JwtAuthenticationFilter - Username extracted from JWT: ahmed
2026-08-02 22:25:33 [http-nio-8080-exec-2] DEBUG c.i.b.s.JwtAuthenticationFilter - Attempting to authenticate user: ahmed for request: GET /api/tasks
2026-08-02 22:25:33 [http-nio-8080-exec-2] DEBUG c.i.b.s.JwtAuthenticationFilter - User details found for username: ahmed
2026-08-02 22:25:33 [http-nio-8080-exec-2] DEBUG c.i.backend.security.JwtService - Validating JWT token for username: ahmed
2026-08-02 22:25:33 [http-nio-8080-exec-2] DEBUG c.i.backend.security.JwtService - Extracting username from JWT token
2026-08-02 22:25:33 [http-nio-8080-exec-2] DEBUG c.i.backend.security.JwtService - Extracting claim from JWT token
2026-08-02 22:25:33 [http-nio-8080-exec-2] DEBUG c.i.backend.security.JwtService - Retrieving signing key for JWT
2026-08-02 22:25:33 [http-nio-8080-exec-2] DEBUG c.i.backend.security.JwtService - Signing key retrieved successfully
2026-08-02 22:25:33 [http-nio-8080-exec-2] DEBUG c.i.backend.security.JwtService - Claims extracted successfully from JWT token
2026-08-02 22:25:33 [http-nio-8080-exec-2] DEBUG c.i.backend.security.JwtService - Username extracted successfully from JWT: ahmed
2026-08-02 22:25:33 [http-nio-8080-exec-2] DEBUG c.i.backend.security.JwtService - Checking if JWT token is expired
2026-08-02 22:25:33 [http-nio-8080-exec-2] DEBUG c.i.backend.security.JwtService - Extracting expiration date from JWT token
2026-08-02 22:25:33 [http-nio-8080-exec-2] DEBUG c.i.backend.security.JwtService - Extracting claim from JWT token
2026-08-02 22:25:33 [http-nio-8080-exec-2] DEBUG c.i.backend.security.JwtService - Retrieving signing key for JWT
2026-08-02 22:25:33 [http-nio-8080-exec-2] DEBUG c.i.backend.security.JwtService - Signing key retrieved successfully
2026-08-02 22:25:33 [http-nio-8080-exec-2] DEBUG c.i.backend.security.JwtService - Claims extracted successfully from JWT token
2026-08-02 22:25:33 [http-nio-8080-exec-2] DEBUG c.i.backend.security.JwtService - Expiration date extracted: Mon Aug 03 22:24:49 EEST 2026
2026-08-02 22:25:33 [http-nio-8080-exec-2] DEBUG c.i.backend.security.JwtService - Token expiration check - Expiration Date: Mon Aug 03 22:24:49 EEST 2026, Current Date: Sun Aug 02 22:25:33 EEST 2026, Is Expired: false
2026-08-02 22:25:33 [http-nio-8080-exec-2] DEBUG c.i.backend.security.JwtService - Token validation details - Username: ahmed, Username Match: true, Is Expired: false
2026-08-02 22:25:33 [http-nio-8080-exec-2] DEBUG c.i.backend.security.JwtService - JWT token validation successful for username: ahmed
2026-08-02 22:25:33 [http-nio-8080-exec-2] DEBUG c.i.b.s.JwtAuthenticationFilter - JWT token validation successful for user: ahmed
2026-08-02 22:25:33 [http-nio-8080-exec-2] INFO  c.i.b.s.JwtAuthenticationFilter - User authenticated successfully - Username: ahmed, Request: GET /api/tasks
2026-08-02 22:25:33 [http-nio-8080-exec-2] INFO  c.i.b.controller.TaskController - Fetching tasks for user: ahmed - Status filter: null, Priority filter: null
2026-08-02 22:25:33 [http-nio-8080-exec-2] DEBUG c.i.backend.service.TaskService - Fetching tasks for user: ahmed - Status filter: null, Priority filter: null
2026-08-02 22:25:33 [http-nio-8080-exec-2] DEBUG c.i.backend.service.TaskService - Querying all tasks for user: ahmed
2026-08-02 22:25:33 [http-nio-8080-exec-2] INFO  c.i.backend.service.TaskService - Retrieved 1 tasks for user: ahmed
2026-08-02 22:25:33 [http-nio-8080-exec-2] DEBUG c.i.backend.service.TaskService - Converted 1 tasks to response DTOs for user: ahmed
2026-08-02 22:25:33 [http-nio-8080-exec-2] INFO  c.i.b.controller.TaskController - Tasks fetched successfully for user: ahmed - Count: 1 - Duration: 6ms
2026-08-02 22:25:36 [http-nio-8080-exec-9] DEBUG c.i.b.s.JwtAuthenticationFilter - Processing request - Method: DELETE, Path: /api/tasks/1
2026-08-02 22:25:36 [http-nio-8080-exec-9] DEBUG c.i.b.s.JwtAuthenticationFilter - JWT token extracted from Authorization header for request: DELETE /api/tasks/1
2026-08-02 22:25:36 [http-nio-8080-exec-9] DEBUG c.i.backend.security.JwtService - Extracting username from JWT token
2026-08-02 22:25:36 [http-nio-8080-exec-9] DEBUG c.i.backend.security.JwtService - Extracting claim from JWT token
2026-08-02 22:25:36 [http-nio-8080-exec-9] DEBUG c.i.backend.security.JwtService - Retrieving signing key for JWT
2026-08-02 22:25:36 [http-nio-8080-exec-9] DEBUG c.i.backend.security.JwtService - Signing key retrieved successfully
2026-08-02 22:25:36 [http-nio-8080-exec-9] DEBUG c.i.backend.security.JwtService - Claims extracted successfully from JWT token
2026-08-02 22:25:36 [http-nio-8080-exec-9] DEBUG c.i.backend.security.JwtService - Username extracted successfully from JWT: ahmed
2026-08-02 22:25:36 [http-nio-8080-exec-9] DEBUG c.i.b.s.JwtAuthenticationFilter - Username extracted from JWT: ahmed
2026-08-02 22:25:36 [http-nio-8080-exec-9] DEBUG c.i.b.s.JwtAuthenticationFilter - Attempting to authenticate user: ahmed for request: DELETE /api/tasks/1
2026-08-02 22:25:36 [http-nio-8080-exec-9] DEBUG c.i.b.s.JwtAuthenticationFilter - User details found for username: ahmed
2026-08-02 22:25:36 [http-nio-8080-exec-9] DEBUG c.i.backend.security.JwtService - Validating JWT token for username: ahmed
2026-08-02 22:25:36 [http-nio-8080-exec-9] DEBUG c.i.backend.security.JwtService - Extracting username from JWT token
2026-08-02 22:25:36 [http-nio-8080-exec-9] DEBUG c.i.backend.security.JwtService - Extracting claim from JWT token
2026-08-02 22:25:36 [http-nio-8080-exec-9] DEBUG c.i.backend.security.JwtService - Retrieving signing key for JWT
2026-08-02 22:25:36 [http-nio-8080-exec-9] DEBUG c.i.backend.security.JwtService - Signing key retrieved successfully
2026-08-02 22:25:36 [http-nio-8080-exec-9] DEBUG c.i.backend.security.JwtService - Claims extracted successfully from JWT token
2026-08-02 22:25:36 [http-nio-8080-exec-9] DEBUG c.i.backend.security.JwtService - Username extracted successfully from JWT: ahmed
2026-08-02 22:25:36 [http-nio-8080-exec-9] DEBUG c.i.backend.security.JwtService - Checking if JWT token is expired
2026-08-02 22:25:36 [http-nio-8080-exec-9] DEBUG c.i.backend.security.JwtService - Extracting expiration date from JWT token
2026-08-02 22:25:36 [http-nio-8080-exec-9] DEBUG c.i.backend.security.JwtService - Extracting claim from JWT token
2026-08-02 22:25:36 [http-nio-8080-exec-9] DEBUG c.i.backend.security.JwtService - Retrieving signing key for JWT
2026-08-02 22:25:36 [http-nio-8080-exec-9] DEBUG c.i.backend.security.JwtService - Signing key retrieved successfully
2026-08-02 22:25:36 [http-nio-8080-exec-9] DEBUG c.i.backend.security.JwtService - Claims extracted successfully from JWT token
2026-08-02 22:25:36 [http-nio-8080-exec-9] DEBUG c.i.backend.security.JwtService - Expiration date extracted: Mon Aug 03 22:24:49 EEST 2026
2026-08-02 22:25:36 [http-nio-8080-exec-9] DEBUG c.i.backend.security.JwtService - Token expiration check - Expiration Date: Mon Aug 03 22:24:49 EEST 2026, Current Date: Sun Aug 02 22:25:36 EEST 2026, Is Expired: false
2026-08-02 22:25:36 [http-nio-8080-exec-9] DEBUG c.i.backend.security.JwtService - Token validation details - Username: ahmed, Username Match: true, Is Expired: false
2026-08-02 22:25:36 [http-nio-8080-exec-9] DEBUG c.i.backend.security.JwtService - JWT token validation successful for username: ahmed
2026-08-02 22:25:36 [http-nio-8080-exec-9] DEBUG c.i.b.s.JwtAuthenticationFilter - JWT token validation successful for user: ahmed
2026-08-02 22:25:36 [http-nio-8080-exec-9] INFO  c.i.b.s.JwtAuthenticationFilter - User authenticated successfully - Username: ahmed, Request: DELETE /api/tasks/1
2026-08-02 22:25:36 [http-nio-8080-exec-9] INFO  c.i.b.controller.TaskController - Deleting task ID: 1 for user: ahmed
2026-08-02 22:25:36 [http-nio-8080-exec-9] DEBUG c.i.backend.service.TaskService - Deleting task ID: 1 for user: ahmed
2026-08-02 22:25:36 [http-nio-8080-exec-9] DEBUG c.i.backend.service.TaskService - Validating task access - Task ID: 1, User: ahmed
2026-08-02 22:25:36 [http-nio-8080-exec-9] DEBUG c.i.backend.service.TaskService - Task retrieved for deletion - ID: 1, Title: 'task 1'
2026-08-02 22:25:36 [http-nio-8080-exec-9] INFO  c.i.backend.service.TaskService - Task ID: 1 deleted successfully for user: ahmed
2026-08-02 22:25:36 [http-nio-8080-exec-9] INFO  c.i.b.controller.TaskController - Task ID: 1 deleted successfully for user: ahmed - Duration: 29ms
2026-08-02 22:25:36 [http-nio-8080-exec-4] DEBUG c.i.b.s.JwtAuthenticationFilter - Processing request - Method: GET, Path: /api/tasks
2026-08-02 22:25:36 [http-nio-8080-exec-4] DEBUG c.i.b.s.JwtAuthenticationFilter - JWT token extracted from Authorization header for request: GET /api/tasks
2026-08-02 22:25:36 [http-nio-8080-exec-4] DEBUG c.i.backend.security.JwtService - Extracting username from JWT token
2026-08-02 22:25:36 [http-nio-8080-exec-4] DEBUG c.i.backend.security.JwtService - Extracting claim from JWT token
2026-08-02 22:25:36 [http-nio-8080-exec-4] DEBUG c.i.backend.security.JwtService - Retrieving signing key for JWT
2026-08-02 22:25:36 [http-nio-8080-exec-4] DEBUG c.i.backend.security.JwtService - Signing key retrieved successfully
2026-08-02 22:25:36 [http-nio-8080-exec-4] DEBUG c.i.backend.security.JwtService - Claims extracted successfully from JWT token
2026-08-02 22:25:36 [http-nio-8080-exec-4] DEBUG c.i.backend.security.JwtService - Username extracted successfully from JWT: ahmed
2026-08-02 22:25:36 [http-nio-8080-exec-4] DEBUG c.i.b.s.JwtAuthenticationFilter - Username extracted from JWT: ahmed
2026-08-02 22:25:36 [http-nio-8080-exec-4] DEBUG c.i.b.s.JwtAuthenticationFilter - Attempting to authenticate user: ahmed for request: GET /api/tasks
2026-08-02 22:25:36 [http-nio-8080-exec-4] DEBUG c.i.b.s.JwtAuthenticationFilter - User details found for username: ahmed
2026-08-02 22:25:36 [http-nio-8080-exec-4] DEBUG c.i.backend.security.JwtService - Validating JWT token for username: ahmed
2026-08-02 22:25:36 [http-nio-8080-exec-4] DEBUG c.i.backend.security.JwtService - Extracting username from JWT token
2026-08-02 22:25:36 [http-nio-8080-exec-4] DEBUG c.i.backend.security.JwtService - Extracting claim from JWT token
2026-08-02 22:25:36 [http-nio-8080-exec-4] DEBUG c.i.backend.security.JwtService - Retrieving signing key for JWT
2026-08-02 22:25:36 [http-nio-8080-exec-4] DEBUG c.i.backend.security.JwtService - Signing key retrieved successfully
2026-08-02 22:25:36 [http-nio-8080-exec-4] DEBUG c.i.backend.security.JwtService - Claims extracted successfully from JWT token
2026-08-02 22:25:36 [http-nio-8080-exec-4] DEBUG c.i.backend.security.JwtService - Username extracted successfully from JWT: ahmed
2026-08-02 22:25:36 [http-nio-8080-exec-4] DEBUG c.i.backend.security.JwtService - Checking if JWT token is expired
2026-08-02 22:25:36 [http-nio-8080-exec-4] DEBUG c.i.backend.security.JwtService - Extracting expiration date from JWT token
2026-08-02 22:25:36 [http-nio-8080-exec-4] DEBUG c.i.backend.security.JwtService - Extracting claim from JWT token
2026-08-02 22:25:36 [http-nio-8080-exec-4] DEBUG c.i.backend.security.JwtService - Retrieving signing key for JWT
2026-08-02 22:25:36 [http-nio-8080-exec-4] DEBUG c.i.backend.security.JwtService - Signing key retrieved successfully
2026-08-02 22:25:36 [http-nio-8080-exec-4] DEBUG c.i.backend.security.JwtService - Claims extracted successfully from JWT token
2026-08-02 22:25:36 [http-nio-8080-exec-4] DEBUG c.i.backend.security.JwtService - Expiration date extracted: Mon Aug 03 22:24:49 EEST 2026
2026-08-02 22:25:36 [http-nio-8080-exec-4] DEBUG c.i.backend.security.JwtService - Token expiration check - Expiration Date: Mon Aug 03 22:24:49 EEST 2026, Current Date: Sun Aug 02 22:25:36 EEST 2026, Is Expired: false
2026-08-02 22:25:36 [http-nio-8080-exec-4] DEBUG c.i.backend.security.JwtService - Token validation details - Username: ahmed, Username Match: true, Is Expired: false
2026-08-02 22:25:36 [http-nio-8080-exec-4] DEBUG c.i.backend.security.JwtService - JWT token validation successful for username: ahmed
2026-08-02 22:25:36 [http-nio-8080-exec-4] DEBUG c.i.b.s.JwtAuthenticationFilter - JWT token validation successful for user: ahmed
2026-08-02 22:25:36 [http-nio-8080-exec-4] INFO  c.i.b.s.JwtAuthenticationFilter - User authenticated successfully - Username: ahmed, Request: GET /api/tasks
2026-08-02 22:25:36 [http-nio-8080-exec-4] INFO  c.i.b.controller.TaskController - Fetching tasks for user: ahmed - Status filter: null, Priority filter: null
2026-08-02 22:25:36 [http-nio-8080-exec-4] DEBUG c.i.backend.service.TaskService - Fetching tasks for user: ahmed - Status filter: null, Priority filter: null
2026-08-02 22:25:36 [http-nio-8080-exec-4] DEBUG c.i.backend.service.TaskService - Querying all tasks for user: ahmed
2026-08-02 22:25:36 [http-nio-8080-exec-4] INFO  c.i.backend.service.TaskService - Retrieved 0 tasks for user: ahmed
2026-08-02 22:25:36 [http-nio-8080-exec-4] DEBUG c.i.backend.service.TaskService - Converted 0 tasks to response DTOs for user: ahmed
2026-08-02 22:25:36 [http-nio-8080-exec-4] INFO  c.i.b.controller.TaskController - Tasks fetched successfully for user: ahmed - Count: 0 - Duration: 3ms
2026-08-02 22:25:56 [http-nio-8080-exec-8] DEBUG c.i.b.s.JwtAuthenticationFilter - Processing request - Method: POST, Path: /api/auth/login
2026-08-02 22:25:56 [http-nio-8080-exec-8] DEBUG c.i.b.s.JwtAuthenticationFilter - No valid Authorization header found for request: POST /api/auth/login
2026-08-02 22:25:56 [http-nio-8080-exec-8] INFO  c.i.b.controller.AuthController - Processing login request for username: ahmed
2026-08-02 22:25:56 [http-nio-8080-exec-8] DEBUG c.i.backend.service.AuthService - Starting login process for username: ahmed
2026-08-02 22:25:56 [http-nio-8080-exec-8] DEBUG c.i.backend.service.AuthService - Authenticating credentials for username: ahmed
2026-08-02 22:25:56 [http-nio-8080-exec-8] DEBUG c.i.backend.service.AuthService - Authentication successful for username: ahmed
2026-08-02 22:25:56 [http-nio-8080-exec-8] DEBUG c.i.backend.service.AuthService - Fetching user details from database for username: ahmed
2026-08-02 22:25:56 [http-nio-8080-exec-8] DEBUG c.i.backend.service.AuthService - User details fetched successfully for username: ahmed
2026-08-02 22:25:56 [http-nio-8080-exec-8] DEBUG c.i.backend.service.AuthService - Generating JWT token for login - username: ahmed
2026-08-02 22:25:56 [http-nio-8080-exec-8] DEBUG c.i.backend.security.JwtService - Generating JWT token for username: ahmed
2026-08-02 22:25:56 [http-nio-8080-exec-8] DEBUG c.i.backend.security.JwtService - Retrieving signing key for JWT
2026-08-02 22:25:56 [http-nio-8080-exec-8] DEBUG c.i.backend.security.JwtService - Signing key retrieved successfully
2026-08-02 22:25:56 [http-nio-8080-exec-8] INFO  c.i.backend.security.JwtService - JWT token generated successfully for username: ahmed - Expiration: Mon Aug 03 22:25:56 EEST 2026
2026-08-02 22:25:56 [http-nio-8080-exec-8] DEBUG c.i.backend.security.JwtService - JWT token length: 152 characters
2026-08-02 22:25:56 [http-nio-8080-exec-8] DEBUG c.i.backend.service.AuthService - JWT token generated successfully for login - username: ahmed
2026-08-02 22:25:56 [http-nio-8080-exec-8] INFO  c.i.backend.service.AuthService - Login completed successfully for username: ahmed
2026-08-02 22:25:56 [http-nio-8080-exec-8] INFO  c.i.b.controller.AuthController - Login successful for username: ahmed - Duration: 166ms
2026-08-02 22:25:56 [http-nio-8080-exec-3] DEBUG c.i.b.s.JwtAuthenticationFilter - Processing request - Method: GET, Path: /api/tasks
2026-08-02 22:25:56 [http-nio-8080-exec-3] DEBUG c.i.b.s.JwtAuthenticationFilter - JWT token extracted from Authorization header for request: GET /api/tasks
2026-08-02 22:25:56 [http-nio-8080-exec-3] DEBUG c.i.backend.security.JwtService - Extracting username from JWT token
2026-08-02 22:25:56 [http-nio-8080-exec-3] DEBUG c.i.backend.security.JwtService - Extracting claim from JWT token
2026-08-02 22:25:56 [http-nio-8080-exec-3] DEBUG c.i.backend.security.JwtService - Retrieving signing key for JWT
2026-08-02 22:25:56 [http-nio-8080-exec-3] DEBUG c.i.backend.security.JwtService - Signing key retrieved successfully
2026-08-02 22:25:56 [http-nio-8080-exec-3] DEBUG c.i.backend.security.JwtService - Claims extracted successfully from JWT token
2026-08-02 22:25:56 [http-nio-8080-exec-3] DEBUG c.i.backend.security.JwtService - Username extracted successfully from JWT: ahmed
2026-08-02 22:25:56 [http-nio-8080-exec-3] DEBUG c.i.b.s.JwtAuthenticationFilter - Username extracted from JWT: ahmed
2026-08-02 22:25:56 [http-nio-8080-exec-3] DEBUG c.i.b.s.JwtAuthenticationFilter - Attempting to authenticate user: ahmed for request: GET /api/tasks
2026-08-02 22:25:56 [http-nio-8080-exec-3] DEBUG c.i.b.s.JwtAuthenticationFilter - User details found for username: ahmed
2026-08-02 22:25:56 [http-nio-8080-exec-3] DEBUG c.i.backend.security.JwtService - Validating JWT token for username: ahmed
2026-08-02 22:25:56 [http-nio-8080-exec-3] DEBUG c.i.backend.security.JwtService - Extracting username from JWT token
2026-08-02 22:25:56 [http-nio-8080-exec-3] DEBUG c.i.backend.security.JwtService - Extracting claim from JWT token
2026-08-02 22:25:56 [http-nio-8080-exec-3] DEBUG c.i.backend.security.JwtService - Retrieving signing key for JWT
2026-08-02 22:25:56 [http-nio-8080-exec-3] DEBUG c.i.backend.security.JwtService - Signing key retrieved successfully
2026-08-02 22:25:56 [http-nio-8080-exec-3] DEBUG c.i.backend.security.JwtService - Claims extracted successfully from JWT token
2026-08-02 22:25:56 [http-nio-8080-exec-3] DEBUG c.i.backend.security.JwtService - Username extracted successfully from JWT: ahmed
2026-08-02 22:25:56 [http-nio-8080-exec-3] DEBUG c.i.backend.security.JwtService - Checking if JWT token is expired
2026-08-02 22:25:56 [http-nio-8080-exec-3] DEBUG c.i.backend.security.JwtService - Extracting expiration date from JWT token
2026-08-02 22:25:56 [http-nio-8080-exec-3] DEBUG c.i.backend.security.JwtService - Extracting claim from JWT token
2026-08-02 22:25:56 [http-nio-8080-exec-3] DEBUG c.i.backend.security.JwtService - Retrieving signing key for JWT
2026-08-02 22:25:56 [http-nio-8080-exec-3] DEBUG c.i.backend.security.JwtService - Signing key retrieved successfully
2026-08-02 22:25:56 [http-nio-8080-exec-3] DEBUG c.i.backend.security.JwtService - Claims extracted successfully from JWT token
2026-08-02 22:25:56 [http-nio-8080-exec-3] DEBUG c.i.backend.security.JwtService - Expiration date extracted: Mon Aug 03 22:25:56 EEST 2026
2026-08-02 22:25:56 [http-nio-8080-exec-3] DEBUG c.i.backend.security.JwtService - Token expiration check - Expiration Date: Mon Aug 03 22:25:56 EEST 2026, Current Date: Sun Aug 02 22:25:56 EEST 2026, Is Expired: false
2026-08-02 22:25:56 [http-nio-8080-exec-3] DEBUG c.i.backend.security.JwtService - Token validation details - Username: ahmed, Username Match: true, Is Expired: false
2026-08-02 22:25:56 [http-nio-8080-exec-3] DEBUG c.i.backend.security.JwtService - JWT token validation successful for username: ahmed
2026-08-02 22:25:56 [http-nio-8080-exec-3] DEBUG c.i.b.s.JwtAuthenticationFilter - JWT token validation successful for user: ahmed
2026-08-02 22:25:56 [http-nio-8080-exec-3] INFO  c.i.b.s.JwtAuthenticationFilter - User authenticated successfully - Username: ahmed, Request: GET /api/tasks
2026-08-02 22:25:56 [http-nio-8080-exec-3] INFO  c.i.b.controller.TaskController - Fetching tasks for user: ahmed - Status filter: null, Priority filter: null
2026-08-02 22:25:56 [http-nio-8080-exec-3] DEBUG c.i.backend.service.TaskService - Fetching tasks for user: ahmed - Status filter: null, Priority filter: null
2026-08-02 22:25:56 [http-nio-8080-exec-3] DEBUG c.i.backend.service.TaskService - Querying all tasks for user: ahmed
2026-08-02 22:25:56 [http-nio-8080-exec-3] INFO  c.i.backend.service.TaskService - Retrieved 0 tasks for user: ahmed
2026-08-02 22:25:56 [http-nio-8080-exec-3] DEBUG c.i.backend.service.TaskService - Converted 0 tasks to response DTOs for user: ahmed
2026-08-02 22:25:56 [http-nio-8080-exec-3] INFO  c.i.b.controller.TaskController - Tasks fetched successfully for user: ahmed - Count: 0 - Duration: 6ms
2026-08-02 22:25:58 [http-nio-8080-exec-1] DEBUG c.i.b.s.JwtAuthenticationFilter - Processing request - Method: GET, Path: /api/tasks/null
2026-08-02 22:25:58 [http-nio-8080-exec-1] DEBUG c.i.b.s.JwtAuthenticationFilter - JWT token extracted from Authorization header for request: GET /api/tasks/null
2026-08-02 22:25:58 [http-nio-8080-exec-1] DEBUG c.i.backend.security.JwtService - Extracting username from JWT token
2026-08-02 22:25:58 [http-nio-8080-exec-1] DEBUG c.i.backend.security.JwtService - Extracting claim from JWT token
2026-08-02 22:25:58 [http-nio-8080-exec-1] DEBUG c.i.backend.security.JwtService - Retrieving signing key for JWT
2026-08-02 22:25:58 [http-nio-8080-exec-1] DEBUG c.i.backend.security.JwtService - Signing key retrieved successfully
2026-08-02 22:25:58 [http-nio-8080-exec-1] DEBUG c.i.backend.security.JwtService - Claims extracted successfully from JWT token
2026-08-02 22:25:58 [http-nio-8080-exec-1] DEBUG c.i.backend.security.JwtService - Username extracted successfully from JWT: ahmed
2026-08-02 22:25:58 [http-nio-8080-exec-1] DEBUG c.i.b.s.JwtAuthenticationFilter - Username extracted from JWT: ahmed
2026-08-02 22:25:58 [http-nio-8080-exec-1] DEBUG c.i.b.s.JwtAuthenticationFilter - Attempting to authenticate user: ahmed for request: GET /api/tasks/null
2026-08-02 22:25:58 [http-nio-8080-exec-1] DEBUG c.i.b.s.JwtAuthenticationFilter - User details found for username: ahmed
2026-08-02 22:25:58 [http-nio-8080-exec-1] DEBUG c.i.backend.security.JwtService - Validating JWT token for username: ahmed
2026-08-02 22:25:58 [http-nio-8080-exec-1] DEBUG c.i.backend.security.JwtService - Extracting username from JWT token
2026-08-02 22:25:58 [http-nio-8080-exec-1] DEBUG c.i.backend.security.JwtService - Extracting claim from JWT token
2026-08-02 22:25:58 [http-nio-8080-exec-1] DEBUG c.i.backend.security.JwtService - Retrieving signing key for JWT
2026-08-02 22:25:58 [http-nio-8080-exec-1] DEBUG c.i.backend.security.JwtService - Signing key retrieved successfully
2026-08-02 22:25:58 [http-nio-8080-exec-1] DEBUG c.i.backend.security.JwtService - Claims extracted successfully from JWT token
2026-08-02 22:25:58 [http-nio-8080-exec-1] DEBUG c.i.backend.security.JwtService - Username extracted successfully from JWT: ahmed
2026-08-02 22:25:58 [http-nio-8080-exec-1] DEBUG c.i.backend.security.JwtService - Checking if JWT token is expired
2026-08-02 22:25:58 [http-nio-8080-exec-1] DEBUG c.i.backend.security.JwtService - Extracting expiration date from JWT token
2026-08-02 22:25:58 [http-nio-8080-exec-1] DEBUG c.i.backend.security.JwtService - Extracting claim from JWT token
2026-08-02 22:25:58 [http-nio-8080-exec-1] DEBUG c.i.backend.security.JwtService - Retrieving signing key for JWT
2026-08-02 22:25:58 [http-nio-8080-exec-1] DEBUG c.i.backend.security.JwtService - Signing key retrieved successfully
2026-08-02 22:25:58 [http-nio-8080-exec-1] DEBUG c.i.backend.security.JwtService - Claims extracted successfully from JWT token
2026-08-02 22:25:58 [http-nio-8080-exec-1] DEBUG c.i.backend.security.JwtService - Expiration date extracted: Mon Aug 03 22:25:56 EEST 2026
2026-08-02 22:25:58 [http-nio-8080-exec-1] DEBUG c.i.backend.security.JwtService - Token expiration check - Expiration Date: Mon Aug 03 22:25:56 EEST 2026, Current Date: Sun Aug 02 22:25:58 EEST 2026, Is Expired: false
2026-08-02 22:25:58 [http-nio-8080-exec-1] DEBUG c.i.backend.security.JwtService - Token validation details - Username: ahmed, Username Match: true, Is Expired: false
2026-08-02 22:25:58 [http-nio-8080-exec-1] DEBUG c.i.backend.security.JwtService - JWT token validation successful for username: ahmed
2026-08-02 22:25:58 [http-nio-8080-exec-1] DEBUG c.i.b.s.JwtAuthenticationFilter - JWT token validation successful for user: ahmed
2026-08-02 22:25:58 [http-nio-8080-exec-1] INFO  c.i.b.s.JwtAuthenticationFilter - User authenticated successfully - Username: ahmed, Request: GET /api/tasks/null
2026-08-02 22:25:58 [http-nio-8080-exec-1] WARN  o.s.w.s.m.s.DefaultHandlerExceptionResolver - Resolved [org.springframework.web.method.annotation.MethodArgumentTypeMismatchException: Method parameter 'id': Failed to convert value of type 'java.lang.String' to required type 'java.lang.Long'; For input string: "null"]
2026-08-02 22:26:06 [http-nio-8080-exec-7] DEBUG c.i.b.s.JwtAuthenticationFilter - Processing request - Method: POST, Path: /api/tasks
2026-08-02 22:26:06 [http-nio-8080-exec-7] DEBUG c.i.b.s.JwtAuthenticationFilter - JWT token extracted from Authorization header for request: POST /api/tasks
2026-08-02 22:26:06 [http-nio-8080-exec-7] DEBUG c.i.backend.security.JwtService - Extracting username from JWT token
2026-08-02 22:26:06 [http-nio-8080-exec-7] DEBUG c.i.backend.security.JwtService - Extracting claim from JWT token
2026-08-02 22:26:06 [http-nio-8080-exec-7] DEBUG c.i.backend.security.JwtService - Retrieving signing key for JWT
2026-08-02 22:26:06 [http-nio-8080-exec-7] DEBUG c.i.backend.security.JwtService - Signing key retrieved successfully
2026-08-02 22:26:06 [http-nio-8080-exec-7] DEBUG c.i.backend.security.JwtService - Claims extracted successfully from JWT token
2026-08-02 22:26:06 [http-nio-8080-exec-7] DEBUG c.i.backend.security.JwtService - Username extracted successfully from JWT: ahmed
2026-08-02 22:26:06 [http-nio-8080-exec-7] DEBUG c.i.b.s.JwtAuthenticationFilter - Username extracted from JWT: ahmed
2026-08-02 22:26:06 [http-nio-8080-exec-7] DEBUG c.i.b.s.JwtAuthenticationFilter - Attempting to authenticate user: ahmed for request: POST /api/tasks
2026-08-02 22:26:06 [http-nio-8080-exec-7] DEBUG c.i.b.s.JwtAuthenticationFilter - User details found for username: ahmed
2026-08-02 22:26:06 [http-nio-8080-exec-7] DEBUG c.i.backend.security.JwtService - Validating JWT token for username: ahmed
2026-08-02 22:26:06 [http-nio-8080-exec-7] DEBUG c.i.backend.security.JwtService - Extracting username from JWT token
2026-08-02 22:26:06 [http-nio-8080-exec-7] DEBUG c.i.backend.security.JwtService - Extracting claim from JWT token
2026-08-02 22:26:06 [http-nio-8080-exec-7] DEBUG c.i.backend.security.JwtService - Retrieving signing key for JWT
2026-08-02 22:26:06 [http-nio-8080-exec-7] DEBUG c.i.backend.security.JwtService - Signing key retrieved successfully
2026-08-02 22:26:06 [http-nio-8080-exec-7] DEBUG c.i.backend.security.JwtService - Claims extracted successfully from JWT token
2026-08-02 22:26:06 [http-nio-8080-exec-7] DEBUG c.i.backend.security.JwtService - Username extracted successfully from JWT: ahmed
2026-08-02 22:26:06 [http-nio-8080-exec-7] DEBUG c.i.backend.security.JwtService - Checking if JWT token is expired
2026-08-02 22:26:06 [http-nio-8080-exec-7] DEBUG c.i.backend.security.JwtService - Extracting expiration date from JWT token
2026-08-02 22:26:06 [http-nio-8080-exec-7] DEBUG c.i.backend.security.JwtService - Extracting claim from JWT token
2026-08-02 22:26:06 [http-nio-8080-exec-7] DEBUG c.i.backend.security.JwtService - Retrieving signing key for JWT
2026-08-02 22:26:06 [http-nio-8080-exec-7] DEBUG c.i.backend.security.JwtService - Signing key retrieved successfully
2026-08-02 22:26:06 [http-nio-8080-exec-7] DEBUG c.i.backend.security.JwtService - Claims extracted successfully from JWT token
2026-08-02 22:26:06 [http-nio-8080-exec-7] DEBUG c.i.backend.security.JwtService - Expiration date extracted: Mon Aug 03 22:25:56 EEST 2026
2026-08-02 22:26:06 [http-nio-8080-exec-7] DEBUG c.i.backend.security.JwtService - Token expiration check - Expiration Date: Mon Aug 03 22:25:56 EEST 2026, Current Date: Sun Aug 02 22:26:06 EEST 2026, Is Expired: false
2026-08-02 22:26:06 [http-nio-8080-exec-7] DEBUG c.i.backend.security.JwtService - Token validation details - Username: ahmed, Username Match: true, Is Expired: false
2026-08-02 22:26:06 [http-nio-8080-exec-7] DEBUG c.i.backend.security.JwtService - JWT token validation successful for username: ahmed
2026-08-02 22:26:06 [http-nio-8080-exec-7] DEBUG c.i.b.s.JwtAuthenticationFilter - JWT token validation successful for user: ahmed
2026-08-02 22:26:06 [http-nio-8080-exec-7] INFO  c.i.b.s.JwtAuthenticationFilter - User authenticated successfully - Username: ahmed, Request: POST /api/tasks
2026-08-02 22:26:06 [http-nio-8080-exec-7] WARN  o.s.w.s.m.s.DefaultHandlerExceptionResolver - Resolved [org.springframework.web.bind.MethodArgumentNotValidException: Validation failed for argument [0] in public com.internship.backend.dto.TaskResponseDTO com.internship.backend.controller.TaskController.createTask(com.internship.backend.dto.TaskRequestDTO,com.internship.backend.entity.User): [Field error in object 'taskRequestDTO' on field 'title': rejected value []; codes [NotBlank.taskRequestDTO.title,NotBlank.title,NotBlank.java.lang.String,NotBlank]; arguments [org.springframework.context.support.DefaultMessageSourceResolvable: codes [taskRequestDTO.title,title]; arguments []; default message [title]]; default message [Title is mandatory]] ]
2026-08-02 22:26:12 [http-nio-8080-exec-10] DEBUG c.i.b.s.JwtAuthenticationFilter - Processing request - Method: POST, Path: /api/tasks
2026-08-02 22:26:12 [http-nio-8080-exec-10] DEBUG c.i.b.s.JwtAuthenticationFilter - JWT token extracted from Authorization header for request: POST /api/tasks
2026-08-02 22:26:12 [http-nio-8080-exec-10] DEBUG c.i.backend.security.JwtService - Extracting username from JWT token
2026-08-02 22:26:12 [http-nio-8080-exec-10] DEBUG c.i.backend.security.JwtService - Extracting claim from JWT token
2026-08-02 22:26:12 [http-nio-8080-exec-10] DEBUG c.i.backend.security.JwtService - Retrieving signing key for JWT
2026-08-02 22:26:12 [http-nio-8080-exec-10] DEBUG c.i.backend.security.JwtService - Signing key retrieved successfully
2026-08-02 22:26:12 [http-nio-8080-exec-10] DEBUG c.i.backend.security.JwtService - Claims extracted successfully from JWT token
2026-08-02 22:26:12 [http-nio-8080-exec-10] DEBUG c.i.backend.security.JwtService - Username extracted successfully from JWT: ahmed
2026-08-02 22:26:12 [http-nio-8080-exec-10] DEBUG c.i.b.s.JwtAuthenticationFilter - Username extracted from JWT: ahmed
2026-08-02 22:26:12 [http-nio-8080-exec-10] DEBUG c.i.b.s.JwtAuthenticationFilter - Attempting to authenticate user: ahmed for request: POST /api/tasks
2026-08-02 22:26:12 [http-nio-8080-exec-10] DEBUG c.i.b.s.JwtAuthenticationFilter - User details found for username: ahmed
2026-08-02 22:26:12 [http-nio-8080-exec-10] DEBUG c.i.backend.security.JwtService - Validating JWT token for username: ahmed
2026-08-02 22:26:12 [http-nio-8080-exec-10] DEBUG c.i.backend.security.JwtService - Extracting username from JWT token
2026-08-02 22:26:12 [http-nio-8080-exec-10] DEBUG c.i.backend.security.JwtService - Extracting claim from JWT token
2026-08-02 22:26:12 [http-nio-8080-exec-10] DEBUG c.i.backend.security.JwtService - Retrieving signing key for JWT
2026-08-02 22:26:12 [http-nio-8080-exec-10] DEBUG c.i.backend.security.JwtService - Signing key retrieved successfully
2026-08-02 22:26:12 [http-nio-8080-exec-10] DEBUG c.i.backend.security.JwtService - Claims extracted successfully from JWT token
2026-08-02 22:26:12 [http-nio-8080-exec-10] DEBUG c.i.backend.security.JwtService - Username extracted successfully from JWT: ahmed
2026-08-02 22:26:12 [http-nio-8080-exec-10] DEBUG c.i.backend.security.JwtService - Checking if JWT token is expired
2026-08-02 22:26:12 [http-nio-8080-exec-10] DEBUG c.i.backend.security.JwtService - Extracting expiration date from JWT token
2026-08-02 22:26:12 [http-nio-8080-exec-10] DEBUG c.i.backend.security.JwtService - Extracting claim from JWT token
2026-08-02 22:26:12 [http-nio-8080-exec-10] DEBUG c.i.backend.security.JwtService - Retrieving signing key for JWT
2026-08-02 22:26:12 [http-nio-8080-exec-10] DEBUG c.i.backend.security.JwtService - Signing key retrieved successfully
2026-08-02 22:26:12 [http-nio-8080-exec-10] DEBUG c.i.backend.security.JwtService - Claims extracted successfully from JWT token
2026-08-02 22:26:12 [http-nio-8080-exec-10] DEBUG c.i.backend.security.JwtService - Expiration date extracted: Mon Aug 03 22:25:56 EEST 2026
2026-08-02 22:26:12 [http-nio-8080-exec-10] DEBUG c.i.backend.security.JwtService - Token expiration check - Expiration Date: Mon Aug 03 22:25:56 EEST 2026, Current Date: Sun Aug 02 22:26:12 EEST 2026, Is Expired: false
2026-08-02 22:26:12 [http-nio-8080-exec-10] DEBUG c.i.backend.security.JwtService - Token validation details - Username: ahmed, Username Match: true, Is Expired: false
2026-08-02 22:26:12 [http-nio-8080-exec-10] DEBUG c.i.backend.security.JwtService - JWT token validation successful for username: ahmed
2026-08-02 22:26:12 [http-nio-8080-exec-10] DEBUG c.i.b.s.JwtAuthenticationFilter - JWT token validation successful for user: ahmed
2026-08-02 22:26:12 [http-nio-8080-exec-10] INFO  c.i.b.s.JwtAuthenticationFilter - User authenticated successfully - Username: ahmed, Request: POST /api/tasks
2026-08-02 22:26:12 [http-nio-8080-exec-10] INFO  c.i.b.controller.TaskController - Creating new task for user: ahmed - Title: task 1
2026-08-02 22:26:12 [http-nio-8080-exec-10] DEBUG c.i.backend.service.TaskService - Creating new task for user: ahmed - Title: 'task 1', Priority: MEDIUM, Status: TODO
2026-08-02 22:26:12 [http-nio-8080-exec-10] DEBUG c.i.backend.service.TaskService - Built task object - preparing to save for user: ahmed
2026-08-02 22:26:12 [http-nio-8080-exec-10] INFO  c.i.backend.service.TaskService - Task created and saved successfully - ID: 2, User: ahmed
2026-08-02 22:26:12 [http-nio-8080-exec-10] DEBUG c.i.backend.service.TaskService - Task response DTO created for task ID: 2
2026-08-02 22:26:12 [http-nio-8080-exec-10] INFO  c.i.b.controller.TaskController - Task created successfully for user: ahmed - Task ID: 2 - Duration: 11ms
2026-08-02 22:26:12 [http-nio-8080-exec-5] DEBUG c.i.b.s.JwtAuthenticationFilter - Processing request - Method: GET, Path: /api/tasks
2026-08-02 22:26:12 [http-nio-8080-exec-5] DEBUG c.i.b.s.JwtAuthenticationFilter - JWT token extracted from Authorization header for request: GET /api/tasks
2026-08-02 22:26:12 [http-nio-8080-exec-5] DEBUG c.i.backend.security.JwtService - Extracting username from JWT token
2026-08-02 22:26:12 [http-nio-8080-exec-5] DEBUG c.i.backend.security.JwtService - Extracting claim from JWT token
2026-08-02 22:26:12 [http-nio-8080-exec-5] DEBUG c.i.backend.security.JwtService - Retrieving signing key for JWT
2026-08-02 22:26:12 [http-nio-8080-exec-5] DEBUG c.i.backend.security.JwtService - Signing key retrieved successfully
2026-08-02 22:26:12 [http-nio-8080-exec-5] DEBUG c.i.backend.security.JwtService - Claims extracted successfully from JWT token
2026-08-02 22:26:12 [http-nio-8080-exec-5] DEBUG c.i.backend.security.JwtService - Username extracted successfully from JWT: ahmed
2026-08-02 22:26:12 [http-nio-8080-exec-5] DEBUG c.i.b.s.JwtAuthenticationFilter - Username extracted from JWT: ahmed
2026-08-02 22:26:12 [http-nio-8080-exec-5] DEBUG c.i.b.s.JwtAuthenticationFilter - Attempting to authenticate user: ahmed for request: GET /api/tasks
2026-08-02 22:26:12 [http-nio-8080-exec-5] DEBUG c.i.b.s.JwtAuthenticationFilter - User details found for username: ahmed
2026-08-02 22:26:12 [http-nio-8080-exec-5] DEBUG c.i.backend.security.JwtService - Validating JWT token for username: ahmed
2026-08-02 22:26:12 [http-nio-8080-exec-5] DEBUG c.i.backend.security.JwtService - Extracting username from JWT token
2026-08-02 22:26:12 [http-nio-8080-exec-5] DEBUG c.i.backend.security.JwtService - Extracting claim from JWT token
2026-08-02 22:26:12 [http-nio-8080-exec-5] DEBUG c.i.backend.security.JwtService - Retrieving signing key for JWT
2026-08-02 22:26:12 [http-nio-8080-exec-5] DEBUG c.i.backend.security.JwtService - Signing key retrieved successfully
2026-08-02 22:26:12 [http-nio-8080-exec-5] DEBUG c.i.backend.security.JwtService - Claims extracted successfully from JWT token
2026-08-02 22:26:12 [http-nio-8080-exec-5] DEBUG c.i.backend.security.JwtService - Username extracted successfully from JWT: ahmed
2026-08-02 22:26:12 [http-nio-8080-exec-5] DEBUG c.i.backend.security.JwtService - Checking if JWT token is expired
2026-08-02 22:26:12 [http-nio-8080-exec-5] DEBUG c.i.backend.security.JwtService - Extracting expiration date from JWT token
2026-08-02 22:26:12 [http-nio-8080-exec-5] DEBUG c.i.backend.security.JwtService - Extracting claim from JWT token
2026-08-02 22:26:12 [http-nio-8080-exec-5] DEBUG c.i.backend.security.JwtService - Retrieving signing key for JWT
2026-08-02 22:26:12 [http-nio-8080-exec-5] DEBUG c.i.backend.security.JwtService - Signing key retrieved successfully
2026-08-02 22:26:12 [http-nio-8080-exec-5] DEBUG c.i.backend.security.JwtService - Claims extracted successfully from JWT token
2026-08-02 22:26:12 [http-nio-8080-exec-5] DEBUG c.i.backend.security.JwtService - Expiration date extracted: Mon Aug 03 22:25:56 EEST 2026
2026-08-02 22:26:12 [http-nio-8080-exec-5] DEBUG c.i.backend.security.JwtService - Token expiration check - Expiration Date: Mon Aug 03 22:25:56 EEST 2026, Current Date: Sun Aug 02 22:26:12 EEST 2026, Is Expired: false
2026-08-02 22:26:12 [http-nio-8080-exec-5] DEBUG c.i.backend.security.JwtService - Token validation details - Username: ahmed, Username Match: true, Is Expired: false
2026-08-02 22:26:12 [http-nio-8080-exec-5] DEBUG c.i.backend.security.JwtService - JWT token validation successful for username: ahmed
2026-08-02 22:26:12 [http-nio-8080-exec-5] DEBUG c.i.b.s.JwtAuthenticationFilter - JWT token validation successful for user: ahmed
2026-08-02 22:26:12 [http-nio-8080-exec-5] INFO  c.i.b.s.JwtAuthenticationFilter - User authenticated successfully - Username: ahmed, Request: GET /api/tasks
2026-08-02 22:26:12 [http-nio-8080-exec-5] INFO  c.i.b.controller.TaskController - Fetching tasks for user: ahmed - Status filter: null, Priority filter: null
2026-08-02 22:26:12 [http-nio-8080-exec-5] DEBUG c.i.backend.service.TaskService - Fetching tasks for user: ahmed - Status filter: null, Priority filter: null
2026-08-02 22:26:12 [http-nio-8080-exec-5] DEBUG c.i.backend.service.TaskService - Querying all tasks for user: ahmed
2026-08-02 22:26:12 [http-nio-8080-exec-5] INFO  c.i.backend.service.TaskService - Retrieved 1 tasks for user: ahmed
2026-08-02 22:26:12 [http-nio-8080-exec-5] DEBUG c.i.backend.service.TaskService - Converted 1 tasks to response DTOs for user: ahmed
2026-08-02 22:26:12 [http-nio-8080-exec-5] INFO  c.i.b.controller.TaskController - Tasks fetched successfully for user: ahmed - Count: 1 - Duration: 7ms
2026-08-02 22:26:21 [http-nio-8080-exec-6] DEBUG c.i.b.s.JwtAuthenticationFilter - Processing request - Method: POST, Path: /api/auth/login
2026-08-02 22:26:21 [http-nio-8080-exec-6] DEBUG c.i.b.s.JwtAuthenticationFilter - No valid Authorization header found for request: POST /api/auth/login
2026-08-02 22:26:21 [http-nio-8080-exec-6] INFO  c.i.b.controller.AuthController - Processing login request for username: ahmed
2026-08-02 22:26:21 [http-nio-8080-exec-6] DEBUG c.i.backend.service.AuthService - Starting login process for username: ahmed
2026-08-02 22:26:21 [http-nio-8080-exec-6] DEBUG c.i.backend.service.AuthService - Authenticating credentials for username: ahmed
2026-08-02 22:26:21 [http-nio-8080-exec-6] DEBUG c.i.backend.service.AuthService - Authentication successful for username: ahmed
2026-08-02 22:26:21 [http-nio-8080-exec-6] DEBUG c.i.backend.service.AuthService - Fetching user details from database for username: ahmed
2026-08-02 22:26:21 [http-nio-8080-exec-6] DEBUG c.i.backend.service.AuthService - User details fetched successfully for username: ahmed
2026-08-02 22:26:21 [http-nio-8080-exec-6] DEBUG c.i.backend.service.AuthService - Generating JWT token for login - username: ahmed
2026-08-02 22:26:21 [http-nio-8080-exec-6] DEBUG c.i.backend.security.JwtService - Generating JWT token for username: ahmed
2026-08-02 22:26:21 [http-nio-8080-exec-6] DEBUG c.i.backend.security.JwtService - Retrieving signing key for JWT
2026-08-02 22:26:21 [http-nio-8080-exec-6] DEBUG c.i.backend.security.JwtService - Signing key retrieved successfully
2026-08-02 22:26:21 [http-nio-8080-exec-6] INFO  c.i.backend.security.JwtService - JWT token generated successfully for username: ahmed - Expiration: Mon Aug 03 22:26:21 EEST 2026
2026-08-02 22:26:21 [http-nio-8080-exec-6] DEBUG c.i.backend.security.JwtService - JWT token length: 152 characters
2026-08-02 22:26:21 [http-nio-8080-exec-6] DEBUG c.i.backend.service.AuthService - JWT token generated successfully for login - username: ahmed
2026-08-02 22:26:21 [http-nio-8080-exec-6] INFO  c.i.backend.service.AuthService - Login completed successfully for username: ahmed
2026-08-02 22:26:21 [http-nio-8080-exec-6] INFO  c.i.b.controller.AuthController - Login successful for username: ahmed - Duration: 164ms
2026-08-02 22:26:21 [http-nio-8080-exec-2] DEBUG c.i.b.s.JwtAuthenticationFilter - Processing request - Method: GET, Path: /api/tasks
2026-08-02 22:26:21 [http-nio-8080-exec-2] DEBUG c.i.b.s.JwtAuthenticationFilter - JWT token extracted from Authorization header for request: GET /api/tasks
2026-08-02 22:26:21 [http-nio-8080-exec-2] DEBUG c.i.backend.security.JwtService - Extracting username from JWT token
2026-08-02 22:26:21 [http-nio-8080-exec-2] DEBUG c.i.backend.security.JwtService - Extracting claim from JWT token
2026-08-02 22:26:21 [http-nio-8080-exec-2] DEBUG c.i.backend.security.JwtService - Retrieving signing key for JWT
2026-08-02 22:26:21 [http-nio-8080-exec-2] DEBUG c.i.backend.security.JwtService - Signing key retrieved successfully
2026-08-02 22:26:21 [http-nio-8080-exec-2] DEBUG c.i.backend.security.JwtService - Claims extracted successfully from JWT token
2026-08-02 22:26:21 [http-nio-8080-exec-2] DEBUG c.i.backend.security.JwtService - Username extracted successfully from JWT: ahmed
2026-08-02 22:26:21 [http-nio-8080-exec-2] DEBUG c.i.b.s.JwtAuthenticationFilter - Username extracted from JWT: ahmed
2026-08-02 22:26:21 [http-nio-8080-exec-2] DEBUG c.i.b.s.JwtAuthenticationFilter - Attempting to authenticate user: ahmed for request: GET /api/tasks
2026-08-02 22:26:21 [http-nio-8080-exec-2] DEBUG c.i.b.s.JwtAuthenticationFilter - User details found for username: ahmed
2026-08-02 22:26:21 [http-nio-8080-exec-2] DEBUG c.i.backend.security.JwtService - Validating JWT token for username: ahmed
2026-08-02 22:26:21 [http-nio-8080-exec-2] DEBUG c.i.backend.security.JwtService - Extracting username from JWT token
2026-08-02 22:26:21 [http-nio-8080-exec-2] DEBUG c.i.backend.security.JwtService - Extracting claim from JWT token
2026-08-02 22:26:21 [http-nio-8080-exec-2] DEBUG c.i.backend.security.JwtService - Retrieving signing key for JWT
2026-08-02 22:26:21 [http-nio-8080-exec-2] DEBUG c.i.backend.security.JwtService - Signing key retrieved successfully
2026-08-02 22:26:21 [http-nio-8080-exec-2] DEBUG c.i.backend.security.JwtService - Claims extracted successfully from JWT token
2026-08-02 22:26:21 [http-nio-8080-exec-2] DEBUG c.i.backend.security.JwtService - Username extracted successfully from JWT: ahmed
2026-08-02 22:26:21 [http-nio-8080-exec-2] DEBUG c.i.backend.security.JwtService - Checking if JWT token is expired
2026-08-02 22:26:21 [http-nio-8080-exec-2] DEBUG c.i.backend.security.JwtService - Extracting expiration date from JWT token
2026-08-02 22:26:21 [http-nio-8080-exec-2] DEBUG c.i.backend.security.JwtService - Extracting claim from JWT token
2026-08-02 22:26:21 [http-nio-8080-exec-2] DEBUG c.i.backend.security.JwtService - Retrieving signing key for JWT
2026-08-02 22:26:21 [http-nio-8080-exec-2] DEBUG c.i.backend.security.JwtService - Signing key retrieved successfully
2026-08-02 22:26:21 [http-nio-8080-exec-2] DEBUG c.i.backend.security.JwtService - Claims extracted successfully from JWT token
2026-08-02 22:26:21 [http-nio-8080-exec-2] DEBUG c.i.backend.security.JwtService - Expiration date extracted: Mon Aug 03 22:26:21 EEST 2026
2026-08-02 22:26:21 [http-nio-8080-exec-2] DEBUG c.i.backend.security.JwtService - Token expiration check - Expiration Date: Mon Aug 03 22:26:21 EEST 2026, Current Date: Sun Aug 02 22:26:21 EEST 2026, Is Expired: false
2026-08-02 22:26:21 [http-nio-8080-exec-2] DEBUG c.i.backend.security.JwtService - Token validation details - Username: ahmed, Username Match: true, Is Expired: false
2026-08-02 22:26:21 [http-nio-8080-exec-2] DEBUG c.i.backend.security.JwtService - JWT token validation successful for username: ahmed
2026-08-02 22:26:21 [http-nio-8080-exec-2] DEBUG c.i.b.s.JwtAuthenticationFilter - JWT token validation successful for user: ahmed
2026-08-02 22:26:21 [http-nio-8080-exec-2] INFO  c.i.b.s.JwtAuthenticationFilter - User authenticated successfully - Username: ahmed, Request: GET /api/tasks
2026-08-02 22:26:21 [http-nio-8080-exec-2] INFO  c.i.b.controller.TaskController - Fetching tasks for user: ahmed - Status filter: null, Priority filter: null
2026-08-02 22:26:21 [http-nio-8080-exec-2] DEBUG c.i.backend.service.TaskService - Fetching tasks for user: ahmed - Status filter: null, Priority filter: null
2026-08-02 22:26:21 [http-nio-8080-exec-2] DEBUG c.i.backend.service.TaskService - Querying all tasks for user: ahmed
2026-08-02 22:26:21 [http-nio-8080-exec-2] INFO  c.i.backend.service.TaskService - Retrieved 1 tasks for user: ahmed
2026-08-02 22:26:21 [http-nio-8080-exec-2] DEBUG c.i.backend.service.TaskService - Converted 1 tasks to response DTOs for user: ahmed
2026-08-02 22:26:21 [http-nio-8080-exec-2] INFO  c.i.b.controller.TaskController - Tasks fetched successfully for user: ahmed - Count: 1 - Duration: 5ms
2026-08-02 22:26:24 [http-nio-8080-exec-4] DEBUG c.i.b.s.JwtAuthenticationFilter - Processing request - Method: DELETE, Path: /api/tasks/2
2026-08-02 22:26:24 [http-nio-8080-exec-4] DEBUG c.i.b.s.JwtAuthenticationFilter - JWT token extracted from Authorization header for request: DELETE /api/tasks/2
2026-08-02 22:26:24 [http-nio-8080-exec-4] DEBUG c.i.backend.security.JwtService - Extracting username from JWT token
2026-08-02 22:26:24 [http-nio-8080-exec-4] DEBUG c.i.backend.security.JwtService - Extracting claim from JWT token
2026-08-02 22:26:24 [http-nio-8080-exec-4] DEBUG c.i.backend.security.JwtService - Retrieving signing key for JWT
2026-08-02 22:26:24 [http-nio-8080-exec-4] DEBUG c.i.backend.security.JwtService - Signing key retrieved successfully
2026-08-02 22:26:24 [http-nio-8080-exec-4] DEBUG c.i.backend.security.JwtService - Claims extracted successfully from JWT token
2026-08-02 22:26:24 [http-nio-8080-exec-4] DEBUG c.i.backend.security.JwtService - Username extracted successfully from JWT: ahmed
2026-08-02 22:26:24 [http-nio-8080-exec-4] DEBUG c.i.b.s.JwtAuthenticationFilter - Username extracted from JWT: ahmed
2026-08-02 22:26:24 [http-nio-8080-exec-4] DEBUG c.i.b.s.JwtAuthenticationFilter - Attempting to authenticate user: ahmed for request: DELETE /api/tasks/2
2026-08-02 22:26:24 [http-nio-8080-exec-4] DEBUG c.i.b.s.JwtAuthenticationFilter - User details found for username: ahmed
2026-08-02 22:26:24 [http-nio-8080-exec-4] DEBUG c.i.backend.security.JwtService - Validating JWT token for username: ahmed
2026-08-02 22:26:24 [http-nio-8080-exec-4] DEBUG c.i.backend.security.JwtService - Extracting username from JWT token
2026-08-02 22:26:24 [http-nio-8080-exec-4] DEBUG c.i.backend.security.JwtService - Extracting claim from JWT token
2026-08-02 22:26:24 [http-nio-8080-exec-4] DEBUG c.i.backend.security.JwtService - Retrieving signing key for JWT
2026-08-02 22:26:24 [http-nio-8080-exec-4] DEBUG c.i.backend.security.JwtService - Signing key retrieved successfully
2026-08-02 22:26:24 [http-nio-8080-exec-4] DEBUG c.i.backend.security.JwtService - Claims extracted successfully from JWT token
2026-08-02 22:26:24 [http-nio-8080-exec-4] DEBUG c.i.backend.security.JwtService - Username extracted successfully from JWT: ahmed
2026-08-02 22:26:24 [http-nio-8080-exec-4] DEBUG c.i.backend.security.JwtService - Checking if JWT token is expired
2026-08-02 22:26:24 [http-nio-8080-exec-4] DEBUG c.i.backend.security.JwtService - Extracting expiration date from JWT token
2026-08-02 22:26:24 [http-nio-8080-exec-4] DEBUG c.i.backend.security.JwtService - Extracting claim from JWT token
2026-08-02 22:26:24 [http-nio-8080-exec-4] DEBUG c.i.backend.security.JwtService - Retrieving signing key for JWT
2026-08-02 22:26:24 [http-nio-8080-exec-4] DEBUG c.i.backend.security.JwtService - Signing key retrieved successfully
2026-08-02 22:26:24 [http-nio-8080-exec-4] DEBUG c.i.backend.security.JwtService - Claims extracted successfully from JWT token
2026-08-02 22:26:24 [http-nio-8080-exec-4] DEBUG c.i.backend.security.JwtService - Expiration date extracted: Mon Aug 03 22:26:21 EEST 2026
2026-08-02 22:26:24 [http-nio-8080-exec-4] DEBUG c.i.backend.security.JwtService - Token expiration check - Expiration Date: Mon Aug 03 22:26:21 EEST 2026, Current Date: Sun Aug 02 22:26:24 EEST 2026, Is Expired: false
2026-08-02 22:26:24 [http-nio-8080-exec-4] DEBUG c.i.backend.security.JwtService - Token validation details - Username: ahmed, Username Match: true, Is Expired: false
2026-08-02 22:26:24 [http-nio-8080-exec-4] DEBUG c.i.backend.security.JwtService - JWT token validation successful for username: ahmed
2026-08-02 22:26:24 [http-nio-8080-exec-4] DEBUG c.i.b.s.JwtAuthenticationFilter - JWT token validation successful for user: ahmed
2026-08-02 22:26:24 [http-nio-8080-exec-4] INFO  c.i.b.s.JwtAuthenticationFilter - User authenticated successfully - Username: ahmed, Request: DELETE /api/tasks/2
2026-08-02 22:26:24 [http-nio-8080-exec-4] INFO  c.i.b.controller.TaskController - Deleting task ID: 2 for user: ahmed
2026-08-02 22:26:24 [http-nio-8080-exec-4] DEBUG c.i.backend.service.TaskService - Deleting task ID: 2 for user: ahmed
2026-08-02 22:26:24 [http-nio-8080-exec-4] DEBUG c.i.backend.service.TaskService - Validating task access - Task ID: 2, User: ahmed
2026-08-02 22:26:24 [http-nio-8080-exec-4] DEBUG c.i.backend.service.TaskService - Task retrieved for deletion - ID: 2, Title: 'task 1'
2026-08-02 22:26:24 [http-nio-8080-exec-4] INFO  c.i.backend.service.TaskService - Task ID: 2 deleted successfully for user: ahmed
2026-08-02 22:26:24 [http-nio-8080-exec-4] INFO  c.i.b.controller.TaskController - Task ID: 2 deleted successfully for user: ahmed - Duration: 17ms
2026-08-02 22:26:24 [http-nio-8080-exec-8] DEBUG c.i.b.s.JwtAuthenticationFilter - Processing request - Method: GET, Path: /api/tasks
2026-08-02 22:26:24 [http-nio-8080-exec-8] DEBUG c.i.b.s.JwtAuthenticationFilter - JWT token extracted from Authorization header for request: GET /api/tasks
2026-08-02 22:26:24 [http-nio-8080-exec-8] DEBUG c.i.backend.security.JwtService - Extracting username from JWT token
2026-08-02 22:26:24 [http-nio-8080-exec-8] DEBUG c.i.backend.security.JwtService - Extracting claim from JWT token
2026-08-02 22:26:24 [http-nio-8080-exec-8] DEBUG c.i.backend.security.JwtService - Retrieving signing key for JWT
2026-08-02 22:26:24 [http-nio-8080-exec-8] DEBUG c.i.backend.security.JwtService - Signing key retrieved successfully
2026-08-02 22:26:24 [http-nio-8080-exec-8] DEBUG c.i.backend.security.JwtService - Claims extracted successfully from JWT token
2026-08-02 22:26:24 [http-nio-8080-exec-8] DEBUG c.i.backend.security.JwtService - Username extracted successfully from JWT: ahmed
2026-08-02 22:26:24 [http-nio-8080-exec-8] DEBUG c.i.b.s.JwtAuthenticationFilter - Username extracted from JWT: ahmed
2026-08-02 22:26:24 [http-nio-8080-exec-8] DEBUG c.i.b.s.JwtAuthenticationFilter - Attempting to authenticate user: ahmed for request: GET /api/tasks
2026-08-02 22:26:24 [http-nio-8080-exec-8] DEBUG c.i.b.s.JwtAuthenticationFilter - User details found for username: ahmed
2026-08-02 22:26:24 [http-nio-8080-exec-8] DEBUG c.i.backend.security.JwtService - Validating JWT token for username: ahmed
2026-08-02 22:26:24 [http-nio-8080-exec-8] DEBUG c.i.backend.security.JwtService - Extracting username from JWT token
2026-08-02 22:26:24 [http-nio-8080-exec-8] DEBUG c.i.backend.security.JwtService - Extracting claim from JWT token
2026-08-02 22:26:24 [http-nio-8080-exec-8] DEBUG c.i.backend.security.JwtService - Retrieving signing key for JWT
2026-08-02 22:26:24 [http-nio-8080-exec-8] DEBUG c.i.backend.security.JwtService - Signing key retrieved successfully
2026-08-02 22:26:24 [http-nio-8080-exec-8] DEBUG c.i.backend.security.JwtService - Claims extracted successfully from JWT token
2026-08-02 22:26:24 [http-nio-8080-exec-8] DEBUG c.i.backend.security.JwtService - Username extracted successfully from JWT: ahmed
2026-08-02 22:26:24 [http-nio-8080-exec-8] DEBUG c.i.backend.security.JwtService - Checking if JWT token is expired
2026-08-02 22:26:24 [http-nio-8080-exec-8] DEBUG c.i.backend.security.JwtService - Extracting expiration date from JWT token
2026-08-02 22:26:24 [http-nio-8080-exec-8] DEBUG c.i.backend.security.JwtService - Extracting claim from JWT token
2026-08-02 22:26:24 [http-nio-8080-exec-8] DEBUG c.i.backend.security.JwtService - Retrieving signing key for JWT
2026-08-02 22:26:24 [http-nio-8080-exec-8] DEBUG c.i.backend.security.JwtService - Signing key retrieved successfully
2026-08-02 22:26:24 [http-nio-8080-exec-8] DEBUG c.i.backend.security.JwtService - Claims extracted successfully from JWT token
2026-08-02 22:26:24 [http-nio-8080-exec-8] DEBUG c.i.backend.security.JwtService - Expiration date extracted: Mon Aug 03 22:26:21 EEST 2026
2026-08-02 22:26:24 [http-nio-8080-exec-8] DEBUG c.i.backend.security.JwtService - Token expiration check - Expiration Date: Mon Aug 03 22:26:21 EEST 2026, Current Date: Sun Aug 02 22:26:24 EEST 2026, Is Expired: false
2026-08-02 22:26:24 [http-nio-8080-exec-8] DEBUG c.i.backend.security.JwtService - Token validation details - Username: ahmed, Username Match: true, Is Expired: false
2026-08-02 22:26:24 [http-nio-8080-exec-8] DEBUG c.i.backend.security.JwtService - JWT token validation successful for username: ahmed
2026-08-02 22:26:24 [http-nio-8080-exec-8] DEBUG c.i.b.s.JwtAuthenticationFilter - JWT token validation successful for user: ahmed
2026-08-02 22:26:24 [http-nio-8080-exec-8] INFO  c.i.b.s.JwtAuthenticationFilter - User authenticated successfully - Username: ahmed, Request: GET /api/tasks
2026-08-02 22:26:24 [http-nio-8080-exec-8] INFO  c.i.b.controller.TaskController - Fetching tasks for user: ahmed - Status filter: null, Priority filter: null
2026-08-02 22:26:24 [http-nio-8080-exec-8] DEBUG c.i.backend.service.TaskService - Fetching tasks for user: ahmed - Status filter: null, Priority filter: null
2026-08-02 22:26:24 [http-nio-8080-exec-8] DEBUG c.i.backend.service.TaskService - Querying all tasks for user: ahmed
2026-08-02 22:26:24 [http-nio-8080-exec-8] INFO  c.i.backend.service.TaskService - Retrieved 0 tasks for user: ahmed
2026-08-02 22:26:24 [http-nio-8080-exec-8] DEBUG c.i.backend.service.TaskService - Converted 0 tasks to response DTOs for user: ahmed
2026-08-02 22:26:24 [http-nio-8080-exec-8] INFO  c.i.b.controller.TaskController - Tasks fetched successfully for user: ahmed - Count: 0 - Duration: 3ms
2026-08-02 22:29:44 [http-nio-8080-exec-1] DEBUG c.i.b.s.JwtAuthenticationFilter - Processing request - Method: GET, Path: /api/tasks
2026-08-02 22:29:44 [http-nio-8080-exec-1] DEBUG c.i.b.s.JwtAuthenticationFilter - JWT token extracted from Authorization header for request: GET /api/tasks
2026-08-02 22:29:44 [http-nio-8080-exec-1] DEBUG c.i.backend.security.JwtService - Extracting username from JWT token
2026-08-02 22:29:44 [http-nio-8080-exec-1] DEBUG c.i.backend.security.JwtService - Extracting claim from JWT token
2026-08-02 22:29:44 [http-nio-8080-exec-1] DEBUG c.i.backend.security.JwtService - Retrieving signing key for JWT
2026-08-02 22:29:44 [http-nio-8080-exec-1] DEBUG c.i.backend.security.JwtService - Signing key retrieved successfully
2026-08-02 22:29:44 [http-nio-8080-exec-1] DEBUG c.i.backend.security.JwtService - Claims extracted successfully from JWT token
2026-08-02 22:29:44 [http-nio-8080-exec-1] DEBUG c.i.backend.security.JwtService - Username extracted successfully from JWT: ahmed
2026-08-02 22:29:44 [http-nio-8080-exec-1] DEBUG c.i.b.s.JwtAuthenticationFilter - Username extracted from JWT: ahmed
2026-08-02 22:29:44 [http-nio-8080-exec-1] DEBUG c.i.b.s.JwtAuthenticationFilter - Attempting to authenticate user: ahmed for request: GET /api/tasks
2026-08-02 22:29:44 [http-nio-8080-exec-1] DEBUG c.i.b.s.JwtAuthenticationFilter - User details found for username: ahmed
2026-08-02 22:29:44 [http-nio-8080-exec-1] DEBUG c.i.backend.security.JwtService - Validating JWT token for username: ahmed
2026-08-02 22:29:44 [http-nio-8080-exec-1] DEBUG c.i.backend.security.JwtService - Extracting username from JWT token
2026-08-02 22:29:44 [http-nio-8080-exec-1] DEBUG c.i.backend.security.JwtService - Extracting claim from JWT token
2026-08-02 22:29:44 [http-nio-8080-exec-1] DEBUG c.i.backend.security.JwtService - Retrieving signing key for JWT
2026-08-02 22:29:44 [http-nio-8080-exec-1] DEBUG c.i.backend.security.JwtService - Signing key retrieved successfully
2026-08-02 22:29:44 [http-nio-8080-exec-1] DEBUG c.i.backend.security.JwtService - Claims extracted successfully from JWT token
2026-08-02 22:29:44 [http-nio-8080-exec-1] DEBUG c.i.backend.security.JwtService - Username extracted successfully from JWT: ahmed
2026-08-02 22:29:44 [http-nio-8080-exec-1] DEBUG c.i.backend.security.JwtService - Checking if JWT token is expired
2026-08-02 22:29:44 [http-nio-8080-exec-1] DEBUG c.i.backend.security.JwtService - Extracting expiration date from JWT token
2026-08-02 22:29:44 [http-nio-8080-exec-1] DEBUG c.i.backend.security.JwtService - Extracting claim from JWT token
2026-08-02 22:29:44 [http-nio-8080-exec-1] DEBUG c.i.backend.security.JwtService - Retrieving signing key for JWT
2026-08-02 22:29:44 [http-nio-8080-exec-1] DEBUG c.i.backend.security.JwtService - Signing key retrieved successfully
2026-08-02 22:29:44 [http-nio-8080-exec-1] DEBUG c.i.backend.security.JwtService - Claims extracted successfully from JWT token
2026-08-02 22:29:44 [http-nio-8080-exec-1] DEBUG c.i.backend.security.JwtService - Expiration date extracted: Mon Aug 03 22:26:21 EEST 2026
2026-08-02 22:29:44 [http-nio-8080-exec-1] DEBUG c.i.backend.security.JwtService - Token expiration check - Expiration Date: Mon Aug 03 22:26:21 EEST 2026, Current Date: Sun Aug 02 22:29:44 EEST 2026, Is Expired: false
2026-08-02 22:29:44 [http-nio-8080-exec-1] DEBUG c.i.backend.security.JwtService - Token validation details - Username: ahmed, Username Match: true, Is Expired: false
2026-08-02 22:29:44 [http-nio-8080-exec-1] DEBUG c.i.backend.security.JwtService - JWT token validation successful for username: ahmed
2026-08-02 22:29:44 [http-nio-8080-exec-1] DEBUG c.i.b.s.JwtAuthenticationFilter - JWT token validation successful for user: ahmed
2026-08-02 22:29:44 [http-nio-8080-exec-1] INFO  c.i.b.s.JwtAuthenticationFilter - User authenticated successfully - Username: ahmed, Request: GET /api/tasks
2026-08-02 22:29:44 [http-nio-8080-exec-1] INFO  c.i.b.controller.TaskController - Fetching tasks for user: ahmed - Status filter: null, Priority filter: null
2026-08-02 22:29:44 [http-nio-8080-exec-1] DEBUG c.i.backend.service.TaskService - Fetching tasks for user: ahmed - Status filter: null, Priority filter: null
2026-08-02 22:29:44 [http-nio-8080-exec-1] DEBUG c.i.backend.service.TaskService - Querying all tasks for user: ahmed
2026-08-02 22:29:44 [http-nio-8080-exec-1] INFO  c.i.backend.service.TaskService - Retrieved 0 tasks for user: ahmed
2026-08-02 22:29:44 [http-nio-8080-exec-1] DEBUG c.i.backend.service.TaskService - Converted 0 tasks to response DTOs for user: ahmed
2026-08-02 22:29:44 [http-nio-8080-exec-1] INFO  c.i.b.controller.TaskController - Tasks fetched successfully for user: ahmed - Count: 0 - Duration: 4ms
2026-08-02 22:37:01 [SpringApplicationShutdownHook] INFO  o.s.boot.tomcat.GracefulShutdown - Commencing graceful shutdown. Waiting for active requests to complete
2026-08-02 22:37:01 [tomcat-shutdown] INFO  o.s.boot.tomcat.GracefulShutdown - Graceful shutdown complete
2026-08-02 22:37:01 [SpringApplicationShutdownHook] INFO  o.s.o.j.LocalContainerEntityManagerFactoryBean - Closing JPA EntityManagerFactory for persistence unit 'default'
2026-08-02 22:37:01 [SpringApplicationShutdownHook] INFO  com.zaxxer.hikari.HikariDataSource - HikariPool-1 - Shutdown initiated...
2026-08-02 22:37:01 [SpringApplicationShutdownHook] INFO  com.zaxxer.hikari.HikariDataSource - HikariPool-1 - Shutdown completed.
2026-08-02 22:47:54 [main] INFO  c.i.backend.BackendApplication - Starting BackendApplication using Java 25.0.2 with PID 21232 (C:\internship\mini project\Task-Management\backend\target\classes started by LoQ in C:\internship\mini project\Task-Management)
2026-08-02 22:47:54 [main] DEBUG c.i.backend.BackendApplication - Running with Spring Boot v4.1.0, Spring v7.0.8
2026-08-02 22:47:54 [main] INFO  c.i.backend.BackendApplication - No active profile set, falling back to 1 default profile: "default"
2026-08-02 22:47:54 [main] INFO  o.s.d.r.c.RepositoryConfigurationDelegate - Bootstrapping Spring Data JPA repositories in DEFAULT mode.
2026-08-02 22:47:54 [main] INFO  o.s.d.r.c.RepositoryConfigurationDelegate - Finished Spring Data repository scanning in 42 ms. Found 2 JPA repository interfaces.
2026-08-02 22:47:55 [main] INFO  o.s.boot.tomcat.TomcatWebServer - Tomcat initialized with port 8080 (http)
2026-08-02 22:47:55 [main] INFO  o.a.catalina.core.StandardService - Starting service [Tomcat]
2026-08-02 22:47:55 [main] INFO  o.a.catalina.core.StandardEngine - Starting Servlet engine: [Apache Tomcat/11.0.22]
2026-08-02 22:47:55 [main] INFO  o.s.b.w.c.s.WebApplicationContextInitializer - Root WebApplicationContext: initialization completed in 1175 ms
2026-08-02 22:47:55 [main] INFO  org.hibernate.orm.jpa - HHH008540: Processing PersistenceUnitInfo [name: default]
2026-08-02 22:47:55 [main] INFO  org.hibernate.orm.core - HHH000001: Hibernate ORM core version 7.4.1.Final
2026-08-02 22:47:55 [main] INFO  o.s.o.j.p.SpringPersistenceUnitInfo - No LoadTimeWeaver setup: ignoring JPA class transformer
2026-08-02 22:47:55 [main] INFO  com.zaxxer.hikari.HikariDataSource - HikariPool-1 - Starting...
2026-08-02 22:47:56 [main] INFO  com.zaxxer.hikari.pool.HikariPool - HikariPool-1 - Added connection org.postgresql.jdbc.PgConnection@65ef9a0a
2026-08-02 22:47:56 [main] INFO  com.zaxxer.hikari.HikariDataSource - HikariPool-1 - Start completed.
2026-08-02 22:47:56 [main] WARN  org.hibernate.orm.deprecation - HHH90000025: PostgreSQLDialect does not need to be specified explicitly using 'hibernate.dialect' (remove the property setting and it will be selected by default)
2026-08-02 22:47:56 [main] INFO  o.hibernate.orm.connections.pooling - HHH10001005: Database info:
	Database JDBC URL [jdbc:postgresql://localhost:5432/task_management_db]
	Database driver: PostgreSQL JDBC Driver
	Database dialect: PostgreSQLDialect
	Database version: 16.14
	Default catalog/schema: task_management_db/public
	Autocommit mode: undefined/unknown
	Isolation level: READ_COMMITTED [default READ_COMMITTED]
	JDBC fetch size: none
	Pool: DataSourceConnectionProvider
	Minimum pool size: undefined/unknown
	Maximum pool size: undefined/unknown
2026-08-02 22:47:57 [main] INFO  org.hibernate.orm.core - HHH000489: No JTA platform available (set 'hibernate.transaction.jta.platform' to enable JTA platform integration)
2026-08-02 22:47:57 [main] INFO  o.s.o.j.LocalContainerEntityManagerFactoryBean - Initialized JPA EntityManagerFactory for persistence unit 'default'
2026-08-02 22:47:57 [main] INFO  o.s.d.j.r.q.QueryEnhancerFactories - Hibernate is in classpath; If applicable, HQL parser will be used.
2026-08-02 22:47:57 [main] DEBUG c.i.b.s.JwtAuthenticationFilter - Filter 'jwtAuthenticationFilter' configured for use
2026-08-02 22:47:57 [main] INFO  o.s.s.c.a.a.c.InitializeAuthenticationProviderBeanManagerConfigurer$InitializeAuthenticationProviderManagerConfigurer - Global AuthenticationManager configured with AuthenticationProvider bean with name authenticationProvider
2026-08-02 22:47:57 [main] WARN  o.s.s.c.a.a.c.InitializeUserDetailsBeanManagerConfigurer$InitializeUserDetailsManagerConfigurer - Global AuthenticationManager configured with an AuthenticationProvider bean. UserDetailsService beans will not be used by Spring Security for automatically configuring username/password login. Consider removing the AuthenticationProvider bean. Alternatively, consider using the UserDetailsService in a manually instantiated DaoAuthenticationProvider. If the current configuration is intentional, to turn off this warning, increase the logging level of 'org.springframework.security.config.annotation.authentication.configuration.InitializeUserDetailsBeanManagerConfigurer' to ERROR
2026-08-02 22:47:57 [main] WARN  o.s.b.j.a.JpaBaseConfiguration$JpaWebConfiguration - spring.jpa.open-in-view is enabled by default. Therefore, database queries may be performed during view rendering. Explicitly configure spring.jpa.open-in-view to disable this warning
2026-08-02 22:47:57 [main] INFO  o.s.boot.tomcat.TomcatWebServer - Tomcat started on port 8080 (http) with context path '/'
2026-08-02 22:47:57 [main] INFO  c.i.backend.BackendApplication - Started BackendApplication in 4.348 seconds (process running for 15.446)
2026-08-02 22:48:12 [http-nio-8080-exec-1] INFO  o.a.c.c.C.[Tomcat].[localhost].[/] - Initializing Spring DispatcherServlet 'dispatcherServlet'
2026-08-02 22:48:12 [http-nio-8080-exec-1] INFO  o.s.web.servlet.DispatcherServlet - Initializing Servlet 'dispatcherServlet'
2026-08-02 22:48:12 [http-nio-8080-exec-1] INFO  o.s.web.servlet.DispatcherServlet - Completed initialization in 2 ms
2026-08-02 22:48:12 [http-nio-8080-exec-4] DEBUG c.i.b.s.JwtAuthenticationFilter - Processing request - Method: POST, Path: /api/auth/login
2026-08-02 22:48:12 [http-nio-8080-exec-4] DEBUG c.i.b.s.JwtAuthenticationFilter - No valid Authorization header found for request: POST /api/auth/login
2026-08-02 22:48:12 [http-nio-8080-exec-4] WARN  o.s.w.s.m.s.DefaultHandlerExceptionResolver - Resolved [org.springframework.web.bind.MethodArgumentNotValidException: Validation failed for argument [0] in public org.springframework.http.ResponseEntity<com.internship.backend.dto.AuthResponseDTO> com.internship.backend.controller.AuthController.login(com.internship.backend.dto.LoginRequestDTO): [Field error in object 'loginRequestDTO' on field 'password': rejected value []; codes [NotBlank.loginRequestDTO.password,NotBlank.password,NotBlank.java.lang.String,NotBlank]; arguments [org.springframework.context.support.DefaultMessageSourceResolvable: codes [loginRequestDTO.password,password]; arguments []; default message [password]]; default message [Password is mandatory]] ]
2026-08-02 22:48:15 [http-nio-8080-exec-6] DEBUG c.i.b.s.JwtAuthenticationFilter - Processing request - Method: POST, Path: /api/auth/login
2026-08-02 22:48:15 [http-nio-8080-exec-6] DEBUG c.i.b.s.JwtAuthenticationFilter - No valid Authorization header found for request: POST /api/auth/login
2026-08-02 22:48:15 [http-nio-8080-exec-6] INFO  c.i.b.controller.AuthController - Processing login request for username: asdasd
2026-08-02 22:48:15 [http-nio-8080-exec-6] DEBUG c.i.backend.service.AuthService - Starting login process for username: asdasd
2026-08-02 22:48:15 [http-nio-8080-exec-6] DEBUG c.i.backend.service.AuthService - Authenticating credentials for username: asdasd
2026-08-02 22:48:16 [http-nio-8080-exec-6] WARN  c.i.backend.service.AuthService - Authentication failed for username: asdasd - Error: Bad credentials
2026-08-02 22:48:16 [http-nio-8080-exec-6] ERROR c.i.b.controller.AuthController - Unexpected error during login for username: asdasd - Duration: 1043ms
org.springframework.security.authentication.BadCredentialsException: Bad credentials
	at org.springframework.security.authentication.dao.AbstractUserDetailsAuthenticationProvider.authenticate(AbstractUserDetailsAuthenticationProvider.java:154)
	at org.springframework.security.authentication.ProviderManager.authenticate(ProviderManager.java:183)
	at com.internship.backend.service.AuthService.login(AuthService.java:66)
	at com.internship.backend.controller.AuthController.login(AuthController.java:51)
	at java.base/jdk.internal.reflect.DirectMethodHandleAccessor.invoke(DirectMethodHandleAccessor.java:104)
	at java.base/java.lang.reflect.Method.invoke(Method.java:565)
	at org.springframework.web.method.support.InvocableHandlerMethod.doInvoke(InvocableHandlerMethod.java:252)
	at org.springframework.web.method.support.InvocableHandlerMethod.invokeForRequest(InvocableHandlerMethod.java:184)
	at org.springframework.web.servlet.mvc.method.annotation.ServletInvocableHandlerMethod.invokeAndHandle(ServletInvocableHandlerMethod.java:117)
	at org.springframework.web.servlet.mvc.method.annotation.RequestMappingHandlerAdapter.invokeHandlerMethod(RequestMappingHandlerAdapter.java:934)
	at org.springframework.web.servlet.mvc.method.annotation.RequestMappingHandlerAdapter.handleInternal(RequestMappingHandlerAdapter.java:853)
	at org.springframework.web.servlet.mvc.method.AbstractHandlerMethodAdapter.handle(AbstractHandlerMethodAdapter.java:86)
	at org.springframework.web.servlet.DispatcherServlet.doDispatch(DispatcherServlet.java:963)
	at org.springframework.web.servlet.DispatcherServlet.doService(DispatcherServlet.java:866)
	at org.springframework.web.servlet.FrameworkServlet.processRequest(FrameworkServlet.java:1000)
	at org.springframework.web.servlet.FrameworkServlet.doPost(FrameworkServlet.java:903)
	at jakarta.servlet.http.HttpServlet.service(HttpServlet.java:649)
	at org.springframework.web.servlet.FrameworkServlet.service(FrameworkServlet.java:874)
	at jakarta.servlet.http.HttpServlet.service(HttpServlet.java:710)
	at org.apache.catalina.core.ApplicationFilterChain.doFilter(ApplicationFilterChain.java:128)
	at org.apache.tomcat.websocket.server.WsFilter.doFilter(WsFilter.java:53)
	at org.apache.catalina.core.ApplicationFilterChain.doFilter(ApplicationFilterChain.java:107)
	at org.springframework.web.filter.OncePerRequestFilter.doFilter(OncePerRequestFilter.java:110)
	at org.apache.catalina.core.ApplicationFilterChain.doFilter(ApplicationFilterChain.java:107)
	at org.springframework.web.filter.CompositeFilter$VirtualFilterChain.doFilter(CompositeFilter.java:108)
	at org.springframework.security.web.FilterChainProxy.lambda$doFilterInternal$2(FilterChainProxy.java:235)
	at org.springframework.security.web.FilterChainProxy$VirtualFilterChain.doFilter(FilterChainProxy.java:376)
	at org.springframework.security.web.access.intercept.AuthorizationFilter.doFilter(AuthorizationFilter.java:101)
	at org.springframework.security.web.FilterChainProxy$VirtualFilterChain.doFilter(FilterChainProxy.java:385)
	at org.springframework.security.web.access.ExceptionTranslationFilter.doFilter(ExceptionTranslationFilter.java:126)
	at org.springframework.security.web.access.ExceptionTranslationFilter.doFilter(ExceptionTranslationFilter.java:120)
	at org.springframework.security.web.FilterChainProxy$VirtualFilterChain.doFilter(FilterChainProxy.java:385)
	at org.springframework.security.web.session.SessionManagementFilter.doFilter(SessionManagementFilter.java:132)
	at org.springframework.security.web.session.SessionManagementFilter.doFilter(SessionManagementFilter.java:86)
	at org.springframework.security.web.FilterChainProxy$VirtualFilterChain.doFilter(FilterChainProxy.java:385)
	at org.springframework.security.web.authentication.AnonymousAuthenticationFilter.doFilter(AnonymousAuthenticationFilter.java:100)
	at org.springframework.security.web.FilterChainProxy$VirtualFilterChain.doFilter(FilterChainProxy.java:385)
	at org.springframework.security.web.servletapi.SecurityContextHolderAwareRequestFilter.doFilter(SecurityContextHolderAwareRequestFilter.java:181)
	at org.springframework.security.web.FilterChainProxy$VirtualFilterChain.doFilter(FilterChainProxy.java:385)
	at org.springframework.security.web.savedrequest.RequestCacheAwareFilter.doFilter(RequestCacheAwareFilter.java:63)
	at org.springframework.security.web.FilterChainProxy$VirtualFilterChain.doFilter(FilterChainProxy.java:385)
	at com.internship.backend.security.JwtAuthenticationFilter.doFilterInternal(JwtAuthenticationFilter.java:45)
	at org.springframework.web.filter.OncePerRequestFilter.doFilter(OncePerRequestFilter.java:116)
	at org.springframework.security.web.FilterChainProxy$VirtualFilterChain.doFilter(FilterChainProxy.java:385)
	at org.springframework.security.web.authentication.logout.LogoutFilter.doFilter(LogoutFilter.java:110)
	at org.springframework.security.web.authentication.logout.LogoutFilter.doFilter(LogoutFilter.java:96)
	at org.springframework.security.web.FilterChainProxy$VirtualFilterChain.doFilter(FilterChainProxy.java:385)
	at org.springframework.web.filter.CorsFilter.doFilterInternal(CorsFilter.java:91)
	at org.springframework.web.filter.OncePerRequestFilter.doFilter(OncePerRequestFilter.java:116)
	at org.springframework.security.web.FilterChainProxy$VirtualFilterChain.doFilter(FilterChainProxy.java:385)
	at org.springframework.security.web.header.HeaderWriterFilter.doHeadersAfter(HeaderWriterFilter.java:90)
	at org.springframework.security.web.header.HeaderWriterFilter.doFilterInternal(HeaderWriterFilter.java:75)
	at org.springframework.web.filter.OncePerRequestFilter.doFilter(OncePerRequestFilter.java:116)
	at org.springframework.security.web.FilterChainProxy$VirtualFilterChain.doFilter(FilterChainProxy.java:385)
	at org.springframework.security.web.context.SecurityContextHolderFilter.doFilter(SecurityContextHolderFilter.java:82)
	at org.springframework.security.web.context.SecurityContextHolderFilter.doFilter(SecurityContextHolderFilter.java:69)
	at org.springframework.security.web.FilterChainProxy$VirtualFilterChain.doFilter(FilterChainProxy.java:385)
	at org.springframework.security.web.context.request.async.WebAsyncManagerIntegrationFilter.doFilterInternal(WebAsyncManagerIntegrationFilter.java:62)
	at org.springframework.web.filter.OncePerRequestFilter.doFilter(OncePerRequestFilter.java:116)
	at org.springframework.security.web.FilterChainProxy$VirtualFilterChain.doFilter(FilterChainProxy.java:385)
	at org.springframework.security.web.session.DisableEncodeUrlFilter.doFilterInternal(DisableEncodeUrlFilter.java:42)
	at org.springframework.web.filter.OncePerRequestFilter.doFilter(OncePerRequestFilter.java:116)
	at org.springframework.security.web.FilterChainProxy$VirtualFilterChain.doFilter(FilterChainProxy.java:385)
	at org.springframework.security.web.FilterChainProxy.doFilterInternal(FilterChainProxy.java:237)
	at org.springframework.security.web.FilterChainProxy.doFilter(FilterChainProxy.java:195)
	at org.springframework.web.filter.CompositeFilter$VirtualFilterChain.doFilter(CompositeFilter.java:113)
	at org.springframework.web.filter.ServletRequestPathFilter.doFilter(ServletRequestPathFilter.java:52)
	at org.springframework.web.filter.CompositeFilter$VirtualFilterChain.doFilter(CompositeFilter.java:113)
	at org.springframework.web.filter.CompositeFilter.doFilter(CompositeFilter.java:74)
	at org.springframework.security.config.annotation.web.configuration.WebSecurityConfiguration$CompositeFilterChainProxy.doFilter(WebSecurityConfiguration.java:317)
	at org.springframework.web.filter.DelegatingFilterProxy.invokeDelegate(DelegatingFilterProxy.java:355)
	at org.springframework.web.filter.DelegatingFilterProxy.doFilter(DelegatingFilterProxy.java:272)
	at org.apache.catalina.core.ApplicationFilterChain.doFilter(ApplicationFilterChain.java:107)
	at org.springframework.web.filter.RequestContextFilter.doFilterInternal(RequestContextFilter.java:100)
	at org.springframework.web.filter.OncePerRequestFilter.doFilter(OncePerRequestFilter.java:116)
	at org.apache.catalina.core.ApplicationFilterChain.doFilter(ApplicationFilterChain.java:107)
	at org.springframework.web.filter.FormContentFilter.doFilterInternal(FormContentFilter.java:93)
	at org.springframework.web.filter.OncePerRequestFilter.doFilter(OncePerRequestFilter.java:116)
	at org.apache.catalina.core.ApplicationFilterChain.doFilter(ApplicationFilterChain.java:107)
	at org.springframework.web.filter.CharacterEncodingFilter.doFilterInternal(CharacterEncodingFilter.java:199)
	at org.springframework.web.filter.OncePerRequestFilter.doFilter(OncePerRequestFilter.java:116)
	at org.apache.catalina.core.ApplicationFilterChain.doFilter(ApplicationFilterChain.java:107)
	at org.apache.catalina.core.StandardWrapperValve.invoke(StandardWrapperValve.java:165)
	at org.apache.catalina.core.StandardContextValve.invoke(StandardContextValve.java:77)
	at org.apache.catalina.authenticator.AuthenticatorBase.invoke(AuthenticatorBase.java:492)
	at org.apache.catalina.core.StandardHostValve.invoke(StandardHostValve.java:113)
	at org.apache.catalina.valves.ErrorReportValve.invoke(ErrorReportValve.java:83)
	at org.apache.catalina.core.StandardEngineValve.invoke(StandardEngineValve.java:72)
	at org.apache.catalina.connector.CoyoteAdapter.service(CoyoteAdapter.java:341)
	at org.apache.coyote.http11.Http11Processor.service(Http11Processor.java:397)
	at org.apache.coyote.AbstractProcessorLight.process(AbstractProcessorLight.java:63)
	at org.apache.coyote.AbstractProtocol$ConnectionHandler.process(AbstractProtocol.java:1272)
	at org.apache.tomcat.util.net.NioEndpoint$SocketProcessor.doRun(NioEndpoint.java:1801)
	at org.apache.tomcat.util.net.SocketProcessorBase.run(SocketProcessorBase.java:52)
	at org.apache.tomcat.util.threads.ThreadPoolExecutor.runWorker(ThreadPoolExecutor.java:946)
	at org.apache.tomcat.util.threads.ThreadPoolExecutor$Worker.run(ThreadPoolExecutor.java:480)
	at org.apache.tomcat.util.threads.TaskThread$WrappingRunnable.run(TaskThread.java:57)
	at java.base/java.lang.Thread.run(Thread.java:1474)
Caused by: org.springframework.security.core.userdetails.UsernameNotFoundException: User not found
	at com.internship.backend.security.SecurityConfig.lambda$userDetailsService$1(SecurityConfig.java:38)
	at java.base/java.util.Optional.orElseThrow(Optional.java:403)
	at com.internship.backend.security.SecurityConfig.lambda$userDetailsService$0(SecurityConfig.java:38)
	at org.springframework.security.authentication.dao.DaoAuthenticationProvider.retrieveUser(DaoAuthenticationProvider.java:106)
	at org.springframework.security.authentication.dao.AbstractUserDetailsAuthenticationProvider.authenticate(AbstractUserDetailsAuthenticationProvider.java:145)
	... 97 common frames omitted
2026-08-02 22:48:38 [http-nio-8080-exec-5] DEBUG c.i.b.s.JwtAuthenticationFilter - Processing request - Method: POST, Path: /api/auth/register
2026-08-02 22:48:38 [http-nio-8080-exec-5] DEBUG c.i.b.s.JwtAuthenticationFilter - No valid Authorization header found for request: POST /api/auth/register
2026-08-02 22:48:38 [http-nio-8080-exec-5] INFO  c.i.b.controller.AuthController - Processing registration request for username: ahmed
2026-08-02 22:48:38 [http-nio-8080-exec-5] DEBUG c.i.backend.service.AuthService - Starting registration process for username: ahmed
2026-08-02 22:48:38 [http-nio-8080-exec-5] DEBUG c.i.backend.service.AuthService - Username availability check passed for: ahmed
2026-08-02 22:48:38 [http-nio-8080-exec-5] DEBUG c.i.backend.service.AuthService - Encrypting password for username: ahmed
2026-08-02 22:48:38 [http-nio-8080-exec-5] DEBUG c.i.backend.service.AuthService - Saving user to database: ahmed
2026-08-02 22:48:38 [http-nio-8080-exec-5] INFO  c.i.backend.service.AuthService - User saved successfully to database: ahmed
2026-08-02 22:48:38 [http-nio-8080-exec-5] DEBUG c.i.backend.service.AuthService - Generating JWT token for username: ahmed
2026-08-02 22:48:38 [http-nio-8080-exec-5] DEBUG c.i.backend.security.JwtService - Generating JWT token for username: ahmed
2026-08-02 22:48:38 [http-nio-8080-exec-5] DEBUG c.i.backend.security.JwtService - Retrieving signing key for JWT
2026-08-02 22:48:38 [http-nio-8080-exec-5] DEBUG c.i.backend.security.JwtService - Signing key retrieved successfully
2026-08-02 22:48:38 [http-nio-8080-exec-5] INFO  c.i.backend.security.JwtService - JWT token generated successfully for username: ahmed - Expiration: Mon Aug 03 22:48:38 EEST 2026
2026-08-02 22:48:38 [http-nio-8080-exec-5] DEBUG c.i.backend.security.JwtService - JWT token length: 152 characters
2026-08-02 22:48:38 [http-nio-8080-exec-5] DEBUG c.i.backend.service.AuthService - JWT token generated successfully for username: ahmed
2026-08-02 22:48:38 [http-nio-8080-exec-5] INFO  c.i.backend.service.AuthService - Registration completed successfully for username: ahmed
2026-08-02 22:48:38 [http-nio-8080-exec-5] INFO  c.i.b.controller.AuthController - Registration successful for username: ahmed - Duration: 565ms
2026-08-02 22:48:46 [http-nio-8080-exec-2] DEBUG c.i.b.s.JwtAuthenticationFilter - Processing request - Method: POST, Path: /api/auth/login
2026-08-02 22:48:46 [http-nio-8080-exec-2] DEBUG c.i.b.s.JwtAuthenticationFilter - No valid Authorization header found for request: POST /api/auth/login
2026-08-02 22:48:46 [http-nio-8080-exec-2] INFO  c.i.b.controller.AuthController - Processing login request for username: ahmed
2026-08-02 22:48:46 [http-nio-8080-exec-2] DEBUG c.i.backend.service.AuthService - Starting login process for username: ahmed
2026-08-02 22:48:46 [http-nio-8080-exec-2] DEBUG c.i.backend.service.AuthService - Authenticating credentials for username: ahmed
2026-08-02 22:48:46 [http-nio-8080-exec-2] DEBUG c.i.backend.service.AuthService - Authentication successful for username: ahmed
2026-08-02 22:48:46 [http-nio-8080-exec-2] DEBUG c.i.backend.service.AuthService - Fetching user details from database for username: ahmed
2026-08-02 22:48:46 [http-nio-8080-exec-2] DEBUG c.i.backend.service.AuthService - User details fetched successfully for username: ahmed
2026-08-02 22:48:46 [http-nio-8080-exec-2] DEBUG c.i.backend.service.AuthService - Generating JWT token for login - username: ahmed
2026-08-02 22:48:46 [http-nio-8080-exec-2] DEBUG c.i.backend.security.JwtService - Generating JWT token for username: ahmed
2026-08-02 22:48:46 [http-nio-8080-exec-2] DEBUG c.i.backend.security.JwtService - Retrieving signing key for JWT
2026-08-02 22:48:46 [http-nio-8080-exec-2] DEBUG c.i.backend.security.JwtService - Signing key retrieved successfully
2026-08-02 22:48:46 [http-nio-8080-exec-2] INFO  c.i.backend.security.JwtService - JWT token generated successfully for username: ahmed - Expiration: Mon Aug 03 22:48:46 EEST 2026
2026-08-02 22:48:46 [http-nio-8080-exec-2] DEBUG c.i.backend.security.JwtService - JWT token length: 152 characters
2026-08-02 22:48:46 [http-nio-8080-exec-2] DEBUG c.i.backend.service.AuthService - JWT token generated successfully for login - username: ahmed
2026-08-02 22:48:46 [http-nio-8080-exec-2] INFO  c.i.backend.service.AuthService - Login completed successfully for username: ahmed
2026-08-02 22:48:46 [http-nio-8080-exec-2] INFO  c.i.b.controller.AuthController - Login successful for username: ahmed - Duration: 200ms
2026-08-02 22:48:46 [http-nio-8080-exec-8] DEBUG c.i.b.s.JwtAuthenticationFilter - Processing request - Method: GET, Path: /api/tasks
2026-08-02 22:48:46 [http-nio-8080-exec-8] DEBUG c.i.b.s.JwtAuthenticationFilter - JWT token extracted from Authorization header for request: GET /api/tasks
2026-08-02 22:48:46 [http-nio-8080-exec-8] DEBUG c.i.backend.security.JwtService - Extracting username from JWT token
2026-08-02 22:48:46 [http-nio-8080-exec-8] DEBUG c.i.backend.security.JwtService - Extracting claim from JWT token
2026-08-02 22:48:46 [http-nio-8080-exec-8] DEBUG c.i.backend.security.JwtService - Retrieving signing key for JWT
2026-08-02 22:48:46 [http-nio-8080-exec-8] DEBUG c.i.backend.security.JwtService - Signing key retrieved successfully
2026-08-02 22:48:46 [http-nio-8080-exec-8] DEBUG c.i.backend.security.JwtService - Claims extracted successfully from JWT token
2026-08-02 22:48:46 [http-nio-8080-exec-8] DEBUG c.i.backend.security.JwtService - Username extracted successfully from JWT: ahmed
2026-08-02 22:48:46 [http-nio-8080-exec-8] DEBUG c.i.b.s.JwtAuthenticationFilter - Username extracted from JWT: ahmed
2026-08-02 22:48:46 [http-nio-8080-exec-8] DEBUG c.i.b.s.JwtAuthenticationFilter - Attempting to authenticate user: ahmed for request: GET /api/tasks
2026-08-02 22:48:46 [http-nio-8080-exec-8] DEBUG c.i.b.s.JwtAuthenticationFilter - User details found for username: ahmed
2026-08-02 22:48:46 [http-nio-8080-exec-8] DEBUG c.i.backend.security.JwtService - Validating JWT token for username: ahmed
2026-08-02 22:48:46 [http-nio-8080-exec-8] DEBUG c.i.backend.security.JwtService - Extracting username from JWT token
2026-08-02 22:48:46 [http-nio-8080-exec-8] DEBUG c.i.backend.security.JwtService - Extracting claim from JWT token
2026-08-02 22:48:46 [http-nio-8080-exec-8] DEBUG c.i.backend.security.JwtService - Retrieving signing key for JWT
2026-08-02 22:48:46 [http-nio-8080-exec-8] DEBUG c.i.backend.security.JwtService - Signing key retrieved successfully
2026-08-02 22:48:46 [http-nio-8080-exec-8] DEBUG c.i.backend.security.JwtService - Claims extracted successfully from JWT token
2026-08-02 22:48:46 [http-nio-8080-exec-8] DEBUG c.i.backend.security.JwtService - Username extracted successfully from JWT: ahmed
2026-08-02 22:48:46 [http-nio-8080-exec-8] DEBUG c.i.backend.security.JwtService - Checking if JWT token is expired
2026-08-02 22:48:46 [http-nio-8080-exec-8] DEBUG c.i.backend.security.JwtService - Extracting expiration date from JWT token
2026-08-02 22:48:46 [http-nio-8080-exec-8] DEBUG c.i.backend.security.JwtService - Extracting claim from JWT token
2026-08-02 22:48:46 [http-nio-8080-exec-8] DEBUG c.i.backend.security.JwtService - Retrieving signing key for JWT
2026-08-02 22:48:46 [http-nio-8080-exec-8] DEBUG c.i.backend.security.JwtService - Signing key retrieved successfully
2026-08-02 22:48:46 [http-nio-8080-exec-8] DEBUG c.i.backend.security.JwtService - Claims extracted successfully from JWT token
2026-08-02 22:48:46 [http-nio-8080-exec-8] DEBUG c.i.backend.security.JwtService - Expiration date extracted: Mon Aug 03 22:48:46 EEST 2026
2026-08-02 22:48:46 [http-nio-8080-exec-8] DEBUG c.i.backend.security.JwtService - Token expiration check - Expiration Date: Mon Aug 03 22:48:46 EEST 2026, Current Date: Sun Aug 02 22:48:46 EEST 2026, Is Expired: false
2026-08-02 22:48:46 [http-nio-8080-exec-8] DEBUG c.i.backend.security.JwtService - Token validation details - Username: ahmed, Username Match: true, Is Expired: false
2026-08-02 22:48:46 [http-nio-8080-exec-8] DEBUG c.i.backend.security.JwtService - JWT token validation successful for username: ahmed
2026-08-02 22:48:46 [http-nio-8080-exec-8] DEBUG c.i.b.s.JwtAuthenticationFilter - JWT token validation successful for user: ahmed
2026-08-02 22:48:46 [http-nio-8080-exec-8] INFO  c.i.b.s.JwtAuthenticationFilter - User authenticated successfully - Username: ahmed, Request: GET /api/tasks
2026-08-02 22:48:46 [http-nio-8080-exec-8] INFO  c.i.b.controller.TaskController - Fetching tasks for user: ahmed - Status filter: null, Priority filter: null
2026-08-02 22:48:46 [http-nio-8080-exec-8] DEBUG c.i.backend.service.TaskService - Fetching tasks for user: ahmed - Status filter: null, Priority filter: null
2026-08-02 22:48:46 [http-nio-8080-exec-8] DEBUG c.i.backend.service.TaskService - Querying all tasks for user: ahmed
2026-08-02 22:48:46 [http-nio-8080-exec-8] INFO  c.i.backend.service.TaskService - Retrieved 0 tasks for user: ahmed
2026-08-02 22:48:46 [http-nio-8080-exec-8] DEBUG c.i.backend.service.TaskService - Converted 0 tasks to response DTOs for user: ahmed
2026-08-02 22:48:46 [http-nio-8080-exec-8] INFO  c.i.b.controller.TaskController - Tasks fetched successfully for user: ahmed - Count: 0 - Duration: 18ms
2026-08-02 22:48:50 [http-nio-8080-exec-10] DEBUG c.i.b.s.JwtAuthenticationFilter - Processing request - Method: GET, Path: /api/tasks/null
2026-08-02 22:48:50 [http-nio-8080-exec-10] DEBUG c.i.b.s.JwtAuthenticationFilter - JWT token extracted from Authorization header for request: GET /api/tasks/null
2026-08-02 22:48:50 [http-nio-8080-exec-10] DEBUG c.i.backend.security.JwtService - Extracting username from JWT token
2026-08-02 22:48:50 [http-nio-8080-exec-10] DEBUG c.i.backend.security.JwtService - Extracting claim from JWT token
2026-08-02 22:48:50 [http-nio-8080-exec-10] DEBUG c.i.backend.security.JwtService - Retrieving signing key for JWT
2026-08-02 22:48:50 [http-nio-8080-exec-10] DEBUG c.i.backend.security.JwtService - Signing key retrieved successfully
2026-08-02 22:48:50 [http-nio-8080-exec-10] DEBUG c.i.backend.security.JwtService - Claims extracted successfully from JWT token
2026-08-02 22:48:50 [http-nio-8080-exec-10] DEBUG c.i.backend.security.JwtService - Username extracted successfully from JWT: ahmed
2026-08-02 22:48:50 [http-nio-8080-exec-10] DEBUG c.i.b.s.JwtAuthenticationFilter - Username extracted from JWT: ahmed
2026-08-02 22:48:50 [http-nio-8080-exec-10] DEBUG c.i.b.s.JwtAuthenticationFilter - Attempting to authenticate user: ahmed for request: GET /api/tasks/null
2026-08-02 22:48:50 [http-nio-8080-exec-10] DEBUG c.i.b.s.JwtAuthenticationFilter - User details found for username: ahmed
2026-08-02 22:48:50 [http-nio-8080-exec-10] DEBUG c.i.backend.security.JwtService - Validating JWT token for username: ahmed
2026-08-02 22:48:50 [http-nio-8080-exec-10] DEBUG c.i.backend.security.JwtService - Extracting username from JWT token
2026-08-02 22:48:50 [http-nio-8080-exec-10] DEBUG c.i.backend.security.JwtService - Extracting claim from JWT token
2026-08-02 22:48:50 [http-nio-8080-exec-10] DEBUG c.i.backend.security.JwtService - Retrieving signing key for JWT
2026-08-02 22:48:50 [http-nio-8080-exec-10] DEBUG c.i.backend.security.JwtService - Signing key retrieved successfully
2026-08-02 22:48:50 [http-nio-8080-exec-10] DEBUG c.i.backend.security.JwtService - Claims extracted successfully from JWT token
2026-08-02 22:48:50 [http-nio-8080-exec-10] DEBUG c.i.backend.security.JwtService - Username extracted successfully from JWT: ahmed
2026-08-02 22:48:50 [http-nio-8080-exec-10] DEBUG c.i.backend.security.JwtService - Checking if JWT token is expired
2026-08-02 22:48:50 [http-nio-8080-exec-10] DEBUG c.i.backend.security.JwtService - Extracting expiration date from JWT token
2026-08-02 22:48:50 [http-nio-8080-exec-10] DEBUG c.i.backend.security.JwtService - Extracting claim from JWT token
2026-08-02 22:48:50 [http-nio-8080-exec-10] DEBUG c.i.backend.security.JwtService - Retrieving signing key for JWT
2026-08-02 22:48:50 [http-nio-8080-exec-10] DEBUG c.i.backend.security.JwtService - Signing key retrieved successfully
2026-08-02 22:48:50 [http-nio-8080-exec-10] DEBUG c.i.backend.security.JwtService - Claims extracted successfully from JWT token
2026-08-02 22:48:50 [http-nio-8080-exec-10] DEBUG c.i.backend.security.JwtService - Expiration date extracted: Mon Aug 03 22:48:46 EEST 2026
2026-08-02 22:48:50 [http-nio-8080-exec-10] DEBUG c.i.backend.security.JwtService - Token expiration check - Expiration Date: Mon Aug 03 22:48:46 EEST 2026, Current Date: Sun Aug 02 22:48:50 EEST 2026, Is Expired: false
2026-08-02 22:48:50 [http-nio-8080-exec-10] DEBUG c.i.backend.security.JwtService - Token validation details - Username: ahmed, Username Match: true, Is Expired: false
2026-08-02 22:48:50 [http-nio-8080-exec-10] DEBUG c.i.backend.security.JwtService - JWT token validation successful for username: ahmed
2026-08-02 22:48:50 [http-nio-8080-exec-10] DEBUG c.i.b.s.JwtAuthenticationFilter - JWT token validation successful for user: ahmed
2026-08-02 22:48:50 [http-nio-8080-exec-10] INFO  c.i.b.s.JwtAuthenticationFilter - User authenticated successfully - Username: ahmed, Request: GET /api/tasks/null
2026-08-02 22:48:50 [http-nio-8080-exec-10] WARN  o.s.w.s.m.s.DefaultHandlerExceptionResolver - Resolved [org.springframework.web.method.annotation.MethodArgumentTypeMismatchException: Method parameter 'id': Failed to convert value of type 'java.lang.String' to required type 'java.lang.Long'; For input string: "null"]
2026-08-02 22:49:02 [http-nio-8080-exec-4] DEBUG c.i.b.s.JwtAuthenticationFilter - Processing request - Method: POST, Path: /api/tasks
2026-08-02 22:49:02 [http-nio-8080-exec-4] DEBUG c.i.b.s.JwtAuthenticationFilter - JWT token extracted from Authorization header for request: POST /api/tasks
2026-08-02 22:49:02 [http-nio-8080-exec-4] DEBUG c.i.backend.security.JwtService - Extracting username from JWT token
2026-08-02 22:49:02 [http-nio-8080-exec-4] DEBUG c.i.backend.security.JwtService - Extracting claim from JWT token
2026-08-02 22:49:02 [http-nio-8080-exec-4] DEBUG c.i.backend.security.JwtService - Retrieving signing key for JWT
2026-08-02 22:49:02 [http-nio-8080-exec-4] DEBUG c.i.backend.security.JwtService - Signing key retrieved successfully
2026-08-02 22:49:02 [http-nio-8080-exec-4] DEBUG c.i.backend.security.JwtService - Claims extracted successfully from JWT token
2026-08-02 22:49:02 [http-nio-8080-exec-4] DEBUG c.i.backend.security.JwtService - Username extracted successfully from JWT: ahmed
2026-08-02 22:49:02 [http-nio-8080-exec-4] DEBUG c.i.b.s.JwtAuthenticationFilter - Username extracted from JWT: ahmed
2026-08-02 22:49:02 [http-nio-8080-exec-4] DEBUG c.i.b.s.JwtAuthenticationFilter - Attempting to authenticate user: ahmed for request: POST /api/tasks
2026-08-02 22:49:02 [http-nio-8080-exec-4] DEBUG c.i.b.s.JwtAuthenticationFilter - User details found for username: ahmed
2026-08-02 22:49:02 [http-nio-8080-exec-4] DEBUG c.i.backend.security.JwtService - Validating JWT token for username: ahmed
2026-08-02 22:49:02 [http-nio-8080-exec-4] DEBUG c.i.backend.security.JwtService - Extracting username from JWT token
2026-08-02 22:49:02 [http-nio-8080-exec-4] DEBUG c.i.backend.security.JwtService - Extracting claim from JWT token
2026-08-02 22:49:02 [http-nio-8080-exec-4] DEBUG c.i.backend.security.JwtService - Retrieving signing key for JWT
2026-08-02 22:49:02 [http-nio-8080-exec-4] DEBUG c.i.backend.security.JwtService - Signing key retrieved successfully
2026-08-02 22:49:02 [http-nio-8080-exec-4] DEBUG c.i.backend.security.JwtService - Claims extracted successfully from JWT token
2026-08-02 22:49:02 [http-nio-8080-exec-4] DEBUG c.i.backend.security.JwtService - Username extracted successfully from JWT: ahmed
2026-08-02 22:49:02 [http-nio-8080-exec-4] DEBUG c.i.backend.security.JwtService - Checking if JWT token is expired
2026-08-02 22:49:02 [http-nio-8080-exec-4] DEBUG c.i.backend.security.JwtService - Extracting expiration date from JWT token
2026-08-02 22:49:02 [http-nio-8080-exec-4] DEBUG c.i.backend.security.JwtService - Extracting claim from JWT token
2026-08-02 22:49:02 [http-nio-8080-exec-4] DEBUG c.i.backend.security.JwtService - Retrieving signing key for JWT
2026-08-02 22:49:02 [http-nio-8080-exec-4] DEBUG c.i.backend.security.JwtService - Signing key retrieved successfully
2026-08-02 22:49:02 [http-nio-8080-exec-4] DEBUG c.i.backend.security.JwtService - Claims extracted successfully from JWT token
2026-08-02 22:49:02 [http-nio-8080-exec-4] DEBUG c.i.backend.security.JwtService - Expiration date extracted: Mon Aug 03 22:48:46 EEST 2026
2026-08-02 22:49:02 [http-nio-8080-exec-4] DEBUG c.i.backend.security.JwtService - Token expiration check - Expiration Date: Mon Aug 03 22:48:46 EEST 2026, Current Date: Sun Aug 02 22:49:02 EEST 2026, Is Expired: false
2026-08-02 22:49:02 [http-nio-8080-exec-4] DEBUG c.i.backend.security.JwtService - Token validation details - Username: ahmed, Username Match: true, Is Expired: false
2026-08-02 22:49:02 [http-nio-8080-exec-4] DEBUG c.i.backend.security.JwtService - JWT token validation successful for username: ahmed
2026-08-02 22:49:02 [http-nio-8080-exec-4] DEBUG c.i.b.s.JwtAuthenticationFilter - JWT token validation successful for user: ahmed
2026-08-02 22:49:02 [http-nio-8080-exec-4] INFO  c.i.b.s.JwtAuthenticationFilter - User authenticated successfully - Username: ahmed, Request: POST /api/tasks
2026-08-02 22:49:02 [http-nio-8080-exec-4] INFO  c.i.b.controller.TaskController - Creating new task for user: ahmed - Title: task 1
2026-08-02 22:49:02 [http-nio-8080-exec-4] DEBUG c.i.backend.service.TaskService - Creating new task for user: ahmed - Title: 'task 1', Priority: HIGH, Status: IN_PROGRESS
2026-08-02 22:49:02 [http-nio-8080-exec-4] DEBUG c.i.backend.service.TaskService - Built task object - preparing to save for user: ahmed
2026-08-02 22:49:02 [http-nio-8080-exec-4] INFO  c.i.backend.service.TaskService - Task created and saved successfully - ID: 1, User: ahmed
2026-08-02 22:49:02 [http-nio-8080-exec-4] DEBUG c.i.backend.service.TaskService - Task response DTO created for task ID: 1
2026-08-02 22:49:02 [http-nio-8080-exec-4] INFO  c.i.b.controller.TaskController - Task created successfully for user: ahmed - Task ID: 1 - Duration: 26ms
2026-08-02 22:49:02 [http-nio-8080-exec-6] DEBUG c.i.b.s.JwtAuthenticationFilter - Processing request - Method: GET, Path: /api/tasks
2026-08-02 22:49:02 [http-nio-8080-exec-6] DEBUG c.i.b.s.JwtAuthenticationFilter - JWT token extracted from Authorization header for request: GET /api/tasks
2026-08-02 22:49:02 [http-nio-8080-exec-6] DEBUG c.i.backend.security.JwtService - Extracting username from JWT token
2026-08-02 22:49:02 [http-nio-8080-exec-6] DEBUG c.i.backend.security.JwtService - Extracting claim from JWT token
2026-08-02 22:49:02 [http-nio-8080-exec-6] DEBUG c.i.backend.security.JwtService - Retrieving signing key for JWT
2026-08-02 22:49:02 [http-nio-8080-exec-6] DEBUG c.i.backend.security.JwtService - Signing key retrieved successfully
2026-08-02 22:49:02 [http-nio-8080-exec-6] DEBUG c.i.backend.security.JwtService - Claims extracted successfully from JWT token
2026-08-02 22:49:02 [http-nio-8080-exec-6] DEBUG c.i.backend.security.JwtService - Username extracted successfully from JWT: ahmed
2026-08-02 22:49:02 [http-nio-8080-exec-6] DEBUG c.i.b.s.JwtAuthenticationFilter - Username extracted from JWT: ahmed
2026-08-02 22:49:02 [http-nio-8080-exec-6] DEBUG c.i.b.s.JwtAuthenticationFilter - Attempting to authenticate user: ahmed for request: GET /api/tasks
2026-08-02 22:49:02 [http-nio-8080-exec-6] DEBUG c.i.b.s.JwtAuthenticationFilter - User details found for username: ahmed
2026-08-02 22:49:02 [http-nio-8080-exec-6] DEBUG c.i.backend.security.JwtService - Validating JWT token for username: ahmed
2026-08-02 22:49:02 [http-nio-8080-exec-6] DEBUG c.i.backend.security.JwtService - Extracting username from JWT token
2026-08-02 22:49:02 [http-nio-8080-exec-6] DEBUG c.i.backend.security.JwtService - Extracting claim from JWT token
2026-08-02 22:49:02 [http-nio-8080-exec-6] DEBUG c.i.backend.security.JwtService - Retrieving signing key for JWT
2026-08-02 22:49:02 [http-nio-8080-exec-6] DEBUG c.i.backend.security.JwtService - Signing key retrieved successfully
2026-08-02 22:49:02 [http-nio-8080-exec-6] DEBUG c.i.backend.security.JwtService - Claims extracted successfully from JWT token
2026-08-02 22:49:02 [http-nio-8080-exec-6] DEBUG c.i.backend.security.JwtService - Username extracted successfully from JWT: ahmed
2026-08-02 22:49:02 [http-nio-8080-exec-6] DEBUG c.i.backend.security.JwtService - Checking if JWT token is expired
2026-08-02 22:49:02 [http-nio-8080-exec-6] DEBUG c.i.backend.security.JwtService - Extracting expiration date from JWT token
2026-08-02 22:49:02 [http-nio-8080-exec-6] DEBUG c.i.backend.security.JwtService - Extracting claim from JWT token
2026-08-02 22:49:02 [http-nio-8080-exec-6] DEBUG c.i.backend.security.JwtService - Retrieving signing key for JWT
2026-08-02 22:49:02 [http-nio-8080-exec-6] DEBUG c.i.backend.security.JwtService - Signing key retrieved successfully
2026-08-02 22:49:02 [http-nio-8080-exec-6] DEBUG c.i.backend.security.JwtService - Claims extracted successfully from JWT token
2026-08-02 22:49:02 [http-nio-8080-exec-6] DEBUG c.i.backend.security.JwtService - Expiration date extracted: Mon Aug 03 22:48:46 EEST 2026
2026-08-02 22:49:02 [http-nio-8080-exec-6] DEBUG c.i.backend.security.JwtService - Token expiration check - Expiration Date: Mon Aug 03 22:48:46 EEST 2026, Current Date: Sun Aug 02 22:49:02 EEST 2026, Is Expired: false
2026-08-02 22:49:02 [http-nio-8080-exec-6] DEBUG c.i.backend.security.JwtService - Token validation details - Username: ahmed, Username Match: true, Is Expired: false
2026-08-02 22:49:02 [http-nio-8080-exec-6] DEBUG c.i.backend.security.JwtService - JWT token validation successful for username: ahmed
2026-08-02 22:49:02 [http-nio-8080-exec-6] DEBUG c.i.b.s.JwtAuthenticationFilter - JWT token validation successful for user: ahmed
2026-08-02 22:49:02 [http-nio-8080-exec-6] INFO  c.i.b.s.JwtAuthenticationFilter - User authenticated successfully - Username: ahmed, Request: GET /api/tasks
2026-08-02 22:49:02 [http-nio-8080-exec-6] INFO  c.i.b.controller.TaskController - Fetching tasks for user: ahmed - Status filter: null, Priority filter: null
2026-08-02 22:49:02 [http-nio-8080-exec-6] DEBUG c.i.backend.service.TaskService - Fetching tasks for user: ahmed - Status filter: null, Priority filter: null
2026-08-02 22:49:02 [http-nio-8080-exec-6] DEBUG c.i.backend.service.TaskService - Querying all tasks for user: ahmed
2026-08-02 22:49:02 [http-nio-8080-exec-6] INFO  c.i.backend.service.TaskService - Retrieved 1 tasks for user: ahmed
2026-08-02 22:49:02 [http-nio-8080-exec-6] DEBUG c.i.backend.service.TaskService - Converted 1 tasks to response DTOs for user: ahmed
2026-08-02 22:49:02 [http-nio-8080-exec-6] INFO  c.i.b.controller.TaskController - Tasks fetched successfully for user: ahmed - Count: 1 - Duration: 16ms
2026-08-02 22:49:09 [http-nio-8080-exec-3] DEBUG c.i.b.s.JwtAuthenticationFilter - Processing request - Method: GET, Path: /api/tasks/null
2026-08-02 22:49:09 [http-nio-8080-exec-3] DEBUG c.i.b.s.JwtAuthenticationFilter - JWT token extracted from Authorization header for request: GET /api/tasks/null
2026-08-02 22:49:09 [http-nio-8080-exec-3] DEBUG c.i.backend.security.JwtService - Extracting username from JWT token
2026-08-02 22:49:09 [http-nio-8080-exec-3] DEBUG c.i.backend.security.JwtService - Extracting claim from JWT token
2026-08-02 22:49:09 [http-nio-8080-exec-3] DEBUG c.i.backend.security.JwtService - Retrieving signing key for JWT
2026-08-02 22:49:09 [http-nio-8080-exec-3] DEBUG c.i.backend.security.JwtService - Signing key retrieved successfully
2026-08-02 22:49:09 [http-nio-8080-exec-3] DEBUG c.i.backend.security.JwtService - Claims extracted successfully from JWT token
2026-08-02 22:49:09 [http-nio-8080-exec-3] DEBUG c.i.backend.security.JwtService - Username extracted successfully from JWT: ahmed
2026-08-02 22:49:09 [http-nio-8080-exec-3] DEBUG c.i.b.s.JwtAuthenticationFilter - Username extracted from JWT: ahmed
2026-08-02 22:49:09 [http-nio-8080-exec-3] DEBUG c.i.b.s.JwtAuthenticationFilter - Attempting to authenticate user: ahmed for request: GET /api/tasks/null
2026-08-02 22:49:09 [http-nio-8080-exec-3] DEBUG c.i.b.s.JwtAuthenticationFilter - User details found for username: ahmed
2026-08-02 22:49:09 [http-nio-8080-exec-3] DEBUG c.i.backend.security.JwtService - Validating JWT token for username: ahmed
2026-08-02 22:49:09 [http-nio-8080-exec-3] DEBUG c.i.backend.security.JwtService - Extracting username from JWT token
2026-08-02 22:49:09 [http-nio-8080-exec-3] DEBUG c.i.backend.security.JwtService - Extracting claim from JWT token
2026-08-02 22:49:09 [http-nio-8080-exec-3] DEBUG c.i.backend.security.JwtService - Retrieving signing key for JWT
2026-08-02 22:49:09 [http-nio-8080-exec-3] DEBUG c.i.backend.security.JwtService - Signing key retrieved successfully
2026-08-02 22:49:09 [http-nio-8080-exec-3] DEBUG c.i.backend.security.JwtService - Claims extracted successfully from JWT token
2026-08-02 22:49:09 [http-nio-8080-exec-3] DEBUG c.i.backend.security.JwtService - Username extracted successfully from JWT: ahmed
2026-08-02 22:49:09 [http-nio-8080-exec-3] DEBUG c.i.backend.security.JwtService - Checking if JWT token is expired
2026-08-02 22:49:09 [http-nio-8080-exec-3] DEBUG c.i.backend.security.JwtService - Extracting expiration date from JWT token
2026-08-02 22:49:09 [http-nio-8080-exec-3] DEBUG c.i.backend.security.JwtService - Extracting claim from JWT token
2026-08-02 22:49:09 [http-nio-8080-exec-3] DEBUG c.i.backend.security.JwtService - Retrieving signing key for JWT
2026-08-02 22:49:09 [http-nio-8080-exec-3] DEBUG c.i.backend.security.JwtService - Signing key retrieved successfully
2026-08-02 22:49:09 [http-nio-8080-exec-3] DEBUG c.i.backend.security.JwtService - Claims extracted successfully from JWT token
2026-08-02 22:49:09 [http-nio-8080-exec-3] DEBUG c.i.backend.security.JwtService - Expiration date extracted: Mon Aug 03 22:48:46 EEST 2026
2026-08-02 22:49:09 [http-nio-8080-exec-3] DEBUG c.i.backend.security.JwtService - Token expiration check - Expiration Date: Mon Aug 03 22:48:46 EEST 2026, Current Date: Sun Aug 02 22:49:09 EEST 2026, Is Expired: false
2026-08-02 22:49:09 [http-nio-8080-exec-3] DEBUG c.i.backend.security.JwtService - Token validation details - Username: ahmed, Username Match: true, Is Expired: false
2026-08-02 22:49:09 [http-nio-8080-exec-3] DEBUG c.i.backend.security.JwtService - JWT token validation successful for username: ahmed
2026-08-02 22:49:09 [http-nio-8080-exec-3] DEBUG c.i.b.s.JwtAuthenticationFilter - JWT token validation successful for user: ahmed
2026-08-02 22:49:09 [http-nio-8080-exec-3] INFO  c.i.b.s.JwtAuthenticationFilter - User authenticated successfully - Username: ahmed, Request: GET /api/tasks/null
2026-08-02 22:49:09 [http-nio-8080-exec-3] WARN  o.s.w.s.m.s.DefaultHandlerExceptionResolver - Resolved [org.springframework.web.method.annotation.MethodArgumentTypeMismatchException: Method parameter 'id': Failed to convert value of type 'java.lang.String' to required type 'java.lang.Long'; For input string: "null"]
2026-08-02 22:49:19 [http-nio-8080-exec-5] DEBUG c.i.b.s.JwtAuthenticationFilter - Processing request - Method: POST, Path: /api/tasks
2026-08-02 22:49:19 [http-nio-8080-exec-5] DEBUG c.i.b.s.JwtAuthenticationFilter - JWT token extracted from Authorization header for request: POST /api/tasks
2026-08-02 22:49:19 [http-nio-8080-exec-5] DEBUG c.i.backend.security.JwtService - Extracting username from JWT token
2026-08-02 22:49:19 [http-nio-8080-exec-5] DEBUG c.i.backend.security.JwtService - Extracting claim from JWT token
2026-08-02 22:49:19 [http-nio-8080-exec-5] DEBUG c.i.backend.security.JwtService - Retrieving signing key for JWT
2026-08-02 22:49:19 [http-nio-8080-exec-5] DEBUG c.i.backend.security.JwtService - Signing key retrieved successfully
2026-08-02 22:49:19 [http-nio-8080-exec-5] DEBUG c.i.backend.security.JwtService - Claims extracted successfully from JWT token
2026-08-02 22:49:19 [http-nio-8080-exec-5] DEBUG c.i.backend.security.JwtService - Username extracted successfully from JWT: ahmed
2026-08-02 22:49:19 [http-nio-8080-exec-5] DEBUG c.i.b.s.JwtAuthenticationFilter - Username extracted from JWT: ahmed
2026-08-02 22:49:19 [http-nio-8080-exec-5] DEBUG c.i.b.s.JwtAuthenticationFilter - Attempting to authenticate user: ahmed for request: POST /api/tasks
2026-08-02 22:49:19 [http-nio-8080-exec-5] DEBUG c.i.b.s.JwtAuthenticationFilter - User details found for username: ahmed
2026-08-02 22:49:19 [http-nio-8080-exec-5] DEBUG c.i.backend.security.JwtService - Validating JWT token for username: ahmed
2026-08-02 22:49:19 [http-nio-8080-exec-5] DEBUG c.i.backend.security.JwtService - Extracting username from JWT token
2026-08-02 22:49:19 [http-nio-8080-exec-5] DEBUG c.i.backend.security.JwtService - Extracting claim from JWT token
2026-08-02 22:49:19 [http-nio-8080-exec-5] DEBUG c.i.backend.security.JwtService - Retrieving signing key for JWT
2026-08-02 22:49:19 [http-nio-8080-exec-5] DEBUG c.i.backend.security.JwtService - Signing key retrieved successfully
2026-08-02 22:49:19 [http-nio-8080-exec-5] DEBUG c.i.backend.security.JwtService - Claims extracted successfully from JWT token
2026-08-02 22:49:19 [http-nio-8080-exec-5] DEBUG c.i.backend.security.JwtService - Username extracted successfully from JWT: ahmed
2026-08-02 22:49:19 [http-nio-8080-exec-5] DEBUG c.i.backend.security.JwtService - Checking if JWT token is expired
2026-08-02 22:49:19 [http-nio-8080-exec-5] DEBUG c.i.backend.security.JwtService - Extracting expiration date from JWT token
2026-08-02 22:49:19 [http-nio-8080-exec-5] DEBUG c.i.backend.security.JwtService - Extracting claim from JWT token
2026-08-02 22:49:19 [http-nio-8080-exec-5] DEBUG c.i.backend.security.JwtService - Retrieving signing key for JWT
2026-08-02 22:49:19 [http-nio-8080-exec-5] DEBUG c.i.backend.security.JwtService - Signing key retrieved successfully
2026-08-02 22:49:19 [http-nio-8080-exec-5] DEBUG c.i.backend.security.JwtService - Claims extracted successfully from JWT token
2026-08-02 22:49:19 [http-nio-8080-exec-5] DEBUG c.i.backend.security.JwtService - Expiration date extracted: Mon Aug 03 22:48:46 EEST 2026
2026-08-02 22:49:19 [http-nio-8080-exec-5] DEBUG c.i.backend.security.JwtService - Token expiration check - Expiration Date: Mon Aug 03 22:48:46 EEST 2026, Current Date: Sun Aug 02 22:49:19 EEST 2026, Is Expired: false
2026-08-02 22:49:19 [http-nio-8080-exec-5] DEBUG c.i.backend.security.JwtService - Token validation details - Username: ahmed, Username Match: true, Is Expired: false
2026-08-02 22:49:19 [http-nio-8080-exec-5] DEBUG c.i.backend.security.JwtService - JWT token validation successful for username: ahmed
2026-08-02 22:49:19 [http-nio-8080-exec-5] DEBUG c.i.b.s.JwtAuthenticationFilter - JWT token validation successful for user: ahmed
2026-08-02 22:49:19 [http-nio-8080-exec-5] INFO  c.i.b.s.JwtAuthenticationFilter - User authenticated successfully - Username: ahmed, Request: POST /api/tasks
2026-08-02 22:49:19 [http-nio-8080-exec-5] INFO  c.i.b.controller.TaskController - Creating new task for user: ahmed - Title: task 2 
2026-08-02 22:49:19 [http-nio-8080-exec-5] DEBUG c.i.backend.service.TaskService - Creating new task for user: ahmed - Title: 'task 2 ', Priority: MEDIUM, Status: TODO
2026-08-02 22:49:19 [http-nio-8080-exec-5] DEBUG c.i.backend.service.TaskService - Built task object - preparing to save for user: ahmed
2026-08-02 22:49:19 [http-nio-8080-exec-5] INFO  c.i.backend.service.TaskService - Task created and saved successfully - ID: 2, User: ahmed
2026-08-02 22:49:19 [http-nio-8080-exec-5] DEBUG c.i.backend.service.TaskService - Task response DTO created for task ID: 2
2026-08-02 22:49:19 [http-nio-8080-exec-5] INFO  c.i.b.controller.TaskController - Task created successfully for user: ahmed - Task ID: 2 - Duration: 16ms
2026-08-02 22:49:19 [http-nio-8080-exec-2] DEBUG c.i.b.s.JwtAuthenticationFilter - Processing request - Method: GET, Path: /api/tasks
2026-08-02 22:49:19 [http-nio-8080-exec-2] DEBUG c.i.b.s.JwtAuthenticationFilter - JWT token extracted from Authorization header for request: GET /api/tasks
2026-08-02 22:49:19 [http-nio-8080-exec-2] DEBUG c.i.backend.security.JwtService - Extracting username from JWT token
2026-08-02 22:49:19 [http-nio-8080-exec-2] DEBUG c.i.backend.security.JwtService - Extracting claim from JWT token
2026-08-02 22:49:19 [http-nio-8080-exec-2] DEBUG c.i.backend.security.JwtService - Retrieving signing key for JWT
2026-08-02 22:49:19 [http-nio-8080-exec-2] DEBUG c.i.backend.security.JwtService - Signing key retrieved successfully
2026-08-02 22:49:19 [http-nio-8080-exec-2] DEBUG c.i.backend.security.JwtService - Claims extracted successfully from JWT token
2026-08-02 22:49:19 [http-nio-8080-exec-2] DEBUG c.i.backend.security.JwtService - Username extracted successfully from JWT: ahmed
2026-08-02 22:49:19 [http-nio-8080-exec-2] DEBUG c.i.b.s.JwtAuthenticationFilter - Username extracted from JWT: ahmed
2026-08-02 22:49:19 [http-nio-8080-exec-2] DEBUG c.i.b.s.JwtAuthenticationFilter - Attempting to authenticate user: ahmed for request: GET /api/tasks
2026-08-02 22:49:19 [http-nio-8080-exec-2] DEBUG c.i.b.s.JwtAuthenticationFilter - User details found for username: ahmed
2026-08-02 22:49:19 [http-nio-8080-exec-2] DEBUG c.i.backend.security.JwtService - Validating JWT token for username: ahmed
2026-08-02 22:49:19 [http-nio-8080-exec-2] DEBUG c.i.backend.security.JwtService - Extracting username from JWT token
2026-08-02 22:49:19 [http-nio-8080-exec-2] DEBUG c.i.backend.security.JwtService - Extracting claim from JWT token
2026-08-02 22:49:19 [http-nio-8080-exec-2] DEBUG c.i.backend.security.JwtService - Retrieving signing key for JWT
2026-08-02 22:49:19 [http-nio-8080-exec-2] DEBUG c.i.backend.security.JwtService - Signing key retrieved successfully
2026-08-02 22:49:19 [http-nio-8080-exec-2] DEBUG c.i.backend.security.JwtService - Claims extracted successfully from JWT token
2026-08-02 22:49:19 [http-nio-8080-exec-2] DEBUG c.i.backend.security.JwtService - Username extracted successfully from JWT: ahmed
2026-08-02 22:49:19 [http-nio-8080-exec-2] DEBUG c.i.backend.security.JwtService - Checking if JWT token is expired
2026-08-02 22:49:19 [http-nio-8080-exec-2] DEBUG c.i.backend.security.JwtService - Extracting expiration date from JWT token
2026-08-02 22:49:19 [http-nio-8080-exec-2] DEBUG c.i.backend.security.JwtService - Extracting claim from JWT token
2026-08-02 22:49:19 [http-nio-8080-exec-2] DEBUG c.i.backend.security.JwtService - Retrieving signing key for JWT
2026-08-02 22:49:19 [http-nio-8080-exec-2] DEBUG c.i.backend.security.JwtService - Signing key retrieved successfully
2026-08-02 22:49:19 [http-nio-8080-exec-2] DEBUG c.i.backend.security.JwtService - Claims extracted successfully from JWT token
2026-08-02 22:49:19 [http-nio-8080-exec-2] DEBUG c.i.backend.security.JwtService - Expiration date extracted: Mon Aug 03 22:48:46 EEST 2026
2026-08-02 22:49:19 [http-nio-8080-exec-2] DEBUG c.i.backend.security.JwtService - Token expiration check - Expiration Date: Mon Aug 03 22:48:46 EEST 2026, Current Date: Sun Aug 02 22:49:19 EEST 2026, Is Expired: false
2026-08-02 22:49:19 [http-nio-8080-exec-2] DEBUG c.i.backend.security.JwtService - Token validation details - Username: ahmed, Username Match: true, Is Expired: false
2026-08-02 22:49:19 [http-nio-8080-exec-2] DEBUG c.i.backend.security.JwtService - JWT token validation successful for username: ahmed
2026-08-02 22:49:19 [http-nio-8080-exec-2] DEBUG c.i.b.s.JwtAuthenticationFilter - JWT token validation successful for user: ahmed
2026-08-02 22:49:19 [http-nio-8080-exec-2] INFO  c.i.b.s.JwtAuthenticationFilter - User authenticated successfully - Username: ahmed, Request: GET /api/tasks
2026-08-02 22:49:19 [http-nio-8080-exec-2] INFO  c.i.b.controller.TaskController - Fetching tasks for user: ahmed - Status filter: null, Priority filter: null
2026-08-02 22:49:19 [http-nio-8080-exec-2] DEBUG c.i.backend.service.TaskService - Fetching tasks for user: ahmed - Status filter: null, Priority filter: null
2026-08-02 22:49:19 [http-nio-8080-exec-2] DEBUG c.i.backend.service.TaskService - Querying all tasks for user: ahmed
2026-08-02 22:49:19 [http-nio-8080-exec-2] INFO  c.i.backend.service.TaskService - Retrieved 2 tasks for user: ahmed
2026-08-02 22:49:19 [http-nio-8080-exec-2] DEBUG c.i.backend.service.TaskService - Converted 2 tasks to response DTOs for user: ahmed
2026-08-02 22:49:19 [http-nio-8080-exec-2] INFO  c.i.b.controller.TaskController - Tasks fetched successfully for user: ahmed - Count: 2 - Duration: 7ms
2026-08-02 22:49:26 [http-nio-8080-exec-8] DEBUG c.i.b.s.JwtAuthenticationFilter - Processing request - Method: GET, Path: /api/tasks/1
2026-08-02 22:49:26 [http-nio-8080-exec-8] DEBUG c.i.b.s.JwtAuthenticationFilter - JWT token extracted from Authorization header for request: GET /api/tasks/1
2026-08-02 22:49:26 [http-nio-8080-exec-8] DEBUG c.i.backend.security.JwtService - Extracting username from JWT token
2026-08-02 22:49:26 [http-nio-8080-exec-8] DEBUG c.i.backend.security.JwtService - Extracting claim from JWT token
2026-08-02 22:49:26 [http-nio-8080-exec-8] DEBUG c.i.backend.security.JwtService - Retrieving signing key for JWT
2026-08-02 22:49:26 [http-nio-8080-exec-8] DEBUG c.i.backend.security.JwtService - Signing key retrieved successfully
2026-08-02 22:49:26 [http-nio-8080-exec-8] DEBUG c.i.backend.security.JwtService - Claims extracted successfully from JWT token
2026-08-02 22:49:26 [http-nio-8080-exec-8] DEBUG c.i.backend.security.JwtService - Username extracted successfully from JWT: ahmed
2026-08-02 22:49:26 [http-nio-8080-exec-8] DEBUG c.i.b.s.JwtAuthenticationFilter - Username extracted from JWT: ahmed
2026-08-02 22:49:26 [http-nio-8080-exec-8] DEBUG c.i.b.s.JwtAuthenticationFilter - Attempting to authenticate user: ahmed for request: GET /api/tasks/1
2026-08-02 22:49:26 [http-nio-8080-exec-8] DEBUG c.i.b.s.JwtAuthenticationFilter - User details found for username: ahmed
2026-08-02 22:49:26 [http-nio-8080-exec-8] DEBUG c.i.backend.security.JwtService - Validating JWT token for username: ahmed
2026-08-02 22:49:26 [http-nio-8080-exec-8] DEBUG c.i.backend.security.JwtService - Extracting username from JWT token
2026-08-02 22:49:26 [http-nio-8080-exec-8] DEBUG c.i.backend.security.JwtService - Extracting claim from JWT token
2026-08-02 22:49:26 [http-nio-8080-exec-8] DEBUG c.i.backend.security.JwtService - Retrieving signing key for JWT
2026-08-02 22:49:26 [http-nio-8080-exec-8] DEBUG c.i.backend.security.JwtService - Signing key retrieved successfully
2026-08-02 22:49:26 [http-nio-8080-exec-8] DEBUG c.i.backend.security.JwtService - Claims extracted successfully from JWT token
2026-08-02 22:49:26 [http-nio-8080-exec-8] DEBUG c.i.backend.security.JwtService - Username extracted successfully from JWT: ahmed
2026-08-02 22:49:26 [http-nio-8080-exec-8] DEBUG c.i.backend.security.JwtService - Checking if JWT token is expired
2026-08-02 22:49:26 [http-nio-8080-exec-8] DEBUG c.i.backend.security.JwtService - Extracting expiration date from JWT token
2026-08-02 22:49:26 [http-nio-8080-exec-8] DEBUG c.i.backend.security.JwtService - Extracting claim from JWT token
2026-08-02 22:49:26 [http-nio-8080-exec-8] DEBUG c.i.backend.security.JwtService - Retrieving signing key for JWT
2026-08-02 22:49:26 [http-nio-8080-exec-8] DEBUG c.i.backend.security.JwtService - Signing key retrieved successfully
2026-08-02 22:49:26 [http-nio-8080-exec-8] DEBUG c.i.backend.security.JwtService - Claims extracted successfully from JWT token
2026-08-02 22:49:26 [http-nio-8080-exec-8] DEBUG c.i.backend.security.JwtService - Expiration date extracted: Mon Aug 03 22:48:46 EEST 2026
2026-08-02 22:49:26 [http-nio-8080-exec-8] DEBUG c.i.backend.security.JwtService - Token expiration check - Expiration Date: Mon Aug 03 22:48:46 EEST 2026, Current Date: Sun Aug 02 22:49:26 EEST 2026, Is Expired: false
2026-08-02 22:49:26 [http-nio-8080-exec-8] DEBUG c.i.backend.security.JwtService - Token validation details - Username: ahmed, Username Match: true, Is Expired: false
2026-08-02 22:49:26 [http-nio-8080-exec-8] DEBUG c.i.backend.security.JwtService - JWT token validation successful for username: ahmed
2026-08-02 22:49:26 [http-nio-8080-exec-8] DEBUG c.i.b.s.JwtAuthenticationFilter - JWT token validation successful for user: ahmed
2026-08-02 22:49:26 [http-nio-8080-exec-8] INFO  c.i.b.s.JwtAuthenticationFilter - User authenticated successfully - Username: ahmed, Request: GET /api/tasks/1
2026-08-02 22:49:26 [http-nio-8080-exec-8] INFO  c.i.b.controller.TaskController - Fetching task ID: 1 for user: ahmed
2026-08-02 22:49:26 [http-nio-8080-exec-8] DEBUG c.i.backend.service.TaskService - Fetching task ID: 1 for user: ahmed
2026-08-02 22:49:26 [http-nio-8080-exec-8] DEBUG c.i.backend.service.TaskService - Validating task access - Task ID: 1, User: ahmed
2026-08-02 22:49:26 [http-nio-8080-exec-8] INFO  c.i.backend.service.TaskService - Task ID: 1 retrieved successfully for user: ahmed
2026-08-02 22:49:26 [http-nio-8080-exec-8] INFO  c.i.b.controller.TaskController - Task ID: 1 fetched successfully for user: ahmed - Duration: 31ms
2026-08-02 22:49:29 [http-nio-8080-exec-10] DEBUG c.i.b.s.JwtAuthenticationFilter - Processing request - Method: PUT, Path: /api/tasks/1
2026-08-02 22:49:29 [http-nio-8080-exec-10] DEBUG c.i.b.s.JwtAuthenticationFilter - JWT token extracted from Authorization header for request: PUT /api/tasks/1
2026-08-02 22:49:29 [http-nio-8080-exec-10] DEBUG c.i.backend.security.JwtService - Extracting username from JWT token
2026-08-02 22:49:29 [http-nio-8080-exec-10] DEBUG c.i.backend.security.JwtService - Extracting claim from JWT token
2026-08-02 22:49:29 [http-nio-8080-exec-10] DEBUG c.i.backend.security.JwtService - Retrieving signing key for JWT
2026-08-02 22:49:29 [http-nio-8080-exec-10] DEBUG c.i.backend.security.JwtService - Signing key retrieved successfully
2026-08-02 22:49:29 [http-nio-8080-exec-10] DEBUG c.i.backend.security.JwtService - Claims extracted successfully from JWT token
2026-08-02 22:49:29 [http-nio-8080-exec-10] DEBUG c.i.backend.security.JwtService - Username extracted successfully from JWT: ahmed
2026-08-02 22:49:29 [http-nio-8080-exec-10] DEBUG c.i.b.s.JwtAuthenticationFilter - Username extracted from JWT: ahmed
2026-08-02 22:49:29 [http-nio-8080-exec-10] DEBUG c.i.b.s.JwtAuthenticationFilter - Attempting to authenticate user: ahmed for request: PUT /api/tasks/1
2026-08-02 22:49:29 [http-nio-8080-exec-10] DEBUG c.i.b.s.JwtAuthenticationFilter - User details found for username: ahmed
2026-08-02 22:49:29 [http-nio-8080-exec-10] DEBUG c.i.backend.security.JwtService - Validating JWT token for username: ahmed
2026-08-02 22:49:29 [http-nio-8080-exec-10] DEBUG c.i.backend.security.JwtService - Extracting username from JWT token
2026-08-02 22:49:29 [http-nio-8080-exec-10] DEBUG c.i.backend.security.JwtService - Extracting claim from JWT token
2026-08-02 22:49:29 [http-nio-8080-exec-10] DEBUG c.i.backend.security.JwtService - Retrieving signing key for JWT
2026-08-02 22:49:29 [http-nio-8080-exec-10] DEBUG c.i.backend.security.JwtService - Signing key retrieved successfully
2026-08-02 22:49:29 [http-nio-8080-exec-10] DEBUG c.i.backend.security.JwtService - Claims extracted successfully from JWT token
2026-08-02 22:49:29 [http-nio-8080-exec-10] DEBUG c.i.backend.security.JwtService - Username extracted successfully from JWT: ahmed
2026-08-02 22:49:29 [http-nio-8080-exec-10] DEBUG c.i.backend.security.JwtService - Checking if JWT token is expired
2026-08-02 22:49:29 [http-nio-8080-exec-10] DEBUG c.i.backend.security.JwtService - Extracting expiration date from JWT token
2026-08-02 22:49:29 [http-nio-8080-exec-10] DEBUG c.i.backend.security.JwtService - Extracting claim from JWT token
2026-08-02 22:49:29 [http-nio-8080-exec-10] DEBUG c.i.backend.security.JwtService - Retrieving signing key for JWT
2026-08-02 22:49:29 [http-nio-8080-exec-10] DEBUG c.i.backend.security.JwtService - Signing key retrieved successfully
2026-08-02 22:49:29 [http-nio-8080-exec-10] DEBUG c.i.backend.security.JwtService - Claims extracted successfully from JWT token
2026-08-02 22:49:29 [http-nio-8080-exec-10] DEBUG c.i.backend.security.JwtService - Expiration date extracted: Mon Aug 03 22:48:46 EEST 2026
2026-08-02 22:49:29 [http-nio-8080-exec-10] DEBUG c.i.backend.security.JwtService - Token expiration check - Expiration Date: Mon Aug 03 22:48:46 EEST 2026, Current Date: Sun Aug 02 22:49:29 EEST 2026, Is Expired: false
2026-08-02 22:49:29 [http-nio-8080-exec-10] DEBUG c.i.backend.security.JwtService - Token validation details - Username: ahmed, Username Match: true, Is Expired: false
2026-08-02 22:49:29 [http-nio-8080-exec-10] DEBUG c.i.backend.security.JwtService - JWT token validation successful for username: ahmed
2026-08-02 22:49:29 [http-nio-8080-exec-10] DEBUG c.i.b.s.JwtAuthenticationFilter - JWT token validation successful for user: ahmed
2026-08-02 22:49:29 [http-nio-8080-exec-10] INFO  c.i.b.s.JwtAuthenticationFilter - User authenticated successfully - Username: ahmed, Request: PUT /api/tasks/1
2026-08-02 22:49:29 [http-nio-8080-exec-10] INFO  c.i.b.controller.TaskController - Updating task ID: 1 for user: ahmed - New title: task 1
2026-08-02 22:49:29 [http-nio-8080-exec-10] DEBUG c.i.backend.service.TaskService - Updating task ID: 1 for user: ahmed - New Title: 'task 1', New Priority: LOW, New Status: IN_PROGRESS
2026-08-02 22:49:29 [http-nio-8080-exec-10] DEBUG c.i.backend.service.TaskService - Validating task access - Task ID: 1, User: ahmed
2026-08-02 22:49:29 [http-nio-8080-exec-10] DEBUG c.i.backend.service.TaskService - Task retrieved for update - ID: 1, Current Title: 'task 1', Current Status: IN_PROGRESS
2026-08-02 22:49:29 [http-nio-8080-exec-10] DEBUG c.i.backend.service.TaskService - Task properties updated - ID: 1, Saving to database
2026-08-02 22:49:29 [http-nio-8080-exec-10] INFO  c.i.backend.service.TaskService - Task ID: 1 updated successfully for user: ahmed
2026-08-02 22:49:29 [http-nio-8080-exec-10] DEBUG c.i.backend.service.TaskService - Task response DTO created for updated task ID: 1
2026-08-02 22:49:29 [http-nio-8080-exec-10] INFO  c.i.b.controller.TaskController - Task ID: 1 updated successfully for user: ahmed - Duration: 31ms
2026-08-02 22:49:29 [http-nio-8080-exec-1] DEBUG c.i.b.s.JwtAuthenticationFilter - Processing request - Method: GET, Path: /api/tasks
2026-08-02 22:49:29 [http-nio-8080-exec-1] DEBUG c.i.b.s.JwtAuthenticationFilter - JWT token extracted from Authorization header for request: GET /api/tasks
2026-08-02 22:49:29 [http-nio-8080-exec-1] DEBUG c.i.backend.security.JwtService - Extracting username from JWT token
2026-08-02 22:49:29 [http-nio-8080-exec-1] DEBUG c.i.backend.security.JwtService - Extracting claim from JWT token
2026-08-02 22:49:29 [http-nio-8080-exec-1] DEBUG c.i.backend.security.JwtService - Retrieving signing key for JWT
2026-08-02 22:49:29 [http-nio-8080-exec-1] DEBUG c.i.backend.security.JwtService - Signing key retrieved successfully
2026-08-02 22:49:29 [http-nio-8080-exec-1] DEBUG c.i.backend.security.JwtService - Claims extracted successfully from JWT token
2026-08-02 22:49:29 [http-nio-8080-exec-1] DEBUG c.i.backend.security.JwtService - Username extracted successfully from JWT: ahmed
2026-08-02 22:49:29 [http-nio-8080-exec-1] DEBUG c.i.b.s.JwtAuthenticationFilter - Username extracted from JWT: ahmed
2026-08-02 22:49:29 [http-nio-8080-exec-1] DEBUG c.i.b.s.JwtAuthenticationFilter - Attempting to authenticate user: ahmed for request: GET /api/tasks
2026-08-02 22:49:29 [http-nio-8080-exec-1] DEBUG c.i.b.s.JwtAuthenticationFilter - User details found for username: ahmed
2026-08-02 22:49:29 [http-nio-8080-exec-1] DEBUG c.i.backend.security.JwtService - Validating JWT token for username: ahmed
2026-08-02 22:49:29 [http-nio-8080-exec-1] DEBUG c.i.backend.security.JwtService - Extracting username from JWT token
2026-08-02 22:49:29 [http-nio-8080-exec-1] DEBUG c.i.backend.security.JwtService - Extracting claim from JWT token
2026-08-02 22:49:29 [http-nio-8080-exec-1] DEBUG c.i.backend.security.JwtService - Retrieving signing key for JWT
2026-08-02 22:49:29 [http-nio-8080-exec-1] DEBUG c.i.backend.security.JwtService - Signing key retrieved successfully
2026-08-02 22:49:29 [http-nio-8080-exec-1] DEBUG c.i.backend.security.JwtService - Claims extracted successfully from JWT token
2026-08-02 22:49:29 [http-nio-8080-exec-1] DEBUG c.i.backend.security.JwtService - Username extracted successfully from JWT: ahmed
2026-08-02 22:49:29 [http-nio-8080-exec-1] DEBUG c.i.backend.security.JwtService - Checking if JWT token is expired
2026-08-02 22:49:29 [http-nio-8080-exec-1] DEBUG c.i.backend.security.JwtService - Extracting expiration date from JWT token
2026-08-02 22:49:29 [http-nio-8080-exec-1] DEBUG c.i.backend.security.JwtService - Extracting claim from JWT token
2026-08-02 22:49:29 [http-nio-8080-exec-1] DEBUG c.i.backend.security.JwtService - Retrieving signing key for JWT
2026-08-02 22:49:29 [http-nio-8080-exec-1] DEBUG c.i.backend.security.JwtService - Signing key retrieved successfully
2026-08-02 22:49:29 [http-nio-8080-exec-1] DEBUG c.i.backend.security.JwtService - Claims extracted successfully from JWT token
2026-08-02 22:49:29 [http-nio-8080-exec-1] DEBUG c.i.backend.security.JwtService - Expiration date extracted: Mon Aug 03 22:48:46 EEST 2026
2026-08-02 22:49:29 [http-nio-8080-exec-1] DEBUG c.i.backend.security.JwtService - Token expiration check - Expiration Date: Mon Aug 03 22:48:46 EEST 2026, Current Date: Sun Aug 02 22:49:29 EEST 2026, Is Expired: false
2026-08-02 22:49:29 [http-nio-8080-exec-1] DEBUG c.i.backend.security.JwtService - Token validation details - Username: ahmed, Username Match: true, Is Expired: false
2026-08-02 22:49:29 [http-nio-8080-exec-1] DEBUG c.i.backend.security.JwtService - JWT token validation successful for username: ahmed
2026-08-02 22:49:29 [http-nio-8080-exec-1] DEBUG c.i.b.s.JwtAuthenticationFilter - JWT token validation successful for user: ahmed
2026-08-02 22:49:29 [http-nio-8080-exec-1] INFO  c.i.b.s.JwtAuthenticationFilter - User authenticated successfully - Username: ahmed, Request: GET /api/tasks
2026-08-02 22:49:29 [http-nio-8080-exec-1] INFO  c.i.b.controller.TaskController - Fetching tasks for user: ahmed - Status filter: null, Priority filter: null
2026-08-02 22:49:29 [http-nio-8080-exec-1] DEBUG c.i.backend.service.TaskService - Fetching tasks for user: ahmed - Status filter: null, Priority filter: null
2026-08-02 22:49:29 [http-nio-8080-exec-1] DEBUG c.i.backend.service.TaskService - Querying all tasks for user: ahmed
2026-08-02 22:49:29 [http-nio-8080-exec-1] INFO  c.i.backend.service.TaskService - Retrieved 2 tasks for user: ahmed
2026-08-02 22:49:29 [http-nio-8080-exec-1] DEBUG c.i.backend.service.TaskService - Converted 2 tasks to response DTOs for user: ahmed
2026-08-02 22:49:29 [http-nio-8080-exec-1] INFO  c.i.b.controller.TaskController - Tasks fetched successfully for user: ahmed - Count: 2 - Duration: 4ms
2026-08-02 22:49:37 [http-nio-8080-exec-6] DEBUG c.i.b.s.JwtAuthenticationFilter - Processing request - Method: GET, Path: /api/tasks
2026-08-02 22:49:37 [http-nio-8080-exec-6] DEBUG c.i.b.s.JwtAuthenticationFilter - JWT token extracted from Authorization header for request: GET /api/tasks
2026-08-02 22:49:37 [http-nio-8080-exec-6] DEBUG c.i.backend.security.JwtService - Extracting username from JWT token
2026-08-02 22:49:37 [http-nio-8080-exec-6] DEBUG c.i.backend.security.JwtService - Extracting claim from JWT token
2026-08-02 22:49:37 [http-nio-8080-exec-6] DEBUG c.i.backend.security.JwtService - Retrieving signing key for JWT
2026-08-02 22:49:37 [http-nio-8080-exec-6] DEBUG c.i.backend.security.JwtService - Signing key retrieved successfully
2026-08-02 22:49:37 [http-nio-8080-exec-6] DEBUG c.i.backend.security.JwtService - Claims extracted successfully from JWT token
2026-08-02 22:49:37 [http-nio-8080-exec-6] DEBUG c.i.backend.security.JwtService - Username extracted successfully from JWT: ahmed
2026-08-02 22:49:37 [http-nio-8080-exec-6] DEBUG c.i.b.s.JwtAuthenticationFilter - Username extracted from JWT: ahmed
2026-08-02 22:49:37 [http-nio-8080-exec-6] DEBUG c.i.b.s.JwtAuthenticationFilter - Attempting to authenticate user: ahmed for request: GET /api/tasks
2026-08-02 22:49:37 [http-nio-8080-exec-6] DEBUG c.i.b.s.JwtAuthenticationFilter - User details found for username: ahmed
2026-08-02 22:49:37 [http-nio-8080-exec-6] DEBUG c.i.backend.security.JwtService - Validating JWT token for username: ahmed
2026-08-02 22:49:37 [http-nio-8080-exec-6] DEBUG c.i.backend.security.JwtService - Extracting username from JWT token
2026-08-02 22:49:37 [http-nio-8080-exec-6] DEBUG c.i.backend.security.JwtService - Extracting claim from JWT token
2026-08-02 22:49:37 [http-nio-8080-exec-6] DEBUG c.i.backend.security.JwtService - Retrieving signing key for JWT
2026-08-02 22:49:37 [http-nio-8080-exec-6] DEBUG c.i.backend.security.JwtService - Signing key retrieved successfully
2026-08-02 22:49:37 [http-nio-8080-exec-6] DEBUG c.i.backend.security.JwtService - Claims extracted successfully from JWT token
2026-08-02 22:49:37 [http-nio-8080-exec-6] DEBUG c.i.backend.security.JwtService - Username extracted successfully from JWT: ahmed
2026-08-02 22:49:37 [http-nio-8080-exec-6] DEBUG c.i.backend.security.JwtService - Checking if JWT token is expired
2026-08-02 22:49:37 [http-nio-8080-exec-6] DEBUG c.i.backend.security.JwtService - Extracting expiration date from JWT token
2026-08-02 22:49:37 [http-nio-8080-exec-6] DEBUG c.i.backend.security.JwtService - Extracting claim from JWT token
2026-08-02 22:49:37 [http-nio-8080-exec-6] DEBUG c.i.backend.security.JwtService - Retrieving signing key for JWT
2026-08-02 22:49:37 [http-nio-8080-exec-6] DEBUG c.i.backend.security.JwtService - Signing key retrieved successfully
2026-08-02 22:49:37 [http-nio-8080-exec-6] DEBUG c.i.backend.security.JwtService - Claims extracted successfully from JWT token
2026-08-02 22:49:37 [http-nio-8080-exec-6] DEBUG c.i.backend.security.JwtService - Expiration date extracted: Mon Aug 03 22:48:46 EEST 2026
2026-08-02 22:49:37 [http-nio-8080-exec-6] DEBUG c.i.backend.security.JwtService - Token expiration check - Expiration Date: Mon Aug 03 22:48:46 EEST 2026, Current Date: Sun Aug 02 22:49:37 EEST 2026, Is Expired: false
2026-08-02 22:49:37 [http-nio-8080-exec-6] DEBUG c.i.backend.security.JwtService - Token validation details - Username: ahmed, Username Match: true, Is Expired: false
2026-08-02 22:49:37 [http-nio-8080-exec-6] DEBUG c.i.backend.security.JwtService - JWT token validation successful for username: ahmed
2026-08-02 22:49:37 [http-nio-8080-exec-6] DEBUG c.i.b.s.JwtAuthenticationFilter - JWT token validation successful for user: ahmed
2026-08-02 22:49:37 [http-nio-8080-exec-6] INFO  c.i.b.s.JwtAuthenticationFilter - User authenticated successfully - Username: ahmed, Request: GET /api/tasks
2026-08-02 22:49:37 [http-nio-8080-exec-6] INFO  c.i.b.controller.TaskController - Fetching tasks for user: ahmed - Status filter: null, Priority filter: LOW
2026-08-02 22:49:37 [http-nio-8080-exec-6] DEBUG c.i.backend.service.TaskService - Fetching tasks for user: ahmed - Status filter: null, Priority filter: LOW
2026-08-02 22:49:37 [http-nio-8080-exec-6] DEBUG c.i.backend.service.TaskService - Querying tasks with priority filter for user: ahmed
2026-08-02 22:49:37 [http-nio-8080-exec-6] INFO  c.i.backend.service.TaskService - Retrieved 1 tasks for user: ahmed
2026-08-02 22:49:37 [http-nio-8080-exec-6] DEBUG c.i.backend.service.TaskService - Converted 1 tasks to response DTOs for user: ahmed
2026-08-02 22:49:37 [http-nio-8080-exec-6] INFO  c.i.b.controller.TaskController - Tasks fetched successfully for user: ahmed - Count: 1 - Duration: 10ms
2026-08-02 22:49:38 [http-nio-8080-exec-5] DEBUG c.i.b.s.JwtAuthenticationFilter - Processing request - Method: GET, Path: /api/tasks
2026-08-02 22:49:38 [http-nio-8080-exec-5] DEBUG c.i.b.s.JwtAuthenticationFilter - JWT token extracted from Authorization header for request: GET /api/tasks
2026-08-02 22:49:38 [http-nio-8080-exec-5] DEBUG c.i.backend.security.JwtService - Extracting username from JWT token
2026-08-02 22:49:38 [http-nio-8080-exec-5] DEBUG c.i.backend.security.JwtService - Extracting claim from JWT token
2026-08-02 22:49:38 [http-nio-8080-exec-5] DEBUG c.i.backend.security.JwtService - Retrieving signing key for JWT
2026-08-02 22:49:38 [http-nio-8080-exec-5] DEBUG c.i.backend.security.JwtService - Signing key retrieved successfully
2026-08-02 22:49:38 [http-nio-8080-exec-5] DEBUG c.i.backend.security.JwtService - Claims extracted successfully from JWT token
2026-08-02 22:49:38 [http-nio-8080-exec-5] DEBUG c.i.backend.security.JwtService - Username extracted successfully from JWT: ahmed
2026-08-02 22:49:38 [http-nio-8080-exec-5] DEBUG c.i.b.s.JwtAuthenticationFilter - Username extracted from JWT: ahmed
2026-08-02 22:49:38 [http-nio-8080-exec-5] DEBUG c.i.b.s.JwtAuthenticationFilter - Attempting to authenticate user: ahmed for request: GET /api/tasks
2026-08-02 22:49:38 [http-nio-8080-exec-5] DEBUG c.i.b.s.JwtAuthenticationFilter - User details found for username: ahmed
2026-08-02 22:49:38 [http-nio-8080-exec-5] DEBUG c.i.backend.security.JwtService - Validating JWT token for username: ahmed
2026-08-02 22:49:38 [http-nio-8080-exec-5] DEBUG c.i.backend.security.JwtService - Extracting username from JWT token
2026-08-02 22:49:38 [http-nio-8080-exec-5] DEBUG c.i.backend.security.JwtService - Extracting claim from JWT token
2026-08-02 22:49:38 [http-nio-8080-exec-5] DEBUG c.i.backend.security.JwtService - Retrieving signing key for JWT
2026-08-02 22:49:38 [http-nio-8080-exec-5] DEBUG c.i.backend.security.JwtService - Signing key retrieved successfully
2026-08-02 22:49:38 [http-nio-8080-exec-5] DEBUG c.i.backend.security.JwtService - Claims extracted successfully from JWT token
2026-08-02 22:49:38 [http-nio-8080-exec-5] DEBUG c.i.backend.security.JwtService - Username extracted successfully from JWT: ahmed
2026-08-02 22:49:38 [http-nio-8080-exec-5] DEBUG c.i.backend.security.JwtService - Checking if JWT token is expired
2026-08-02 22:49:38 [http-nio-8080-exec-5] DEBUG c.i.backend.security.JwtService - Extracting expiration date from JWT token
2026-08-02 22:49:38 [http-nio-8080-exec-5] DEBUG c.i.backend.security.JwtService - Extracting claim from JWT token
2026-08-02 22:49:38 [http-nio-8080-exec-5] DEBUG c.i.backend.security.JwtService - Retrieving signing key for JWT
2026-08-02 22:49:38 [http-nio-8080-exec-5] DEBUG c.i.backend.security.JwtService - Signing key retrieved successfully
2026-08-02 22:49:38 [http-nio-8080-exec-5] DEBUG c.i.backend.security.JwtService - Claims extracted successfully from JWT token
2026-08-02 22:49:38 [http-nio-8080-exec-5] DEBUG c.i.backend.security.JwtService - Expiration date extracted: Mon Aug 03 22:48:46 EEST 2026
2026-08-02 22:49:38 [http-nio-8080-exec-5] DEBUG c.i.backend.security.JwtService - Token expiration check - Expiration Date: Mon Aug 03 22:48:46 EEST 2026, Current Date: Sun Aug 02 22:49:38 EEST 2026, Is Expired: false
2026-08-02 22:49:38 [http-nio-8080-exec-5] DEBUG c.i.backend.security.JwtService - Token validation details - Username: ahmed, Username Match: true, Is Expired: false
2026-08-02 22:49:38 [http-nio-8080-exec-5] DEBUG c.i.backend.security.JwtService - JWT token validation successful for username: ahmed
2026-08-02 22:49:38 [http-nio-8080-exec-5] DEBUG c.i.b.s.JwtAuthenticationFilter - JWT token validation successful for user: ahmed
2026-08-02 22:49:38 [http-nio-8080-exec-5] INFO  c.i.b.s.JwtAuthenticationFilter - User authenticated successfully - Username: ahmed, Request: GET /api/tasks
2026-08-02 22:49:38 [http-nio-8080-exec-5] INFO  c.i.b.controller.TaskController - Fetching tasks for user: ahmed - Status filter: null, Priority filter: MEDIUM
2026-08-02 22:49:38 [http-nio-8080-exec-5] DEBUG c.i.backend.service.TaskService - Fetching tasks for user: ahmed - Status filter: null, Priority filter: MEDIUM
2026-08-02 22:49:38 [http-nio-8080-exec-5] DEBUG c.i.backend.service.TaskService - Querying tasks with priority filter for user: ahmed
2026-08-02 22:49:38 [http-nio-8080-exec-5] INFO  c.i.backend.service.TaskService - Retrieved 1 tasks for user: ahmed
2026-08-02 22:49:38 [http-nio-8080-exec-5] DEBUG c.i.backend.service.TaskService - Converted 1 tasks to response DTOs for user: ahmed
2026-08-02 22:49:38 [http-nio-8080-exec-5] INFO  c.i.b.controller.TaskController - Tasks fetched successfully for user: ahmed - Count: 1 - Duration: 5ms
2026-08-02 22:49:40 [http-nio-8080-exec-7] DEBUG c.i.b.s.JwtAuthenticationFilter - Processing request - Method: GET, Path: /api/tasks
2026-08-02 22:49:40 [http-nio-8080-exec-7] DEBUG c.i.b.s.JwtAuthenticationFilter - JWT token extracted from Authorization header for request: GET /api/tasks
2026-08-02 22:49:40 [http-nio-8080-exec-7] DEBUG c.i.backend.security.JwtService - Extracting username from JWT token
2026-08-02 22:49:40 [http-nio-8080-exec-7] DEBUG c.i.backend.security.JwtService - Extracting claim from JWT token
2026-08-02 22:49:40 [http-nio-8080-exec-7] DEBUG c.i.backend.security.JwtService - Retrieving signing key for JWT
2026-08-02 22:49:40 [http-nio-8080-exec-7] DEBUG c.i.backend.security.JwtService - Signing key retrieved successfully
2026-08-02 22:49:40 [http-nio-8080-exec-7] DEBUG c.i.backend.security.JwtService - Claims extracted successfully from JWT token
2026-08-02 22:49:40 [http-nio-8080-exec-7] DEBUG c.i.backend.security.JwtService - Username extracted successfully from JWT: ahmed
2026-08-02 22:49:40 [http-nio-8080-exec-7] DEBUG c.i.b.s.JwtAuthenticationFilter - Username extracted from JWT: ahmed
2026-08-02 22:49:40 [http-nio-8080-exec-7] DEBUG c.i.b.s.JwtAuthenticationFilter - Attempting to authenticate user: ahmed for request: GET /api/tasks
2026-08-02 22:49:40 [http-nio-8080-exec-7] DEBUG c.i.b.s.JwtAuthenticationFilter - User details found for username: ahmed
2026-08-02 22:49:40 [http-nio-8080-exec-7] DEBUG c.i.backend.security.JwtService - Validating JWT token for username: ahmed
2026-08-02 22:49:40 [http-nio-8080-exec-7] DEBUG c.i.backend.security.JwtService - Extracting username from JWT token
2026-08-02 22:49:40 [http-nio-8080-exec-7] DEBUG c.i.backend.security.JwtService - Extracting claim from JWT token
2026-08-02 22:49:40 [http-nio-8080-exec-7] DEBUG c.i.backend.security.JwtService - Retrieving signing key for JWT
2026-08-02 22:49:40 [http-nio-8080-exec-7] DEBUG c.i.backend.security.JwtService - Signing key retrieved successfully
2026-08-02 22:49:40 [http-nio-8080-exec-7] DEBUG c.i.backend.security.JwtService - Claims extracted successfully from JWT token
2026-08-02 22:49:40 [http-nio-8080-exec-7] DEBUG c.i.backend.security.JwtService - Username extracted successfully from JWT: ahmed
2026-08-02 22:49:40 [http-nio-8080-exec-7] DEBUG c.i.backend.security.JwtService - Checking if JWT token is expired
2026-08-02 22:49:40 [http-nio-8080-exec-7] DEBUG c.i.backend.security.JwtService - Extracting expiration date from JWT token
2026-08-02 22:49:40 [http-nio-8080-exec-7] DEBUG c.i.backend.security.JwtService - Extracting claim from JWT token
2026-08-02 22:49:40 [http-nio-8080-exec-7] DEBUG c.i.backend.security.JwtService - Retrieving signing key for JWT
2026-08-02 22:49:40 [http-nio-8080-exec-7] DEBUG c.i.backend.security.JwtService - Signing key retrieved successfully
2026-08-02 22:49:40 [http-nio-8080-exec-7] DEBUG c.i.backend.security.JwtService - Claims extracted successfully from JWT token
2026-08-02 22:49:40 [http-nio-8080-exec-7] DEBUG c.i.backend.security.JwtService - Expiration date extracted: Mon Aug 03 22:48:46 EEST 2026
2026-08-02 22:49:40 [http-nio-8080-exec-7] DEBUG c.i.backend.security.JwtService - Token expiration check - Expiration Date: Mon Aug 03 22:48:46 EEST 2026, Current Date: Sun Aug 02 22:49:40 EEST 2026, Is Expired: false
2026-08-02 22:49:40 [http-nio-8080-exec-7] DEBUG c.i.backend.security.JwtService - Token validation details - Username: ahmed, Username Match: true, Is Expired: false
2026-08-02 22:49:40 [http-nio-8080-exec-7] DEBUG c.i.backend.security.JwtService - JWT token validation successful for username: ahmed
2026-08-02 22:49:40 [http-nio-8080-exec-7] DEBUG c.i.b.s.JwtAuthenticationFilter - JWT token validation successful for user: ahmed
2026-08-02 22:49:40 [http-nio-8080-exec-7] INFO  c.i.b.s.JwtAuthenticationFilter - User authenticated successfully - Username: ahmed, Request: GET /api/tasks
2026-08-02 22:49:40 [http-nio-8080-exec-7] INFO  c.i.b.controller.TaskController - Fetching tasks for user: ahmed - Status filter: null, Priority filter: HIGH
2026-08-02 22:49:40 [http-nio-8080-exec-7] DEBUG c.i.backend.service.TaskService - Fetching tasks for user: ahmed - Status filter: null, Priority filter: HIGH
2026-08-02 22:49:40 [http-nio-8080-exec-7] DEBUG c.i.backend.service.TaskService - Querying tasks with priority filter for user: ahmed
2026-08-02 22:49:40 [http-nio-8080-exec-7] INFO  c.i.backend.service.TaskService - Retrieved 0 tasks for user: ahmed
2026-08-02 22:49:40 [http-nio-8080-exec-7] DEBUG c.i.backend.service.TaskService - Converted 0 tasks to response DTOs for user: ahmed
2026-08-02 22:49:40 [http-nio-8080-exec-7] INFO  c.i.b.controller.TaskController - Tasks fetched successfully for user: ahmed - Count: 0 - Duration: 5ms
2026-08-02 22:49:41 [http-nio-8080-exec-8] DEBUG c.i.b.s.JwtAuthenticationFilter - Processing request - Method: GET, Path: /api/tasks
2026-08-02 22:49:41 [http-nio-8080-exec-8] DEBUG c.i.b.s.JwtAuthenticationFilter - JWT token extracted from Authorization header for request: GET /api/tasks
2026-08-02 22:49:41 [http-nio-8080-exec-8] DEBUG c.i.backend.security.JwtService - Extracting username from JWT token
2026-08-02 22:49:41 [http-nio-8080-exec-8] DEBUG c.i.backend.security.JwtService - Extracting claim from JWT token
2026-08-02 22:49:41 [http-nio-8080-exec-8] DEBUG c.i.backend.security.JwtService - Retrieving signing key for JWT
2026-08-02 22:49:41 [http-nio-8080-exec-8] DEBUG c.i.backend.security.JwtService - Signing key retrieved successfully
2026-08-02 22:49:41 [http-nio-8080-exec-8] DEBUG c.i.backend.security.JwtService - Claims extracted successfully from JWT token
2026-08-02 22:49:41 [http-nio-8080-exec-8] DEBUG c.i.backend.security.JwtService - Username extracted successfully from JWT: ahmed
2026-08-02 22:49:41 [http-nio-8080-exec-8] DEBUG c.i.b.s.JwtAuthenticationFilter - Username extracted from JWT: ahmed
2026-08-02 22:49:41 [http-nio-8080-exec-8] DEBUG c.i.b.s.JwtAuthenticationFilter - Attempting to authenticate user: ahmed for request: GET /api/tasks
2026-08-02 22:49:41 [http-nio-8080-exec-8] DEBUG c.i.b.s.JwtAuthenticationFilter - User details found for username: ahmed
2026-08-02 22:49:41 [http-nio-8080-exec-8] DEBUG c.i.backend.security.JwtService - Validating JWT token for username: ahmed
2026-08-02 22:49:41 [http-nio-8080-exec-8] DEBUG c.i.backend.security.JwtService - Extracting username from JWT token
2026-08-02 22:49:41 [http-nio-8080-exec-8] DEBUG c.i.backend.security.JwtService - Extracting claim from JWT token
2026-08-02 22:49:41 [http-nio-8080-exec-8] DEBUG c.i.backend.security.JwtService - Retrieving signing key for JWT
2026-08-02 22:49:41 [http-nio-8080-exec-8] DEBUG c.i.backend.security.JwtService - Signing key retrieved successfully
2026-08-02 22:49:41 [http-nio-8080-exec-8] DEBUG c.i.backend.security.JwtService - Claims extracted successfully from JWT token
2026-08-02 22:49:41 [http-nio-8080-exec-8] DEBUG c.i.backend.security.JwtService - Username extracted successfully from JWT: ahmed
2026-08-02 22:49:41 [http-nio-8080-exec-8] DEBUG c.i.backend.security.JwtService - Checking if JWT token is expired
2026-08-02 22:49:41 [http-nio-8080-exec-8] DEBUG c.i.backend.security.JwtService - Extracting expiration date from JWT token
2026-08-02 22:49:41 [http-nio-8080-exec-8] DEBUG c.i.backend.security.JwtService - Extracting claim from JWT token
2026-08-02 22:49:41 [http-nio-8080-exec-8] DEBUG c.i.backend.security.JwtService - Retrieving signing key for JWT
2026-08-02 22:49:41 [http-nio-8080-exec-8] DEBUG c.i.backend.security.JwtService - Signing key retrieved successfully
2026-08-02 22:49:41 [http-nio-8080-exec-8] DEBUG c.i.backend.security.JwtService - Claims extracted successfully from JWT token
2026-08-02 22:49:41 [http-nio-8080-exec-8] DEBUG c.i.backend.security.JwtService - Expiration date extracted: Mon Aug 03 22:48:46 EEST 2026
2026-08-02 22:49:41 [http-nio-8080-exec-8] DEBUG c.i.backend.security.JwtService - Token expiration check - Expiration Date: Mon Aug 03 22:48:46 EEST 2026, Current Date: Sun Aug 02 22:49:41 EEST 2026, Is Expired: false
2026-08-02 22:49:41 [http-nio-8080-exec-8] DEBUG c.i.backend.security.JwtService - Token validation details - Username: ahmed, Username Match: true, Is Expired: false
2026-08-02 22:49:41 [http-nio-8080-exec-8] DEBUG c.i.backend.security.JwtService - JWT token validation successful for username: ahmed
2026-08-02 22:49:41 [http-nio-8080-exec-8] DEBUG c.i.b.s.JwtAuthenticationFilter - JWT token validation successful for user: ahmed
2026-08-02 22:49:41 [http-nio-8080-exec-8] INFO  c.i.b.s.JwtAuthenticationFilter - User authenticated successfully - Username: ahmed, Request: GET /api/tasks
2026-08-02 22:49:41 [http-nio-8080-exec-8] INFO  c.i.b.controller.TaskController - Fetching tasks for user: ahmed - Status filter: null, Priority filter: null
2026-08-02 22:49:41 [http-nio-8080-exec-8] DEBUG c.i.backend.service.TaskService - Fetching tasks for user: ahmed - Status filter: null, Priority filter: null
2026-08-02 22:49:41 [http-nio-8080-exec-8] DEBUG c.i.backend.service.TaskService - Querying all tasks for user: ahmed
2026-08-02 22:49:41 [http-nio-8080-exec-8] INFO  c.i.backend.service.TaskService - Retrieved 2 tasks for user: ahmed
2026-08-02 22:49:41 [http-nio-8080-exec-8] DEBUG c.i.backend.service.TaskService - Converted 2 tasks to response DTOs for user: ahmed
2026-08-02 22:49:41 [http-nio-8080-exec-8] INFO  c.i.b.controller.TaskController - Tasks fetched successfully for user: ahmed - Count: 2 - Duration: 6ms
2026-08-02 22:49:43 [http-nio-8080-exec-10] DEBUG c.i.b.s.JwtAuthenticationFilter - Processing request - Method: GET, Path: /api/tasks
2026-08-02 22:49:43 [http-nio-8080-exec-10] DEBUG c.i.b.s.JwtAuthenticationFilter - JWT token extracted from Authorization header for request: GET /api/tasks
2026-08-02 22:49:43 [http-nio-8080-exec-10] DEBUG c.i.backend.security.JwtService - Extracting username from JWT token
2026-08-02 22:49:43 [http-nio-8080-exec-10] DEBUG c.i.backend.security.JwtService - Extracting claim from JWT token
2026-08-02 22:49:43 [http-nio-8080-exec-10] DEBUG c.i.backend.security.JwtService - Retrieving signing key for JWT
2026-08-02 22:49:43 [http-nio-8080-exec-10] DEBUG c.i.backend.security.JwtService - Signing key retrieved successfully
2026-08-02 22:49:43 [http-nio-8080-exec-10] DEBUG c.i.backend.security.JwtService - Claims extracted successfully from JWT token
2026-08-02 22:49:43 [http-nio-8080-exec-10] DEBUG c.i.backend.security.JwtService - Username extracted successfully from JWT: ahmed
2026-08-02 22:49:43 [http-nio-8080-exec-10] DEBUG c.i.b.s.JwtAuthenticationFilter - Username extracted from JWT: ahmed
2026-08-02 22:49:43 [http-nio-8080-exec-10] DEBUG c.i.b.s.JwtAuthenticationFilter - Attempting to authenticate user: ahmed for request: GET /api/tasks
2026-08-02 22:49:43 [http-nio-8080-exec-10] DEBUG c.i.b.s.JwtAuthenticationFilter - User details found for username: ahmed
2026-08-02 22:49:43 [http-nio-8080-exec-10] DEBUG c.i.backend.security.JwtService - Validating JWT token for username: ahmed
2026-08-02 22:49:43 [http-nio-8080-exec-10] DEBUG c.i.backend.security.JwtService - Extracting username from JWT token
2026-08-02 22:49:43 [http-nio-8080-exec-10] DEBUG c.i.backend.security.JwtService - Extracting claim from JWT token
2026-08-02 22:49:43 [http-nio-8080-exec-10] DEBUG c.i.backend.security.JwtService - Retrieving signing key for JWT
2026-08-02 22:49:43 [http-nio-8080-exec-10] DEBUG c.i.backend.security.JwtService - Signing key retrieved successfully
2026-08-02 22:49:44 [http-nio-8080-exec-10] DEBUG c.i.backend.security.JwtService - Claims extracted successfully from JWT token
2026-08-02 22:49:44 [http-nio-8080-exec-10] DEBUG c.i.backend.security.JwtService - Username extracted successfully from JWT: ahmed
2026-08-02 22:49:44 [http-nio-8080-exec-10] DEBUG c.i.backend.security.JwtService - Checking if JWT token is expired
2026-08-02 22:49:44 [http-nio-8080-exec-10] DEBUG c.i.backend.security.JwtService - Extracting expiration date from JWT token
2026-08-02 22:49:44 [http-nio-8080-exec-10] DEBUG c.i.backend.security.JwtService - Extracting claim from JWT token
2026-08-02 22:49:44 [http-nio-8080-exec-10] DEBUG c.i.backend.security.JwtService - Retrieving signing key for JWT
2026-08-02 22:49:44 [http-nio-8080-exec-10] DEBUG c.i.backend.security.JwtService - Signing key retrieved successfully
2026-08-02 22:49:44 [http-nio-8080-exec-10] DEBUG c.i.backend.security.JwtService - Claims extracted successfully from JWT token
2026-08-02 22:49:44 [http-nio-8080-exec-10] DEBUG c.i.backend.security.JwtService - Expiration date extracted: Mon Aug 03 22:48:46 EEST 2026
2026-08-02 22:49:44 [http-nio-8080-exec-10] DEBUG c.i.backend.security.JwtService - Token expiration check - Expiration Date: Mon Aug 03 22:48:46 EEST 2026, Current Date: Sun Aug 02 22:49:44 EEST 2026, Is Expired: false
2026-08-02 22:49:44 [http-nio-8080-exec-10] DEBUG c.i.backend.security.JwtService - Token validation details - Username: ahmed, Username Match: true, Is Expired: false
2026-08-02 22:49:44 [http-nio-8080-exec-10] DEBUG c.i.backend.security.JwtService - JWT token validation successful for username: ahmed
2026-08-02 22:49:44 [http-nio-8080-exec-10] DEBUG c.i.b.s.JwtAuthenticationFilter - JWT token validation successful for user: ahmed
2026-08-02 22:49:44 [http-nio-8080-exec-10] INFO  c.i.b.s.JwtAuthenticationFilter - User authenticated successfully - Username: ahmed, Request: GET /api/tasks
2026-08-02 22:49:44 [http-nio-8080-exec-10] INFO  c.i.b.controller.TaskController - Fetching tasks for user: ahmed - Status filter: TODO, Priority filter: null
2026-08-02 22:49:44 [http-nio-8080-exec-10] DEBUG c.i.backend.service.TaskService - Fetching tasks for user: ahmed - Status filter: TODO, Priority filter: null
2026-08-02 22:49:44 [http-nio-8080-exec-10] DEBUG c.i.backend.service.TaskService - Querying tasks with status filter for user: ahmed
2026-08-02 22:49:44 [http-nio-8080-exec-10] INFO  c.i.backend.service.TaskService - Retrieved 1 tasks for user: ahmed
2026-08-02 22:49:44 [http-nio-8080-exec-10] DEBUG c.i.backend.service.TaskService - Converted 1 tasks to response DTOs for user: ahmed
2026-08-02 22:49:44 [http-nio-8080-exec-10] INFO  c.i.b.controller.TaskController - Tasks fetched successfully for user: ahmed - Count: 1 - Duration: 10ms
2026-08-02 22:49:46 [http-nio-8080-exec-4] DEBUG c.i.b.s.JwtAuthenticationFilter - Processing request - Method: GET, Path: /api/tasks
2026-08-02 22:49:46 [http-nio-8080-exec-4] DEBUG c.i.b.s.JwtAuthenticationFilter - JWT token extracted from Authorization header for request: GET /api/tasks
2026-08-02 22:49:46 [http-nio-8080-exec-4] DEBUG c.i.backend.security.JwtService - Extracting username from JWT token
2026-08-02 22:49:46 [http-nio-8080-exec-4] DEBUG c.i.backend.security.JwtService - Extracting claim from JWT token
2026-08-02 22:49:46 [http-nio-8080-exec-4] DEBUG c.i.backend.security.JwtService - Retrieving signing key for JWT
2026-08-02 22:49:46 [http-nio-8080-exec-4] DEBUG c.i.backend.security.JwtService - Signing key retrieved successfully
2026-08-02 22:49:46 [http-nio-8080-exec-4] DEBUG c.i.backend.security.JwtService - Claims extracted successfully from JWT token
2026-08-02 22:49:46 [http-nio-8080-exec-4] DEBUG c.i.backend.security.JwtService - Username extracted successfully from JWT: ahmed
2026-08-02 22:49:46 [http-nio-8080-exec-4] DEBUG c.i.b.s.JwtAuthenticationFilter - Username extracted from JWT: ahmed
2026-08-02 22:49:46 [http-nio-8080-exec-4] DEBUG c.i.b.s.JwtAuthenticationFilter - Attempting to authenticate user: ahmed for request: GET /api/tasks
2026-08-02 22:49:46 [http-nio-8080-exec-4] DEBUG c.i.b.s.JwtAuthenticationFilter - User details found for username: ahmed
2026-08-02 22:49:46 [http-nio-8080-exec-4] DEBUG c.i.backend.security.JwtService - Validating JWT token for username: ahmed
2026-08-02 22:49:46 [http-nio-8080-exec-4] DEBUG c.i.backend.security.JwtService - Extracting username from JWT token
2026-08-02 22:49:46 [http-nio-8080-exec-4] DEBUG c.i.backend.security.JwtService - Extracting claim from JWT token
2026-08-02 22:49:46 [http-nio-8080-exec-4] DEBUG c.i.backend.security.JwtService - Retrieving signing key for JWT
2026-08-02 22:49:46 [http-nio-8080-exec-4] DEBUG c.i.backend.security.JwtService - Signing key retrieved successfully
2026-08-02 22:49:46 [http-nio-8080-exec-4] DEBUG c.i.backend.security.JwtService - Claims extracted successfully from JWT token
2026-08-02 22:49:46 [http-nio-8080-exec-4] DEBUG c.i.backend.security.JwtService - Username extracted successfully from JWT: ahmed
2026-08-02 22:49:46 [http-nio-8080-exec-4] DEBUG c.i.backend.security.JwtService - Checking if JWT token is expired
2026-08-02 22:49:46 [http-nio-8080-exec-4] DEBUG c.i.backend.security.JwtService - Extracting expiration date from JWT token
2026-08-02 22:49:46 [http-nio-8080-exec-4] DEBUG c.i.backend.security.JwtService - Extracting claim from JWT token
2026-08-02 22:49:46 [http-nio-8080-exec-4] DEBUG c.i.backend.security.JwtService - Retrieving signing key for JWT
2026-08-02 22:49:46 [http-nio-8080-exec-4] DEBUG c.i.backend.security.JwtService - Signing key retrieved successfully
2026-08-02 22:49:46 [http-nio-8080-exec-4] DEBUG c.i.backend.security.JwtService - Claims extracted successfully from JWT token
2026-08-02 22:49:46 [http-nio-8080-exec-4] DEBUG c.i.backend.security.JwtService - Expiration date extracted: Mon Aug 03 22:48:46 EEST 2026
2026-08-02 22:49:46 [http-nio-8080-exec-4] DEBUG c.i.backend.security.JwtService - Token expiration check - Expiration Date: Mon Aug 03 22:48:46 EEST 2026, Current Date: Sun Aug 02 22:49:46 EEST 2026, Is Expired: false
2026-08-02 22:49:46 [http-nio-8080-exec-4] DEBUG c.i.backend.security.JwtService - Token validation details - Username: ahmed, Username Match: true, Is Expired: false
2026-08-02 22:49:46 [http-nio-8080-exec-4] DEBUG c.i.backend.security.JwtService - JWT token validation successful for username: ahmed
2026-08-02 22:49:46 [http-nio-8080-exec-4] DEBUG c.i.b.s.JwtAuthenticationFilter - JWT token validation successful for user: ahmed
2026-08-02 22:49:46 [http-nio-8080-exec-4] INFO  c.i.b.s.JwtAuthenticationFilter - User authenticated successfully - Username: ahmed, Request: GET /api/tasks
2026-08-02 22:49:46 [http-nio-8080-exec-4] INFO  c.i.b.controller.TaskController - Fetching tasks for user: ahmed - Status filter: DONE, Priority filter: null
2026-08-02 22:49:46 [http-nio-8080-exec-4] DEBUG c.i.backend.service.TaskService - Fetching tasks for user: ahmed - Status filter: DONE, Priority filter: null
2026-08-02 22:49:46 [http-nio-8080-exec-4] DEBUG c.i.backend.service.TaskService - Querying tasks with status filter for user: ahmed
2026-08-02 22:49:46 [http-nio-8080-exec-4] INFO  c.i.backend.service.TaskService - Retrieved 0 tasks for user: ahmed
2026-08-02 22:49:46 [http-nio-8080-exec-4] DEBUG c.i.backend.service.TaskService - Converted 0 tasks to response DTOs for user: ahmed
2026-08-02 22:49:46 [http-nio-8080-exec-4] INFO  c.i.b.controller.TaskController - Tasks fetched successfully for user: ahmed - Count: 0 - Duration: 5ms
2026-08-02 22:49:47 [http-nio-8080-exec-6] DEBUG c.i.b.s.JwtAuthenticationFilter - Processing request - Method: GET, Path: /api/tasks
2026-08-02 22:49:47 [http-nio-8080-exec-6] DEBUG c.i.b.s.JwtAuthenticationFilter - JWT token extracted from Authorization header for request: GET /api/tasks
2026-08-02 22:49:47 [http-nio-8080-exec-6] DEBUG c.i.backend.security.JwtService - Extracting username from JWT token
2026-08-02 22:49:47 [http-nio-8080-exec-6] DEBUG c.i.backend.security.JwtService - Extracting claim from JWT token
2026-08-02 22:49:47 [http-nio-8080-exec-6] DEBUG c.i.backend.security.JwtService - Retrieving signing key for JWT
2026-08-02 22:49:47 [http-nio-8080-exec-6] DEBUG c.i.backend.security.JwtService - Signing key retrieved successfully
2026-08-02 22:49:47 [http-nio-8080-exec-6] DEBUG c.i.backend.security.JwtService - Claims extracted successfully from JWT token
2026-08-02 22:49:47 [http-nio-8080-exec-6] DEBUG c.i.backend.security.JwtService - Username extracted successfully from JWT: ahmed
2026-08-02 22:49:47 [http-nio-8080-exec-6] DEBUG c.i.b.s.JwtAuthenticationFilter - Username extracted from JWT: ahmed
2026-08-02 22:49:47 [http-nio-8080-exec-6] DEBUG c.i.b.s.JwtAuthenticationFilter - Attempting to authenticate user: ahmed for request: GET /api/tasks
2026-08-02 22:49:47 [http-nio-8080-exec-6] DEBUG c.i.b.s.JwtAuthenticationFilter - User details found for username: ahmed
2026-08-02 22:49:47 [http-nio-8080-exec-6] DEBUG c.i.backend.security.JwtService - Validating JWT token for username: ahmed
2026-08-02 22:49:47 [http-nio-8080-exec-6] DEBUG c.i.backend.security.JwtService - Extracting username from JWT token
2026-08-02 22:49:47 [http-nio-8080-exec-6] DEBUG c.i.backend.security.JwtService - Extracting claim from JWT token
2026-08-02 22:49:47 [http-nio-8080-exec-6] DEBUG c.i.backend.security.JwtService - Retrieving signing key for JWT
2026-08-02 22:49:47 [http-nio-8080-exec-6] DEBUG c.i.backend.security.JwtService - Signing key retrieved successfully
2026-08-02 22:49:47 [http-nio-8080-exec-6] DEBUG c.i.backend.security.JwtService - Claims extracted successfully from JWT token
2026-08-02 22:49:47 [http-nio-8080-exec-6] DEBUG c.i.backend.security.JwtService - Username extracted successfully from JWT: ahmed
2026-08-02 22:49:47 [http-nio-8080-exec-6] DEBUG c.i.backend.security.JwtService - Checking if JWT token is expired
2026-08-02 22:49:47 [http-nio-8080-exec-6] DEBUG c.i.backend.security.JwtService - Extracting expiration date from JWT token
2026-08-02 22:49:47 [http-nio-8080-exec-6] DEBUG c.i.backend.security.JwtService - Extracting claim from JWT token
2026-08-02 22:49:47 [http-nio-8080-exec-6] DEBUG c.i.backend.security.JwtService - Retrieving signing key for JWT
2026-08-02 22:49:47 [http-nio-8080-exec-6] DEBUG c.i.backend.security.JwtService - Signing key retrieved successfully
2026-08-02 22:49:47 [http-nio-8080-exec-6] DEBUG c.i.backend.security.JwtService - Claims extracted successfully from JWT token
2026-08-02 22:49:47 [http-nio-8080-exec-6] DEBUG c.i.backend.security.JwtService - Expiration date extracted: Mon Aug 03 22:48:46 EEST 2026
2026-08-02 22:49:47 [http-nio-8080-exec-6] DEBUG c.i.backend.security.JwtService - Token expiration check - Expiration Date: Mon Aug 03 22:48:46 EEST 2026, Current Date: Sun Aug 02 22:49:47 EEST 2026, Is Expired: false
2026-08-02 22:49:47 [http-nio-8080-exec-6] DEBUG c.i.backend.security.JwtService - Token validation details - Username: ahmed, Username Match: true, Is Expired: false
2026-08-02 22:49:47 [http-nio-8080-exec-6] DEBUG c.i.backend.security.JwtService - JWT token validation successful for username: ahmed
2026-08-02 22:49:47 [http-nio-8080-exec-6] DEBUG c.i.b.s.JwtAuthenticationFilter - JWT token validation successful for user: ahmed
2026-08-02 22:49:47 [http-nio-8080-exec-6] INFO  c.i.b.s.JwtAuthenticationFilter - User authenticated successfully - Username: ahmed, Request: GET /api/tasks
2026-08-02 22:49:47 [http-nio-8080-exec-6] INFO  c.i.b.controller.TaskController - Fetching tasks for user: ahmed - Status filter: TODO, Priority filter: null
2026-08-02 22:49:47 [http-nio-8080-exec-6] DEBUG c.i.backend.service.TaskService - Fetching tasks for user: ahmed - Status filter: TODO, Priority filter: null
2026-08-02 22:49:47 [http-nio-8080-exec-6] DEBUG c.i.backend.service.TaskService - Querying tasks with status filter for user: ahmed
2026-08-02 22:49:47 [http-nio-8080-exec-6] INFO  c.i.backend.service.TaskService - Retrieved 1 tasks for user: ahmed
2026-08-02 22:49:47 [http-nio-8080-exec-6] DEBUG c.i.backend.service.TaskService - Converted 1 tasks to response DTOs for user: ahmed
2026-08-02 22:49:47 [http-nio-8080-exec-6] INFO  c.i.b.controller.TaskController - Tasks fetched successfully for user: ahmed - Count: 1 - Duration: 5ms
2026-08-02 22:49:50 [http-nio-8080-exec-5] DEBUG c.i.b.s.JwtAuthenticationFilter - Processing request - Method: GET, Path: /api/tasks
2026-08-02 22:49:50 [http-nio-8080-exec-5] DEBUG c.i.b.s.JwtAuthenticationFilter - JWT token extracted from Authorization header for request: GET /api/tasks
2026-08-02 22:49:50 [http-nio-8080-exec-5] DEBUG c.i.backend.security.JwtService - Extracting username from JWT token
2026-08-02 22:49:50 [http-nio-8080-exec-5] DEBUG c.i.backend.security.JwtService - Extracting claim from JWT token
2026-08-02 22:49:50 [http-nio-8080-exec-5] DEBUG c.i.backend.security.JwtService - Retrieving signing key for JWT
2026-08-02 22:49:50 [http-nio-8080-exec-5] DEBUG c.i.backend.security.JwtService - Signing key retrieved successfully
2026-08-02 22:49:50 [http-nio-8080-exec-5] DEBUG c.i.backend.security.JwtService - Claims extracted successfully from JWT token
2026-08-02 22:49:50 [http-nio-8080-exec-5] DEBUG c.i.backend.security.JwtService - Username extracted successfully from JWT: ahmed
2026-08-02 22:49:50 [http-nio-8080-exec-5] DEBUG c.i.b.s.JwtAuthenticationFilter - Username extracted from JWT: ahmed
2026-08-02 22:49:50 [http-nio-8080-exec-5] DEBUG c.i.b.s.JwtAuthenticationFilter - Attempting to authenticate user: ahmed for request: GET /api/tasks
2026-08-02 22:49:50 [http-nio-8080-exec-5] DEBUG c.i.b.s.JwtAuthenticationFilter - User details found for username: ahmed
2026-08-02 22:49:50 [http-nio-8080-exec-5] DEBUG c.i.backend.security.JwtService - Validating JWT token for username: ahmed
2026-08-02 22:49:50 [http-nio-8080-exec-5] DEBUG c.i.backend.security.JwtService - Extracting username from JWT token
2026-08-02 22:49:50 [http-nio-8080-exec-5] DEBUG c.i.backend.security.JwtService - Extracting claim from JWT token
2026-08-02 22:49:50 [http-nio-8080-exec-5] DEBUG c.i.backend.security.JwtService - Retrieving signing key for JWT
2026-08-02 22:49:50 [http-nio-8080-exec-5] DEBUG c.i.backend.security.JwtService - Signing key retrieved successfully
2026-08-02 22:49:50 [http-nio-8080-exec-5] DEBUG c.i.backend.security.JwtService - Claims extracted successfully from JWT token
2026-08-02 22:49:50 [http-nio-8080-exec-5] DEBUG c.i.backend.security.JwtService - Username extracted successfully from JWT: ahmed
2026-08-02 22:49:50 [http-nio-8080-exec-5] DEBUG c.i.backend.security.JwtService - Checking if JWT token is expired
2026-08-02 22:49:50 [http-nio-8080-exec-5] DEBUG c.i.backend.security.JwtService - Extracting expiration date from JWT token
2026-08-02 22:49:50 [http-nio-8080-exec-5] DEBUG c.i.backend.security.JwtService - Extracting claim from JWT token
2026-08-02 22:49:50 [http-nio-8080-exec-5] DEBUG c.i.backend.security.JwtService - Retrieving signing key for JWT
2026-08-02 22:49:50 [http-nio-8080-exec-5] DEBUG c.i.backend.security.JwtService - Signing key retrieved successfully
2026-08-02 22:49:50 [http-nio-8080-exec-5] DEBUG c.i.backend.security.JwtService - Claims extracted successfully from JWT token
2026-08-02 22:49:50 [http-nio-8080-exec-5] DEBUG c.i.backend.security.JwtService - Expiration date extracted: Mon Aug 03 22:48:46 EEST 2026
2026-08-02 22:49:50 [http-nio-8080-exec-5] DEBUG c.i.backend.security.JwtService - Token expiration check - Expiration Date: Mon Aug 03 22:48:46 EEST 2026, Current Date: Sun Aug 02 22:49:50 EEST 2026, Is Expired: false
2026-08-02 22:49:50 [http-nio-8080-exec-5] DEBUG c.i.backend.security.JwtService - Token validation details - Username: ahmed, Username Match: true, Is Expired: false
2026-08-02 22:49:50 [http-nio-8080-exec-5] DEBUG c.i.backend.security.JwtService - JWT token validation successful for username: ahmed
2026-08-02 22:49:50 [http-nio-8080-exec-5] DEBUG c.i.b.s.JwtAuthenticationFilter - JWT token validation successful for user: ahmed
2026-08-02 22:49:50 [http-nio-8080-exec-5] INFO  c.i.b.s.JwtAuthenticationFilter - User authenticated successfully - Username: ahmed, Request: GET /api/tasks
2026-08-02 22:49:50 [http-nio-8080-exec-5] INFO  c.i.b.controller.TaskController - Fetching tasks for user: ahmed - Status filter: TODO, Priority filter: LOW
2026-08-02 22:49:50 [http-nio-8080-exec-5] DEBUG c.i.backend.service.TaskService - Fetching tasks for user: ahmed - Status filter: TODO, Priority filter: LOW
2026-08-02 22:49:50 [http-nio-8080-exec-5] DEBUG c.i.backend.service.TaskService - Querying tasks with both status and priority filters for user: ahmed
2026-08-02 22:49:50 [http-nio-8080-exec-5] INFO  c.i.backend.service.TaskService - Retrieved 0 tasks for user: ahmed
2026-08-02 22:49:50 [http-nio-8080-exec-5] DEBUG c.i.backend.service.TaskService - Converted 0 tasks to response DTOs for user: ahmed
2026-08-02 22:49:50 [http-nio-8080-exec-5] INFO  c.i.b.controller.TaskController - Tasks fetched successfully for user: ahmed - Count: 0 - Duration: 14ms
2026-08-02 22:49:51 [http-nio-8080-exec-7] DEBUG c.i.b.s.JwtAuthenticationFilter - Processing request - Method: GET, Path: /api/tasks
2026-08-02 22:49:51 [http-nio-8080-exec-7] DEBUG c.i.b.s.JwtAuthenticationFilter - JWT token extracted from Authorization header for request: GET /api/tasks
2026-08-02 22:49:51 [http-nio-8080-exec-7] DEBUG c.i.backend.security.JwtService - Extracting username from JWT token
2026-08-02 22:49:51 [http-nio-8080-exec-7] DEBUG c.i.backend.security.JwtService - Extracting claim from JWT token
2026-08-02 22:49:51 [http-nio-8080-exec-7] DEBUG c.i.backend.security.JwtService - Retrieving signing key for JWT
2026-08-02 22:49:51 [http-nio-8080-exec-7] DEBUG c.i.backend.security.JwtService - Signing key retrieved successfully
2026-08-02 22:49:51 [http-nio-8080-exec-7] DEBUG c.i.backend.security.JwtService - Claims extracted successfully from JWT token
2026-08-02 22:49:51 [http-nio-8080-exec-7] DEBUG c.i.backend.security.JwtService - Username extracted successfully from JWT: ahmed
2026-08-02 22:49:51 [http-nio-8080-exec-7] DEBUG c.i.b.s.JwtAuthenticationFilter - Username extracted from JWT: ahmed
2026-08-02 22:49:51 [http-nio-8080-exec-7] DEBUG c.i.b.s.JwtAuthenticationFilter - Attempting to authenticate user: ahmed for request: GET /api/tasks
2026-08-02 22:49:51 [http-nio-8080-exec-7] DEBUG c.i.b.s.JwtAuthenticationFilter - User details found for username: ahmed
2026-08-02 22:49:51 [http-nio-8080-exec-7] DEBUG c.i.backend.security.JwtService - Validating JWT token for username: ahmed
2026-08-02 22:49:51 [http-nio-8080-exec-7] DEBUG c.i.backend.security.JwtService - Extracting username from JWT token
2026-08-02 22:49:51 [http-nio-8080-exec-7] DEBUG c.i.backend.security.JwtService - Extracting claim from JWT token
2026-08-02 22:49:51 [http-nio-8080-exec-7] DEBUG c.i.backend.security.JwtService - Retrieving signing key for JWT
2026-08-02 22:49:51 [http-nio-8080-exec-7] DEBUG c.i.backend.security.JwtService - Signing key retrieved successfully
2026-08-02 22:49:51 [http-nio-8080-exec-7] DEBUG c.i.backend.security.JwtService - Claims extracted successfully from JWT token
2026-08-02 22:49:51 [http-nio-8080-exec-7] DEBUG c.i.backend.security.JwtService - Username extracted successfully from JWT: ahmed
2026-08-02 22:49:51 [http-nio-8080-exec-7] DEBUG c.i.backend.security.JwtService - Checking if JWT token is expired
2026-08-02 22:49:51 [http-nio-8080-exec-7] DEBUG c.i.backend.security.JwtService - Extracting expiration date from JWT token
2026-08-02 22:49:51 [http-nio-8080-exec-7] DEBUG c.i.backend.security.JwtService - Extracting claim from JWT token
2026-08-02 22:49:51 [http-nio-8080-exec-7] DEBUG c.i.backend.security.JwtService - Retrieving signing key for JWT
2026-08-02 22:49:51 [http-nio-8080-exec-7] DEBUG c.i.backend.security.JwtService - Signing key retrieved successfully
2026-08-02 22:49:51 [http-nio-8080-exec-7] DEBUG c.i.backend.security.JwtService - Claims extracted successfully from JWT token
2026-08-02 22:49:51 [http-nio-8080-exec-7] DEBUG c.i.backend.security.JwtService - Expiration date extracted: Mon Aug 03 22:48:46 EEST 2026
2026-08-02 22:49:51 [http-nio-8080-exec-7] DEBUG c.i.backend.security.JwtService - Token expiration check - Expiration Date: Mon Aug 03 22:48:46 EEST 2026, Current Date: Sun Aug 02 22:49:51 EEST 2026, Is Expired: false
2026-08-02 22:49:51 [http-nio-8080-exec-7] DEBUG c.i.backend.security.JwtService - Token validation details - Username: ahmed, Username Match: true, Is Expired: false
2026-08-02 22:49:51 [http-nio-8080-exec-7] DEBUG c.i.backend.security.JwtService - JWT token validation successful for username: ahmed
2026-08-02 22:49:51 [http-nio-8080-exec-7] DEBUG c.i.b.s.JwtAuthenticationFilter - JWT token validation successful for user: ahmed
2026-08-02 22:49:51 [http-nio-8080-exec-7] INFO  c.i.b.s.JwtAuthenticationFilter - User authenticated successfully - Username: ahmed, Request: GET /api/tasks
2026-08-02 22:49:51 [http-nio-8080-exec-7] INFO  c.i.b.controller.TaskController - Fetching tasks for user: ahmed - Status filter: TODO, Priority filter: MEDIUM
2026-08-02 22:49:51 [http-nio-8080-exec-7] DEBUG c.i.backend.service.TaskService - Fetching tasks for user: ahmed - Status filter: TODO, Priority filter: MEDIUM
2026-08-02 22:49:51 [http-nio-8080-exec-7] DEBUG c.i.backend.service.TaskService - Querying tasks with both status and priority filters for user: ahmed
2026-08-02 22:49:51 [http-nio-8080-exec-7] INFO  c.i.backend.service.TaskService - Retrieved 1 tasks for user: ahmed
2026-08-02 22:49:51 [http-nio-8080-exec-7] DEBUG c.i.backend.service.TaskService - Converted 1 tasks to response DTOs for user: ahmed
2026-08-02 22:49:51 [http-nio-8080-exec-7] INFO  c.i.b.controller.TaskController - Tasks fetched successfully for user: ahmed - Count: 1 - Duration: 5ms
2026-08-02 22:49:52 [http-nio-8080-exec-9] DEBUG c.i.b.s.JwtAuthenticationFilter - Processing request - Method: GET, Path: /api/tasks
2026-08-02 22:49:52 [http-nio-8080-exec-9] DEBUG c.i.b.s.JwtAuthenticationFilter - JWT token extracted from Authorization header for request: GET /api/tasks
2026-08-02 22:49:52 [http-nio-8080-exec-9] DEBUG c.i.backend.security.JwtService - Extracting username from JWT token
2026-08-02 22:49:52 [http-nio-8080-exec-9] DEBUG c.i.backend.security.JwtService - Extracting claim from JWT token
2026-08-02 22:49:52 [http-nio-8080-exec-9] DEBUG c.i.backend.security.JwtService - Retrieving signing key for JWT
2026-08-02 22:49:52 [http-nio-8080-exec-9] DEBUG c.i.backend.security.JwtService - Signing key retrieved successfully
2026-08-02 22:49:52 [http-nio-8080-exec-9] DEBUG c.i.backend.security.JwtService - Claims extracted successfully from JWT token
2026-08-02 22:49:52 [http-nio-8080-exec-9] DEBUG c.i.backend.security.JwtService - Username extracted successfully from JWT: ahmed
2026-08-02 22:49:52 [http-nio-8080-exec-9] DEBUG c.i.b.s.JwtAuthenticationFilter - Username extracted from JWT: ahmed
2026-08-02 22:49:52 [http-nio-8080-exec-9] DEBUG c.i.b.s.JwtAuthenticationFilter - Attempting to authenticate user: ahmed for request: GET /api/tasks
2026-08-02 22:49:52 [http-nio-8080-exec-9] DEBUG c.i.b.s.JwtAuthenticationFilter - User details found for username: ahmed
2026-08-02 22:49:52 [http-nio-8080-exec-9] DEBUG c.i.backend.security.JwtService - Validating JWT token for username: ahmed
2026-08-02 22:49:52 [http-nio-8080-exec-9] DEBUG c.i.backend.security.JwtService - Extracting username from JWT token
2026-08-02 22:49:52 [http-nio-8080-exec-9] DEBUG c.i.backend.security.JwtService - Extracting claim from JWT token
2026-08-02 22:49:52 [http-nio-8080-exec-9] DEBUG c.i.backend.security.JwtService - Retrieving signing key for JWT
2026-08-02 22:49:52 [http-nio-8080-exec-9] DEBUG c.i.backend.security.JwtService - Signing key retrieved successfully
2026-08-02 22:49:52 [http-nio-8080-exec-9] DEBUG c.i.backend.security.JwtService - Claims extracted successfully from JWT token
2026-08-02 22:49:52 [http-nio-8080-exec-9] DEBUG c.i.backend.security.JwtService - Username extracted successfully from JWT: ahmed
2026-08-02 22:49:52 [http-nio-8080-exec-9] DEBUG c.i.backend.security.JwtService - Checking if JWT token is expired
2026-08-02 22:49:52 [http-nio-8080-exec-9] DEBUG c.i.backend.security.JwtService - Extracting expiration date from JWT token
2026-08-02 22:49:52 [http-nio-8080-exec-9] DEBUG c.i.backend.security.JwtService - Extracting claim from JWT token
2026-08-02 22:49:52 [http-nio-8080-exec-9] DEBUG c.i.backend.security.JwtService - Retrieving signing key for JWT
2026-08-02 22:49:52 [http-nio-8080-exec-9] DEBUG c.i.backend.security.JwtService - Signing key retrieved successfully
2026-08-02 22:49:52 [http-nio-8080-exec-9] DEBUG c.i.backend.security.JwtService - Claims extracted successfully from JWT token
2026-08-02 22:49:52 [http-nio-8080-exec-9] DEBUG c.i.backend.security.JwtService - Expiration date extracted: Mon Aug 03 22:48:46 EEST 2026
2026-08-02 22:49:52 [http-nio-8080-exec-9] DEBUG c.i.backend.security.JwtService - Token expiration check - Expiration Date: Mon Aug 03 22:48:46 EEST 2026, Current Date: Sun Aug 02 22:49:52 EEST 2026, Is Expired: false
2026-08-02 22:49:52 [http-nio-8080-exec-9] DEBUG c.i.backend.security.JwtService - Token validation details - Username: ahmed, Username Match: true, Is Expired: false
2026-08-02 22:49:52 [http-nio-8080-exec-9] DEBUG c.i.backend.security.JwtService - JWT token validation successful for username: ahmed
2026-08-02 22:49:52 [http-nio-8080-exec-9] DEBUG c.i.b.s.JwtAuthenticationFilter - JWT token validation successful for user: ahmed
2026-08-02 22:49:52 [http-nio-8080-exec-9] INFO  c.i.b.s.JwtAuthenticationFilter - User authenticated successfully - Username: ahmed, Request: GET /api/tasks
2026-08-02 22:49:52 [http-nio-8080-exec-9] INFO  c.i.b.controller.TaskController - Fetching tasks for user: ahmed - Status filter: TODO, Priority filter: HIGH
2026-08-02 22:49:52 [http-nio-8080-exec-9] DEBUG c.i.backend.service.TaskService - Fetching tasks for user: ahmed - Status filter: TODO, Priority filter: HIGH
2026-08-02 22:49:52 [http-nio-8080-exec-9] DEBUG c.i.backend.service.TaskService - Querying tasks with both status and priority filters for user: ahmed
2026-08-02 22:49:52 [http-nio-8080-exec-9] INFO  c.i.backend.service.TaskService - Retrieved 0 tasks for user: ahmed
2026-08-02 22:49:52 [http-nio-8080-exec-9] DEBUG c.i.backend.service.TaskService - Converted 0 tasks to response DTOs for user: ahmed
2026-08-02 22:49:52 [http-nio-8080-exec-9] INFO  c.i.b.controller.TaskController - Tasks fetched successfully for user: ahmed - Count: 0 - Duration: 5ms
2026-08-02 22:49:53 [http-nio-8080-exec-10] DEBUG c.i.b.s.JwtAuthenticationFilter - Processing request - Method: GET, Path: /api/tasks
2026-08-02 22:49:53 [http-nio-8080-exec-10] DEBUG c.i.b.s.JwtAuthenticationFilter - JWT token extracted from Authorization header for request: GET /api/tasks
2026-08-02 22:49:53 [http-nio-8080-exec-10] DEBUG c.i.backend.security.JwtService - Extracting username from JWT token
2026-08-02 22:49:53 [http-nio-8080-exec-10] DEBUG c.i.backend.security.JwtService - Extracting claim from JWT token
2026-08-02 22:49:53 [http-nio-8080-exec-10] DEBUG c.i.backend.security.JwtService - Retrieving signing key for JWT
2026-08-02 22:49:53 [http-nio-8080-exec-10] DEBUG c.i.backend.security.JwtService - Signing key retrieved successfully
2026-08-02 22:49:53 [http-nio-8080-exec-10] DEBUG c.i.backend.security.JwtService - Claims extracted successfully from JWT token
2026-08-02 22:49:53 [http-nio-8080-exec-10] DEBUG c.i.backend.security.JwtService - Username extracted successfully from JWT: ahmed
2026-08-02 22:49:53 [http-nio-8080-exec-10] DEBUG c.i.b.s.JwtAuthenticationFilter - Username extracted from JWT: ahmed
2026-08-02 22:49:53 [http-nio-8080-exec-10] DEBUG c.i.b.s.JwtAuthenticationFilter - Attempting to authenticate user: ahmed for request: GET /api/tasks
2026-08-02 22:49:53 [http-nio-8080-exec-10] DEBUG c.i.b.s.JwtAuthenticationFilter - User details found for username: ahmed
2026-08-02 22:49:53 [http-nio-8080-exec-10] DEBUG c.i.backend.security.JwtService - Validating JWT token for username: ahmed
2026-08-02 22:49:53 [http-nio-8080-exec-10] DEBUG c.i.backend.security.JwtService - Extracting username from JWT token
2026-08-02 22:49:53 [http-nio-8080-exec-10] DEBUG c.i.backend.security.JwtService - Extracting claim from JWT token
2026-08-02 22:49:53 [http-nio-8080-exec-10] DEBUG c.i.backend.security.JwtService - Retrieving signing key for JWT
2026-08-02 22:49:53 [http-nio-8080-exec-10] DEBUG c.i.backend.security.JwtService - Signing key retrieved successfully
2026-08-02 22:49:53 [http-nio-8080-exec-10] DEBUG c.i.backend.security.JwtService - Claims extracted successfully from JWT token
2026-08-02 22:49:53 [http-nio-8080-exec-10] DEBUG c.i.backend.security.JwtService - Username extracted successfully from JWT: ahmed
2026-08-02 22:49:53 [http-nio-8080-exec-10] DEBUG c.i.backend.security.JwtService - Checking if JWT token is expired
2026-08-02 22:49:53 [http-nio-8080-exec-10] DEBUG c.i.backend.security.JwtService - Extracting expiration date from JWT token
2026-08-02 22:49:53 [http-nio-8080-exec-10] DEBUG c.i.backend.security.JwtService - Extracting claim from JWT token
2026-08-02 22:49:53 [http-nio-8080-exec-10] DEBUG c.i.backend.security.JwtService - Retrieving signing key for JWT
2026-08-02 22:49:53 [http-nio-8080-exec-10] DEBUG c.i.backend.security.JwtService - Signing key retrieved successfully
2026-08-02 22:49:53 [http-nio-8080-exec-10] DEBUG c.i.backend.security.JwtService - Claims extracted successfully from JWT token
2026-08-02 22:49:53 [http-nio-8080-exec-10] DEBUG c.i.backend.security.JwtService - Expiration date extracted: Mon Aug 03 22:48:46 EEST 2026
2026-08-02 22:49:53 [http-nio-8080-exec-10] DEBUG c.i.backend.security.JwtService - Token expiration check - Expiration Date: Mon Aug 03 22:48:46 EEST 2026, Current Date: Sun Aug 02 22:49:53 EEST 2026, Is Expired: false
2026-08-02 22:49:53 [http-nio-8080-exec-10] DEBUG c.i.backend.security.JwtService - Token validation details - Username: ahmed, Username Match: true, Is Expired: false
2026-08-02 22:49:53 [http-nio-8080-exec-10] DEBUG c.i.backend.security.JwtService - JWT token validation successful for username: ahmed
2026-08-02 22:49:53 [http-nio-8080-exec-10] DEBUG c.i.b.s.JwtAuthenticationFilter - JWT token validation successful for user: ahmed
2026-08-02 22:49:53 [http-nio-8080-exec-10] INFO  c.i.b.s.JwtAuthenticationFilter - User authenticated successfully - Username: ahmed, Request: GET /api/tasks
2026-08-02 22:49:53 [http-nio-8080-exec-10] INFO  c.i.b.controller.TaskController - Fetching tasks for user: ahmed - Status filter: null, Priority filter: null
2026-08-02 22:49:53 [http-nio-8080-exec-10] DEBUG c.i.backend.service.TaskService - Fetching tasks for user: ahmed - Status filter: null, Priority filter: null
2026-08-02 22:49:53 [http-nio-8080-exec-10] DEBUG c.i.backend.service.TaskService - Querying all tasks for user: ahmed
2026-08-02 22:49:53 [http-nio-8080-exec-10] INFO  c.i.backend.service.TaskService - Retrieved 2 tasks for user: ahmed
2026-08-02 22:49:53 [http-nio-8080-exec-10] DEBUG c.i.backend.service.TaskService - Converted 2 tasks to response DTOs for user: ahmed
2026-08-02 22:49:53 [http-nio-8080-exec-10] INFO  c.i.b.controller.TaskController - Tasks fetched successfully for user: ahmed - Count: 2 - Duration: 6ms
2026-08-02 22:49:56 [http-nio-8080-exec-4] DEBUG c.i.b.s.JwtAuthenticationFilter - Processing request - Method: DELETE, Path: /api/tasks/2
2026-08-02 22:49:56 [http-nio-8080-exec-4] DEBUG c.i.b.s.JwtAuthenticationFilter - JWT token extracted from Authorization header for request: DELETE /api/tasks/2
2026-08-02 22:49:56 [http-nio-8080-exec-4] DEBUG c.i.backend.security.JwtService - Extracting username from JWT token
2026-08-02 22:49:56 [http-nio-8080-exec-4] DEBUG c.i.backend.security.JwtService - Extracting claim from JWT token
2026-08-02 22:49:56 [http-nio-8080-exec-4] DEBUG c.i.backend.security.JwtService - Retrieving signing key for JWT
2026-08-02 22:49:56 [http-nio-8080-exec-4] DEBUG c.i.backend.security.JwtService - Signing key retrieved successfully
2026-08-02 22:49:56 [http-nio-8080-exec-4] DEBUG c.i.backend.security.JwtService - Claims extracted successfully from JWT token
2026-08-02 22:49:56 [http-nio-8080-exec-4] DEBUG c.i.backend.security.JwtService - Username extracted successfully from JWT: ahmed
2026-08-02 22:49:56 [http-nio-8080-exec-4] DEBUG c.i.b.s.JwtAuthenticationFilter - Username extracted from JWT: ahmed
2026-08-02 22:49:56 [http-nio-8080-exec-4] DEBUG c.i.b.s.JwtAuthenticationFilter - Attempting to authenticate user: ahmed for request: DELETE /api/tasks/2
2026-08-02 22:49:56 [http-nio-8080-exec-4] DEBUG c.i.b.s.JwtAuthenticationFilter - User details found for username: ahmed
2026-08-02 22:49:56 [http-nio-8080-exec-4] DEBUG c.i.backend.security.JwtService - Validating JWT token for username: ahmed
2026-08-02 22:49:56 [http-nio-8080-exec-4] DEBUG c.i.backend.security.JwtService - Extracting username from JWT token
2026-08-02 22:49:56 [http-nio-8080-exec-4] DEBUG c.i.backend.security.JwtService - Extracting claim from JWT token
2026-08-02 22:49:56 [http-nio-8080-exec-4] DEBUG c.i.backend.security.JwtService - Retrieving signing key for JWT
2026-08-02 22:49:56 [http-nio-8080-exec-4] DEBUG c.i.backend.security.JwtService - Signing key retrieved successfully
2026-08-02 22:49:56 [http-nio-8080-exec-4] DEBUG c.i.backend.security.JwtService - Claims extracted successfully from JWT token
2026-08-02 22:49:56 [http-nio-8080-exec-4] DEBUG c.i.backend.security.JwtService - Username extracted successfully from JWT: ahmed
2026-08-02 22:49:56 [http-nio-8080-exec-4] DEBUG c.i.backend.security.JwtService - Checking if JWT token is expired
2026-08-02 22:49:56 [http-nio-8080-exec-4] DEBUG c.i.backend.security.JwtService - Extracting expiration date from JWT token
2026-08-02 22:49:56 [http-nio-8080-exec-4] DEBUG c.i.backend.security.JwtService - Extracting claim from JWT token
2026-08-02 22:49:56 [http-nio-8080-exec-4] DEBUG c.i.backend.security.JwtService - Retrieving signing key for JWT
2026-08-02 22:49:56 [http-nio-8080-exec-4] DEBUG c.i.backend.security.JwtService - Signing key retrieved successfully
2026-08-02 22:49:56 [http-nio-8080-exec-4] DEBUG c.i.backend.security.JwtService - Claims extracted successfully from JWT token
2026-08-02 22:49:56 [http-nio-8080-exec-4] DEBUG c.i.backend.security.JwtService - Expiration date extracted: Mon Aug 03 22:48:46 EEST 2026
2026-08-02 22:49:56 [http-nio-8080-exec-4] DEBUG c.i.backend.security.JwtService - Token expiration check - Expiration Date: Mon Aug 03 22:48:46 EEST 2026, Current Date: Sun Aug 02 22:49:56 EEST 2026, Is Expired: false
2026-08-02 22:49:56 [http-nio-8080-exec-4] DEBUG c.i.backend.security.JwtService - Token validation details - Username: ahmed, Username Match: true, Is Expired: false
2026-08-02 22:49:56 [http-nio-8080-exec-4] DEBUG c.i.backend.security.JwtService - JWT token validation successful for username: ahmed
2026-08-02 22:49:56 [http-nio-8080-exec-4] DEBUG c.i.b.s.JwtAuthenticationFilter - JWT token validation successful for user: ahmed
2026-08-02 22:49:56 [http-nio-8080-exec-4] INFO  c.i.b.s.JwtAuthenticationFilter - User authenticated successfully - Username: ahmed, Request: DELETE /api/tasks/2
2026-08-02 22:49:56 [http-nio-8080-exec-4] INFO  c.i.b.controller.TaskController - Deleting task ID: 2 for user: ahmed
2026-08-02 22:49:56 [http-nio-8080-exec-4] DEBUG c.i.backend.service.TaskService - Deleting task ID: 2 for user: ahmed
2026-08-02 22:49:56 [http-nio-8080-exec-4] DEBUG c.i.backend.service.TaskService - Validating task access - Task ID: 2, User: ahmed
2026-08-02 22:49:56 [http-nio-8080-exec-4] DEBUG c.i.backend.service.TaskService - Task retrieved for deletion - ID: 2, Title: 'task 2 '
2026-08-02 22:49:56 [http-nio-8080-exec-4] INFO  c.i.backend.service.TaskService - Task ID: 2 deleted successfully for user: ahmed
2026-08-02 22:49:56 [http-nio-8080-exec-4] INFO  c.i.b.controller.TaskController - Task ID: 2 deleted successfully for user: ahmed - Duration: 23ms
2026-08-02 22:49:56 [http-nio-8080-exec-6] DEBUG c.i.b.s.JwtAuthenticationFilter - Processing request - Method: GET, Path: /api/tasks
2026-08-02 22:49:56 [http-nio-8080-exec-6] DEBUG c.i.b.s.JwtAuthenticationFilter - JWT token extracted from Authorization header for request: GET /api/tasks
2026-08-02 22:49:56 [http-nio-8080-exec-6] DEBUG c.i.backend.security.JwtService - Extracting username from JWT token
2026-08-02 22:49:56 [http-nio-8080-exec-6] DEBUG c.i.backend.security.JwtService - Extracting claim from JWT token
2026-08-02 22:49:56 [http-nio-8080-exec-6] DEBUG c.i.backend.security.JwtService - Retrieving signing key for JWT
2026-08-02 22:49:56 [http-nio-8080-exec-6] DEBUG c.i.backend.security.JwtService - Signing key retrieved successfully
2026-08-02 22:49:56 [http-nio-8080-exec-6] DEBUG c.i.backend.security.JwtService - Claims extracted successfully from JWT token
2026-08-02 22:49:56 [http-nio-8080-exec-6] DEBUG c.i.backend.security.JwtService - Username extracted successfully from JWT: ahmed
2026-08-02 22:49:56 [http-nio-8080-exec-6] DEBUG c.i.b.s.JwtAuthenticationFilter - Username extracted from JWT: ahmed
2026-08-02 22:49:56 [http-nio-8080-exec-6] DEBUG c.i.b.s.JwtAuthenticationFilter - Attempting to authenticate user: ahmed for request: GET /api/tasks
2026-08-02 22:49:56 [http-nio-8080-exec-6] DEBUG c.i.b.s.JwtAuthenticationFilter - User details found for username: ahmed
2026-08-02 22:49:56 [http-nio-8080-exec-6] DEBUG c.i.backend.security.JwtService - Validating JWT token for username: ahmed
2026-08-02 22:49:56 [http-nio-8080-exec-6] DEBUG c.i.backend.security.JwtService - Extracting username from JWT token
2026-08-02 22:49:56 [http-nio-8080-exec-6] DEBUG c.i.backend.security.JwtService - Extracting claim from JWT token
2026-08-02 22:49:56 [http-nio-8080-exec-6] DEBUG c.i.backend.security.JwtService - Retrieving signing key for JWT
2026-08-02 22:49:56 [http-nio-8080-exec-6] DEBUG c.i.backend.security.JwtService - Signing key retrieved successfully
2026-08-02 22:49:56 [http-nio-8080-exec-6] DEBUG c.i.backend.security.JwtService - Claims extracted successfully from JWT token
2026-08-02 22:49:56 [http-nio-8080-exec-6] DEBUG c.i.backend.security.JwtService - Username extracted successfully from JWT: ahmed
2026-08-02 22:49:56 [http-nio-8080-exec-6] DEBUG c.i.backend.security.JwtService - Checking if JWT token is expired
2026-08-02 22:49:56 [http-nio-8080-exec-6] DEBUG c.i.backend.security.JwtService - Extracting expiration date from JWT token
2026-08-02 22:49:56 [http-nio-8080-exec-6] DEBUG c.i.backend.security.JwtService - Extracting claim from JWT token
2026-08-02 22:49:56 [http-nio-8080-exec-6] DEBUG c.i.backend.security.JwtService - Retrieving signing key for JWT
2026-08-02 22:49:56 [http-nio-8080-exec-6] DEBUG c.i.backend.security.JwtService - Signing key retrieved successfully
2026-08-02 22:49:56 [http-nio-8080-exec-6] DEBUG c.i.backend.security.JwtService - Claims extracted successfully from JWT token
2026-08-02 22:49:56 [http-nio-8080-exec-6] DEBUG c.i.backend.security.JwtService - Expiration date extracted: Mon Aug 03 22:48:46 EEST 2026
2026-08-02 22:49:56 [http-nio-8080-exec-6] DEBUG c.i.backend.security.JwtService - Token expiration check - Expiration Date: Mon Aug 03 22:48:46 EEST 2026, Current Date: Sun Aug 02 22:49:56 EEST 2026, Is Expired: false
2026-08-02 22:49:56 [http-nio-8080-exec-6] DEBUG c.i.backend.security.JwtService - Token validation details - Username: ahmed, Username Match: true, Is Expired: false
2026-08-02 22:49:56 [http-nio-8080-exec-6] DEBUG c.i.backend.security.JwtService - JWT token validation successful for username: ahmed
2026-08-02 22:49:56 [http-nio-8080-exec-6] DEBUG c.i.b.s.JwtAuthenticationFilter - JWT token validation successful for user: ahmed
2026-08-02 22:49:56 [http-nio-8080-exec-6] INFO  c.i.b.s.JwtAuthenticationFilter - User authenticated successfully - Username: ahmed, Request: GET /api/tasks
2026-08-02 22:49:56 [http-nio-8080-exec-6] INFO  c.i.b.controller.TaskController - Fetching tasks for user: ahmed - Status filter: null, Priority filter: null
2026-08-02 22:49:56 [http-nio-8080-exec-6] DEBUG c.i.backend.service.TaskService - Fetching tasks for user: ahmed - Status filter: null, Priority filter: null
2026-08-02 22:49:56 [http-nio-8080-exec-6] DEBUG c.i.backend.service.TaskService - Querying all tasks for user: ahmed
2026-08-02 22:49:56 [http-nio-8080-exec-6] INFO  c.i.backend.service.TaskService - Retrieved 1 tasks for user: ahmed
2026-08-02 22:49:56 [http-nio-8080-exec-6] DEBUG c.i.backend.service.TaskService - Converted 1 tasks to response DTOs for user: ahmed
2026-08-02 22:49:56 [http-nio-8080-exec-6] INFO  c.i.b.controller.TaskController - Tasks fetched successfully for user: ahmed - Count: 1 - Duration: 6ms
2026-08-02 22:50:06 [http-nio-8080-exec-3] DEBUG c.i.b.s.JwtAuthenticationFilter - Processing request - Method: POST, Path: /api/auth/login
2026-08-02 22:50:06 [http-nio-8080-exec-3] DEBUG c.i.b.s.JwtAuthenticationFilter - No valid Authorization header found for request: POST /api/auth/login
2026-08-02 22:50:06 [http-nio-8080-exec-3] INFO  c.i.b.controller.AuthController - Processing login request for username: ahmeddddd
2026-08-02 22:50:06 [http-nio-8080-exec-3] DEBUG c.i.backend.service.AuthService - Starting login process for username: ahmeddddd
2026-08-02 22:50:06 [http-nio-8080-exec-3] DEBUG c.i.backend.service.AuthService - Authenticating credentials for username: ahmeddddd
2026-08-02 22:50:06 [http-nio-8080-exec-3] WARN  c.i.backend.service.AuthService - Authentication failed for username: ahmeddddd - Error: Bad credentials
2026-08-02 22:50:06 [http-nio-8080-exec-3] ERROR c.i.b.controller.AuthController - Unexpected error during login for username: ahmeddddd - Duration: 144ms
org.springframework.security.authentication.BadCredentialsException: Bad credentials
	at org.springframework.security.authentication.dao.AbstractUserDetailsAuthenticationProvider.authenticate(AbstractUserDetailsAuthenticationProvider.java:154)
	at org.springframework.security.authentication.ProviderManager.authenticate(ProviderManager.java:183)
	at com.internship.backend.service.AuthService.login(AuthService.java:66)
	at com.internship.backend.controller.AuthController.login(AuthController.java:51)
	at java.base/jdk.internal.reflect.DirectMethodHandleAccessor.invoke(DirectMethodHandleAccessor.java:104)
	at java.base/java.lang.reflect.Method.invoke(Method.java:565)
	at org.springframework.web.method.support.InvocableHandlerMethod.doInvoke(InvocableHandlerMethod.java:252)
	at org.springframework.web.method.support.InvocableHandlerMethod.invokeForRequest(InvocableHandlerMethod.java:184)
	at org.springframework.web.servlet.mvc.method.annotation.ServletInvocableHandlerMethod.invokeAndHandle(ServletInvocableHandlerMethod.java:117)
	at org.springframework.web.servlet.mvc.method.annotation.RequestMappingHandlerAdapter.invokeHandlerMethod(RequestMappingHandlerAdapter.java:934)
	at org.springframework.web.servlet.mvc.method.annotation.RequestMappingHandlerAdapter.handleInternal(RequestMappingHandlerAdapter.java:853)
	at org.springframework.web.servlet.mvc.method.AbstractHandlerMethodAdapter.handle(AbstractHandlerMethodAdapter.java:86)
	at org.springframework.web.servlet.DispatcherServlet.doDispatch(DispatcherServlet.java:963)
	at org.springframework.web.servlet.DispatcherServlet.doService(DispatcherServlet.java:866)
	at org.springframework.web.servlet.FrameworkServlet.processRequest(FrameworkServlet.java:1000)
	at org.springframework.web.servlet.FrameworkServlet.doPost(FrameworkServlet.java:903)
	at jakarta.servlet.http.HttpServlet.service(HttpServlet.java:649)
	at org.springframework.web.servlet.FrameworkServlet.service(FrameworkServlet.java:874)
	at jakarta.servlet.http.HttpServlet.service(HttpServlet.java:710)
	at org.apache.catalina.core.ApplicationFilterChain.doFilter(ApplicationFilterChain.java:128)
	at org.apache.tomcat.websocket.server.WsFilter.doFilter(WsFilter.java:53)
	at org.apache.catalina.core.ApplicationFilterChain.doFilter(ApplicationFilterChain.java:107)
	at org.springframework.web.filter.OncePerRequestFilter.doFilter(OncePerRequestFilter.java:110)
	at org.apache.catalina.core.ApplicationFilterChain.doFilter(ApplicationFilterChain.java:107)
	at org.springframework.web.filter.CompositeFilter$VirtualFilterChain.doFilter(CompositeFilter.java:108)
	at org.springframework.security.web.FilterChainProxy.lambda$doFilterInternal$2(FilterChainProxy.java:235)
	at org.springframework.security.web.FilterChainProxy$VirtualFilterChain.doFilter(FilterChainProxy.java:376)
	at org.springframework.security.web.access.intercept.AuthorizationFilter.doFilter(AuthorizationFilter.java:101)
	at org.springframework.security.web.FilterChainProxy$VirtualFilterChain.doFilter(FilterChainProxy.java:385)
	at org.springframework.security.web.access.ExceptionTranslationFilter.doFilter(ExceptionTranslationFilter.java:126)
	at org.springframework.security.web.access.ExceptionTranslationFilter.doFilter(ExceptionTranslationFilter.java:120)
	at org.springframework.security.web.FilterChainProxy$VirtualFilterChain.doFilter(FilterChainProxy.java:385)
	at org.springframework.security.web.session.SessionManagementFilter.doFilter(SessionManagementFilter.java:132)
	at org.springframework.security.web.session.SessionManagementFilter.doFilter(SessionManagementFilter.java:86)
	at org.springframework.security.web.FilterChainProxy$VirtualFilterChain.doFilter(FilterChainProxy.java:385)
	at org.springframework.security.web.authentication.AnonymousAuthenticationFilter.doFilter(AnonymousAuthenticationFilter.java:100)
	at org.springframework.security.web.FilterChainProxy$VirtualFilterChain.doFilter(FilterChainProxy.java:385)
	at org.springframework.security.web.servletapi.SecurityContextHolderAwareRequestFilter.doFilter(SecurityContextHolderAwareRequestFilter.java:181)
	at org.springframework.security.web.FilterChainProxy$VirtualFilterChain.doFilter(FilterChainProxy.java:385)
	at org.springframework.security.web.savedrequest.RequestCacheAwareFilter.doFilter(RequestCacheAwareFilter.java:63)
	at org.springframework.security.web.FilterChainProxy$VirtualFilterChain.doFilter(FilterChainProxy.java:385)
	at com.internship.backend.security.JwtAuthenticationFilter.doFilterInternal(JwtAuthenticationFilter.java:45)
	at org.springframework.web.filter.OncePerRequestFilter.doFilter(OncePerRequestFilter.java:116)
	at org.springframework.security.web.FilterChainProxy$VirtualFilterChain.doFilter(FilterChainProxy.java:385)
	at org.springframework.security.web.authentication.logout.LogoutFilter.doFilter(LogoutFilter.java:110)
	at org.springframework.security.web.authentication.logout.LogoutFilter.doFilter(LogoutFilter.java:96)
	at org.springframework.security.web.FilterChainProxy$VirtualFilterChain.doFilter(FilterChainProxy.java:385)
	at org.springframework.web.filter.CorsFilter.doFilterInternal(CorsFilter.java:91)
	at org.springframework.web.filter.OncePerRequestFilter.doFilter(OncePerRequestFilter.java:116)
	at org.springframework.security.web.FilterChainProxy$VirtualFilterChain.doFilter(FilterChainProxy.java:385)
	at org.springframework.security.web.header.HeaderWriterFilter.doHeadersAfter(HeaderWriterFilter.java:90)
	at org.springframework.security.web.header.HeaderWriterFilter.doFilterInternal(HeaderWriterFilter.java:75)
	at org.springframework.web.filter.OncePerRequestFilter.doFilter(OncePerRequestFilter.java:116)
	at org.springframework.security.web.FilterChainProxy$VirtualFilterChain.doFilter(FilterChainProxy.java:385)
	at org.springframework.security.web.context.SecurityContextHolderFilter.doFilter(SecurityContextHolderFilter.java:82)
	at org.springframework.security.web.context.SecurityContextHolderFilter.doFilter(SecurityContextHolderFilter.java:69)
	at org.springframework.security.web.FilterChainProxy$VirtualFilterChain.doFilter(FilterChainProxy.java:385)
	at org.springframework.security.web.context.request.async.WebAsyncManagerIntegrationFilter.doFilterInternal(WebAsyncManagerIntegrationFilter.java:62)
	at org.springframework.web.filter.OncePerRequestFilter.doFilter(OncePerRequestFilter.java:116)
	at org.springframework.security.web.FilterChainProxy$VirtualFilterChain.doFilter(FilterChainProxy.java:385)
	at org.springframework.security.web.session.DisableEncodeUrlFilter.doFilterInternal(DisableEncodeUrlFilter.java:42)
	at org.springframework.web.filter.OncePerRequestFilter.doFilter(OncePerRequestFilter.java:116)
	at org.springframework.security.web.FilterChainProxy$VirtualFilterChain.doFilter(FilterChainProxy.java:385)
	at org.springframework.security.web.FilterChainProxy.doFilterInternal(FilterChainProxy.java:237)
	at org.springframework.security.web.FilterChainProxy.doFilter(FilterChainProxy.java:195)
	at org.springframework.web.filter.CompositeFilter$VirtualFilterChain.doFilter(CompositeFilter.java:113)
	at org.springframework.web.filter.ServletRequestPathFilter.doFilter(ServletRequestPathFilter.java:52)
	at org.springframework.web.filter.CompositeFilter$VirtualFilterChain.doFilter(CompositeFilter.java:113)
	at org.springframework.web.filter.CompositeFilter.doFilter(CompositeFilter.java:74)
	at org.springframework.security.config.annotation.web.configuration.WebSecurityConfiguration$CompositeFilterChainProxy.doFilter(WebSecurityConfiguration.java:317)
	at org.springframework.web.filter.DelegatingFilterProxy.invokeDelegate(DelegatingFilterProxy.java:355)
	at org.springframework.web.filter.DelegatingFilterProxy.doFilter(DelegatingFilterProxy.java:272)
	at org.apache.catalina.core.ApplicationFilterChain.doFilter(ApplicationFilterChain.java:107)
	at org.springframework.web.filter.RequestContextFilter.doFilterInternal(RequestContextFilter.java:100)
	at org.springframework.web.filter.OncePerRequestFilter.doFilter(OncePerRequestFilter.java:116)
	at org.apache.catalina.core.ApplicationFilterChain.doFilter(ApplicationFilterChain.java:107)
	at org.springframework.web.filter.FormContentFilter.doFilterInternal(FormContentFilter.java:93)
	at org.springframework.web.filter.OncePerRequestFilter.doFilter(OncePerRequestFilter.java:116)
	at org.apache.catalina.core.ApplicationFilterChain.doFilter(ApplicationFilterChain.java:107)
	at org.springframework.web.filter.CharacterEncodingFilter.doFilterInternal(CharacterEncodingFilter.java:199)
	at org.springframework.web.filter.OncePerRequestFilter.doFilter(OncePerRequestFilter.java:116)
	at org.apache.catalina.core.ApplicationFilterChain.doFilter(ApplicationFilterChain.java:107)
	at org.apache.catalina.core.StandardWrapperValve.invoke(StandardWrapperValve.java:165)
	at org.apache.catalina.core.StandardContextValve.invoke(StandardContextValve.java:77)
	at org.apache.catalina.authenticator.AuthenticatorBase.invoke(AuthenticatorBase.java:492)
	at org.apache.catalina.core.StandardHostValve.invoke(StandardHostValve.java:113)
	at org.apache.catalina.valves.ErrorReportValve.invoke(ErrorReportValve.java:83)
	at org.apache.catalina.core.StandardEngineValve.invoke(StandardEngineValve.java:72)
	at org.apache.catalina.connector.CoyoteAdapter.service(CoyoteAdapter.java:341)
	at org.apache.coyote.http11.Http11Processor.service(Http11Processor.java:397)
	at org.apache.coyote.AbstractProcessorLight.process(AbstractProcessorLight.java:63)
	at org.apache.coyote.AbstractProtocol$ConnectionHandler.process(AbstractProtocol.java:1272)
	at org.apache.tomcat.util.net.NioEndpoint$SocketProcessor.doRun(NioEndpoint.java:1801)
	at org.apache.tomcat.util.net.SocketProcessorBase.run(SocketProcessorBase.java:52)
	at org.apache.tomcat.util.threads.ThreadPoolExecutor.runWorker(ThreadPoolExecutor.java:946)
	at org.apache.tomcat.util.threads.ThreadPoolExecutor$Worker.run(ThreadPoolExecutor.java:480)
	at org.apache.tomcat.util.threads.TaskThread$WrappingRunnable.run(TaskThread.java:57)
	at java.base/java.lang.Thread.run(Thread.java:1474)
Caused by: org.springframework.security.core.userdetails.UsernameNotFoundException: User not found
	at com.internship.backend.security.SecurityConfig.lambda$userDetailsService$1(SecurityConfig.java:38)
	at java.base/java.util.Optional.orElseThrow(Optional.java:403)
	at com.internship.backend.security.SecurityConfig.lambda$userDetailsService$0(SecurityConfig.java:38)
	at org.springframework.security.authentication.dao.DaoAuthenticationProvider.retrieveUser(DaoAuthenticationProvider.java:106)
	at org.springframework.security.authentication.dao.AbstractUserDetailsAuthenticationProvider.authenticate(AbstractUserDetailsAuthenticationProvider.java:145)
	... 97 common frames omitted
2026-08-02 22:50:12 [http-nio-8080-exec-5] DEBUG c.i.b.s.JwtAuthenticationFilter - Processing request - Method: POST, Path: /api/auth/login
2026-08-02 22:50:12 [http-nio-8080-exec-5] DEBUG c.i.b.s.JwtAuthenticationFilter - No valid Authorization header found for request: POST /api/auth/login
2026-08-02 22:50:12 [http-nio-8080-exec-5] INFO  c.i.b.controller.AuthController - Processing login request for username: ahmed
2026-08-02 22:50:12 [http-nio-8080-exec-5] DEBUG c.i.backend.service.AuthService - Starting login process for username: ahmed
2026-08-02 22:50:12 [http-nio-8080-exec-5] DEBUG c.i.backend.service.AuthService - Authenticating credentials for username: ahmed
2026-08-02 22:50:12 [http-nio-8080-exec-5] DEBUG c.i.backend.service.AuthService - Authentication successful for username: ahmed
2026-08-02 22:50:12 [http-nio-8080-exec-5] DEBUG c.i.backend.service.AuthService - Fetching user details from database for username: ahmed
2026-08-02 22:50:12 [http-nio-8080-exec-5] DEBUG c.i.backend.service.AuthService - User details fetched successfully for username: ahmed
2026-08-02 22:50:12 [http-nio-8080-exec-5] DEBUG c.i.backend.service.AuthService - Generating JWT token for login - username: ahmed
2026-08-02 22:50:12 [http-nio-8080-exec-5] DEBUG c.i.backend.security.JwtService - Generating JWT token for username: ahmed
2026-08-02 22:50:12 [http-nio-8080-exec-5] DEBUG c.i.backend.security.JwtService - Retrieving signing key for JWT
2026-08-02 22:50:12 [http-nio-8080-exec-5] DEBUG c.i.backend.security.JwtService - Signing key retrieved successfully
2026-08-02 22:50:12 [http-nio-8080-exec-5] INFO  c.i.backend.security.JwtService - JWT token generated successfully for username: ahmed - Expiration: Mon Aug 03 22:50:12 EEST 2026
2026-08-02 22:50:12 [http-nio-8080-exec-5] DEBUG c.i.backend.security.JwtService - JWT token length: 152 characters
2026-08-02 22:50:12 [http-nio-8080-exec-5] DEBUG c.i.backend.service.AuthService - JWT token generated successfully for login - username: ahmed
2026-08-02 22:50:12 [http-nio-8080-exec-5] INFO  c.i.backend.service.AuthService - Login completed successfully for username: ahmed
2026-08-02 22:50:12 [http-nio-8080-exec-5] INFO  c.i.b.controller.AuthController - Login successful for username: ahmed - Duration: 151ms
2026-08-02 22:50:12 [http-nio-8080-exec-2] DEBUG c.i.b.s.JwtAuthenticationFilter - Processing request - Method: GET, Path: /api/tasks
2026-08-02 22:50:12 [http-nio-8080-exec-2] DEBUG c.i.b.s.JwtAuthenticationFilter - JWT token extracted from Authorization header for request: GET /api/tasks
2026-08-02 22:50:12 [http-nio-8080-exec-2] DEBUG c.i.backend.security.JwtService - Extracting username from JWT token
2026-08-02 22:50:12 [http-nio-8080-exec-2] DEBUG c.i.backend.security.JwtService - Extracting claim from JWT token
2026-08-02 22:50:12 [http-nio-8080-exec-2] DEBUG c.i.backend.security.JwtService - Retrieving signing key for JWT
2026-08-02 22:50:12 [http-nio-8080-exec-2] DEBUG c.i.backend.security.JwtService - Signing key retrieved successfully
2026-08-02 22:50:12 [http-nio-8080-exec-2] DEBUG c.i.backend.security.JwtService - Claims extracted successfully from JWT token
2026-08-02 22:50:12 [http-nio-8080-exec-2] DEBUG c.i.backend.security.JwtService - Username extracted successfully from JWT: ahmed
2026-08-02 22:50:12 [http-nio-8080-exec-2] DEBUG c.i.b.s.JwtAuthenticationFilter - Username extracted from JWT: ahmed
2026-08-02 22:50:12 [http-nio-8080-exec-2] DEBUG c.i.b.s.JwtAuthenticationFilter - Attempting to authenticate user: ahmed for request: GET /api/tasks
2026-08-02 22:50:12 [http-nio-8080-exec-2] DEBUG c.i.b.s.JwtAuthenticationFilter - User details found for username: ahmed
2026-08-02 22:50:12 [http-nio-8080-exec-2] DEBUG c.i.backend.security.JwtService - Validating JWT token for username: ahmed
2026-08-02 22:50:12 [http-nio-8080-exec-2] DEBUG c.i.backend.security.JwtService - Extracting username from JWT token
2026-08-02 22:50:12 [http-nio-8080-exec-2] DEBUG c.i.backend.security.JwtService - Extracting claim from JWT token
2026-08-02 22:50:12 [http-nio-8080-exec-2] DEBUG c.i.backend.security.JwtService - Retrieving signing key for JWT
2026-08-02 22:50:12 [http-nio-8080-exec-2] DEBUG c.i.backend.security.JwtService - Signing key retrieved successfully
2026-08-02 22:50:12 [http-nio-8080-exec-2] DEBUG c.i.backend.security.JwtService - Claims extracted successfully from JWT token
2026-08-02 22:50:12 [http-nio-8080-exec-2] DEBUG c.i.backend.security.JwtService - Username extracted successfully from JWT: ahmed
2026-08-02 22:50:12 [http-nio-8080-exec-2] DEBUG c.i.backend.security.JwtService - Checking if JWT token is expired
2026-08-02 22:50:12 [http-nio-8080-exec-2] DEBUG c.i.backend.security.JwtService - Extracting expiration date from JWT token
2026-08-02 22:50:12 [http-nio-8080-exec-2] DEBUG c.i.backend.security.JwtService - Extracting claim from JWT token
2026-08-02 22:50:12 [http-nio-8080-exec-2] DEBUG c.i.backend.security.JwtService - Retrieving signing key for JWT
2026-08-02 22:50:12 [http-nio-8080-exec-2] DEBUG c.i.backend.security.JwtService - Signing key retrieved successfully
2026-08-02 22:50:12 [http-nio-8080-exec-2] DEBUG c.i.backend.security.JwtService - Claims extracted successfully from JWT token
2026-08-02 22:50:12 [http-nio-8080-exec-2] DEBUG c.i.backend.security.JwtService - Expiration date extracted: Mon Aug 03 22:50:12 EEST 2026
2026-08-02 22:50:12 [http-nio-8080-exec-2] DEBUG c.i.backend.security.JwtService - Token expiration check - Expiration Date: Mon Aug 03 22:50:12 EEST 2026, Current Date: Sun Aug 02 22:50:12 EEST 2026, Is Expired: false
2026-08-02 22:50:12 [http-nio-8080-exec-2] DEBUG c.i.backend.security.JwtService - Token validation details - Username: ahmed, Username Match: true, Is Expired: false
2026-08-02 22:50:12 [http-nio-8080-exec-2] DEBUG c.i.backend.security.JwtService - JWT token validation successful for username: ahmed
2026-08-02 22:50:12 [http-nio-8080-exec-2] DEBUG c.i.b.s.JwtAuthenticationFilter - JWT token validation successful for user: ahmed
2026-08-02 22:50:12 [http-nio-8080-exec-2] INFO  c.i.b.s.JwtAuthenticationFilter - User authenticated successfully - Username: ahmed, Request: GET /api/tasks
2026-08-02 22:50:12 [http-nio-8080-exec-2] INFO  c.i.b.controller.TaskController - Fetching tasks for user: ahmed - Status filter: null, Priority filter: null
2026-08-02 22:50:12 [http-nio-8080-exec-2] DEBUG c.i.backend.service.TaskService - Fetching tasks for user: ahmed - Status filter: null, Priority filter: null
2026-08-02 22:50:12 [http-nio-8080-exec-2] DEBUG c.i.backend.service.TaskService - Querying all tasks for user: ahmed
2026-08-02 22:50:12 [http-nio-8080-exec-2] INFO  c.i.backend.service.TaskService - Retrieved 1 tasks for user: ahmed
2026-08-02 22:50:12 [http-nio-8080-exec-2] DEBUG c.i.backend.service.TaskService - Converted 1 tasks to response DTOs for user: ahmed
2026-08-02 22:50:12 [http-nio-8080-exec-2] INFO  c.i.b.controller.TaskController - Tasks fetched successfully for user: ahmed - Count: 1 - Duration: 7ms
2026-08-02 22:50:23 [http-nio-8080-exec-7] DEBUG c.i.b.s.JwtAuthenticationFilter - Processing request - Method: GET, Path: /api/tasks/1
2026-08-02 22:50:23 [http-nio-8080-exec-7] DEBUG c.i.b.s.JwtAuthenticationFilter - JWT token extracted from Authorization header for request: GET /api/tasks/1
2026-08-02 22:50:23 [http-nio-8080-exec-7] DEBUG c.i.backend.security.JwtService - Extracting username from JWT token
2026-08-02 22:50:23 [http-nio-8080-exec-7] DEBUG c.i.backend.security.JwtService - Extracting claim from JWT token
2026-08-02 22:50:23 [http-nio-8080-exec-7] DEBUG c.i.backend.security.JwtService - Retrieving signing key for JWT
2026-08-02 22:50:23 [http-nio-8080-exec-7] DEBUG c.i.backend.security.JwtService - Signing key retrieved successfully
2026-08-02 22:50:23 [http-nio-8080-exec-7] DEBUG c.i.backend.security.JwtService - Claims extracted successfully from JWT token
2026-08-02 22:50:23 [http-nio-8080-exec-7] DEBUG c.i.backend.security.JwtService - Username extracted successfully from JWT: ahmed
2026-08-02 22:50:23 [http-nio-8080-exec-7] DEBUG c.i.b.s.JwtAuthenticationFilter - Username extracted from JWT: ahmed
2026-08-02 22:50:23 [http-nio-8080-exec-7] DEBUG c.i.b.s.JwtAuthenticationFilter - Attempting to authenticate user: ahmed for request: GET /api/tasks/1
2026-08-02 22:50:23 [http-nio-8080-exec-7] DEBUG c.i.b.s.JwtAuthenticationFilter - User details found for username: ahmed
2026-08-02 22:50:23 [http-nio-8080-exec-7] DEBUG c.i.backend.security.JwtService - Validating JWT token for username: ahmed
2026-08-02 22:50:23 [http-nio-8080-exec-7] DEBUG c.i.backend.security.JwtService - Extracting username from JWT token
2026-08-02 22:50:23 [http-nio-8080-exec-7] DEBUG c.i.backend.security.JwtService - Extracting claim from JWT token
2026-08-02 22:50:23 [http-nio-8080-exec-7] DEBUG c.i.backend.security.JwtService - Retrieving signing key for JWT
2026-08-02 22:50:23 [http-nio-8080-exec-7] DEBUG c.i.backend.security.JwtService - Signing key retrieved successfully
2026-08-02 22:50:23 [http-nio-8080-exec-7] DEBUG c.i.backend.security.JwtService - Claims extracted successfully from JWT token
2026-08-02 22:50:23 [http-nio-8080-exec-7] DEBUG c.i.backend.security.JwtService - Username extracted successfully from JWT: ahmed
2026-08-02 22:50:23 [http-nio-8080-exec-7] DEBUG c.i.backend.security.JwtService - Checking if JWT token is expired
2026-08-02 22:50:23 [http-nio-8080-exec-7] DEBUG c.i.backend.security.JwtService - Extracting expiration date from JWT token
2026-08-02 22:50:23 [http-nio-8080-exec-7] DEBUG c.i.backend.security.JwtService - Extracting claim from JWT token
2026-08-02 22:50:23 [http-nio-8080-exec-7] DEBUG c.i.backend.security.JwtService - Retrieving signing key for JWT
2026-08-02 22:50:23 [http-nio-8080-exec-7] DEBUG c.i.backend.security.JwtService - Signing key retrieved successfully
2026-08-02 22:50:23 [http-nio-8080-exec-7] DEBUG c.i.backend.security.JwtService - Claims extracted successfully from JWT token
2026-08-02 22:50:23 [http-nio-8080-exec-7] DEBUG c.i.backend.security.JwtService - Expiration date extracted: Mon Aug 03 22:50:12 EEST 2026
2026-08-02 22:50:23 [http-nio-8080-exec-7] DEBUG c.i.backend.security.JwtService - Token expiration check - Expiration Date: Mon Aug 03 22:50:12 EEST 2026, Current Date: Sun Aug 02 22:50:23 EEST 2026, Is Expired: false
2026-08-02 22:50:23 [http-nio-8080-exec-7] DEBUG c.i.backend.security.JwtService - Token validation details - Username: ahmed, Username Match: true, Is Expired: false
2026-08-02 22:50:23 [http-nio-8080-exec-7] DEBUG c.i.backend.security.JwtService - JWT token validation successful for username: ahmed
2026-08-02 22:50:23 [http-nio-8080-exec-7] DEBUG c.i.b.s.JwtAuthenticationFilter - JWT token validation successful for user: ahmed
2026-08-02 22:50:23 [http-nio-8080-exec-7] INFO  c.i.b.s.JwtAuthenticationFilter - User authenticated successfully - Username: ahmed, Request: GET /api/tasks/1
2026-08-02 22:50:23 [http-nio-8080-exec-7] INFO  c.i.b.controller.TaskController - Fetching task ID: 1 for user: ahmed
2026-08-02 22:50:23 [http-nio-8080-exec-7] DEBUG c.i.backend.service.TaskService - Fetching task ID: 1 for user: ahmed
2026-08-02 22:50:23 [http-nio-8080-exec-7] DEBUG c.i.backend.service.TaskService - Validating task access - Task ID: 1, User: ahmed
2026-08-02 22:50:23 [http-nio-8080-exec-7] INFO  c.i.backend.service.TaskService - Task ID: 1 retrieved successfully for user: ahmed
2026-08-02 22:50:23 [http-nio-8080-exec-7] INFO  c.i.b.controller.TaskController - Task ID: 1 fetched successfully for user: ahmed - Duration: 5ms
2026-08-02 22:50:27 [http-nio-8080-exec-8] DEBUG c.i.b.s.JwtAuthenticationFilter - Processing request - Method: PUT, Path: /api/tasks/1
2026-08-02 22:50:27 [http-nio-8080-exec-8] DEBUG c.i.b.s.JwtAuthenticationFilter - JWT token extracted from Authorization header for request: PUT /api/tasks/1
2026-08-02 22:50:27 [http-nio-8080-exec-8] DEBUG c.i.backend.security.JwtService - Extracting username from JWT token
2026-08-02 22:50:27 [http-nio-8080-exec-8] DEBUG c.i.backend.security.JwtService - Extracting claim from JWT token
2026-08-02 22:50:27 [http-nio-8080-exec-8] DEBUG c.i.backend.security.JwtService - Retrieving signing key for JWT
2026-08-02 22:50:27 [http-nio-8080-exec-8] DEBUG c.i.backend.security.JwtService - Signing key retrieved successfully
2026-08-02 22:50:27 [http-nio-8080-exec-8] DEBUG c.i.backend.security.JwtService - Claims extracted successfully from JWT token
2026-08-02 22:50:27 [http-nio-8080-exec-8] DEBUG c.i.backend.security.JwtService - Username extracted successfully from JWT: ahmed
2026-08-02 22:50:28 [http-nio-8080-exec-8] DEBUG c.i.b.s.JwtAuthenticationFilter - Username extracted from JWT: ahmed
2026-08-02 22:50:28 [http-nio-8080-exec-8] DEBUG c.i.b.s.JwtAuthenticationFilter - Attempting to authenticate user: ahmed for request: PUT /api/tasks/1
2026-08-02 22:50:28 [http-nio-8080-exec-8] DEBUG c.i.b.s.JwtAuthenticationFilter - User details found for username: ahmed
2026-08-02 22:50:28 [http-nio-8080-exec-8] DEBUG c.i.backend.security.JwtService - Validating JWT token for username: ahmed
2026-08-02 22:50:28 [http-nio-8080-exec-8] DEBUG c.i.backend.security.JwtService - Extracting username from JWT token
2026-08-02 22:50:28 [http-nio-8080-exec-8] DEBUG c.i.backend.security.JwtService - Extracting claim from JWT token
2026-08-02 22:50:28 [http-nio-8080-exec-8] DEBUG c.i.backend.security.JwtService - Retrieving signing key for JWT
2026-08-02 22:50:28 [http-nio-8080-exec-8] DEBUG c.i.backend.security.JwtService - Signing key retrieved successfully
2026-08-02 22:50:28 [http-nio-8080-exec-8] DEBUG c.i.backend.security.JwtService - Claims extracted successfully from JWT token
2026-08-02 22:50:28 [http-nio-8080-exec-8] DEBUG c.i.backend.security.JwtService - Username extracted successfully from JWT: ahmed
2026-08-02 22:50:28 [http-nio-8080-exec-8] DEBUG c.i.backend.security.JwtService - Checking if JWT token is expired
2026-08-02 22:50:28 [http-nio-8080-exec-8] DEBUG c.i.backend.security.JwtService - Extracting expiration date from JWT token
2026-08-02 22:50:28 [http-nio-8080-exec-8] DEBUG c.i.backend.security.JwtService - Extracting claim from JWT token
2026-08-02 22:50:28 [http-nio-8080-exec-8] DEBUG c.i.backend.security.JwtService - Retrieving signing key for JWT
2026-08-02 22:50:28 [http-nio-8080-exec-8] DEBUG c.i.backend.security.JwtService - Signing key retrieved successfully
2026-08-02 22:50:28 [http-nio-8080-exec-8] DEBUG c.i.backend.security.JwtService - Claims extracted successfully from JWT token
2026-08-02 22:50:28 [http-nio-8080-exec-8] DEBUG c.i.backend.security.JwtService - Expiration date extracted: Mon Aug 03 22:50:12 EEST 2026
2026-08-02 22:50:28 [http-nio-8080-exec-8] DEBUG c.i.backend.security.JwtService - Token expiration check - Expiration Date: Mon Aug 03 22:50:12 EEST 2026, Current Date: Sun Aug 02 22:50:28 EEST 2026, Is Expired: false
2026-08-02 22:50:28 [http-nio-8080-exec-8] DEBUG c.i.backend.security.JwtService - Token validation details - Username: ahmed, Username Match: true, Is Expired: false
2026-08-02 22:50:28 [http-nio-8080-exec-8] DEBUG c.i.backend.security.JwtService - JWT token validation successful for username: ahmed
2026-08-02 22:50:28 [http-nio-8080-exec-8] DEBUG c.i.b.s.JwtAuthenticationFilter - JWT token validation successful for user: ahmed
2026-08-02 22:50:28 [http-nio-8080-exec-8] INFO  c.i.b.s.JwtAuthenticationFilter - User authenticated successfully - Username: ahmed, Request: PUT /api/tasks/1
2026-08-02 22:50:28 [http-nio-8080-exec-8] WARN  o.s.w.s.m.s.DefaultHandlerExceptionResolver - Resolved [org.springframework.web.bind.MethodArgumentNotValidException: Validation failed for argument [1] in public com.internship.backend.dto.TaskResponseDTO com.internship.backend.controller.TaskController.updateTask(java.lang.Long,com.internship.backend.dto.TaskRequestDTO,com.internship.backend.entity.User): [Field error in object 'taskRequestDTO' on field 'title': rejected value []; codes [NotBlank.taskRequestDTO.title,NotBlank.title,NotBlank.java.lang.String,NotBlank]; arguments [org.springframework.context.support.DefaultMessageSourceResolvable: codes [taskRequestDTO.title,title]; arguments []; default message [title]]; default message [Title is mandatory]] ]
2026-08-02 22:50:40 [SpringApplicationShutdownHook] INFO  o.s.boot.tomcat.GracefulShutdown - Commencing graceful shutdown. Waiting for active requests to complete
2026-08-02 22:50:40 [tomcat-shutdown] INFO  o.s.boot.tomcat.GracefulShutdown - Graceful shutdown complete
2026-08-02 22:50:40 [SpringApplicationShutdownHook] INFO  o.s.o.j.LocalContainerEntityManagerFactoryBean - Closing JPA EntityManagerFactory for persistence unit 'default'
2026-08-02 22:50:40 [SpringApplicationShutdownHook] INFO  com.zaxxer.hikari.HikariDataSource - HikariPool-1 - Shutdown initiated...
2026-08-02 22:50:40 [SpringApplicationShutdownHook] INFO  com.zaxxer.hikari.HikariDataSource - HikariPool-1 - Shutdown completed.
